mfcc_1,mfcc_2,mfcc_3,mfcc_4,mfcc_5,mfcc_6,mfcc_7,mfcc_8,mfcc_9,mfcc_10,mfcc_11,mfcc_12,mfcc_13,mfcc_14,mfcc_15,mfcc_16,mfcc_17,mfcc_18,mfcc_19,mfcc_20,spec_bw,spec_centroid,chroma_1,chroma_2,chroma_3,chroma_4,chroma_5,chroma_6,chroma_7,chroma_8,chroma_9,chroma_10,chroma_11,chroma_12,zcr,rms,label
-170.84922790527344,67.51546478271484,2.143460512161255,-29.8344783782959,3.955271005630493,3.7245562076568604,-1.5617398023605347,-9.252157211303711,-3.8747406005859375,-15.983741760253906,10.166573524475098,7.453039646148682,32.86194610595703,18.43703842163086,6.396841526031494,5.7753682136535645,7.3869476318359375,-10.040555953979492,8.539066314697266,-6.625992774963379,7581.402172727633,7318.0048147380085,0.004392419476062059,0.01834951341152191,0.3469723165035248,1.0,0.22839199006557465,0.023579712957143784,0.017822841182351112,0.021496279165148735,0.046910252422094345,0.021311704069375992,0.019853001460433006,0.007825270295143127,0.21133528897200773,0.09320418536663055,0.0
-171.67919921875,67.03126525878906,2.6801140308380127,-29.669803619384766,4.0096893310546875,3.44382643699646,-2.8989815711975098,-9.130389213562012,-4.741889953613281,-17.51535415649414,8.821922302246094,7.141443252563477,33.164791107177734,19.05063247680664,7.41525936126709,6.379936218261719,7.412177085876465,-10.5162353515625,8.049386024475098,-8.27314567565918,7586.1190483772725,7361.931134499869,0.003082094481214881,0.016081351786851883,0.34062737226486206,1.0,0.23006337881088257,0.020342379808425903,0.01427437737584114,0.0170942060649395,0.03903980180621147,0.017088664695620537,0.01440839096903801,0.005859643220901489,0.18767909930019305,0.09641323238611221,0.0
-174.39971923828125,63.633113861083984,-0.7786139249801636,-32.81800842285156,0.08632895350456238,0.2659403085708618,-4.666451930999756,-10.289360046386719,-5.9706339836120605,-18.840858459472656,6.740978240966797,6.585927963256836,33.158260345458984,18.695444107055664,6.504655838012695,5.851166725158691,7.470205307006836,-9.850481986999512,8.651862144470215,-8.257808685302734,7575.991801707311,7429.843786237087,0.0021620532497763634,0.015645092353224754,0.3424963653087616,1.0,0.22773697972297668,0.02097199484705925,0.013671113178133965,0.015145626850426197,0.033364322036504745,0.013858657330274582,0.012033747509121895,0.004173473455011845,0.18342219172297297,0.09589998424053192,0.0
-176.7152099609375,63.904659271240234,-1.9214608669281006,-30.356395721435547,-1.9254487752914429,-0.30904263257980347,-5.178133487701416,-7.861199855804443,-4.202585220336914,-16.004501342773438,9.46461009979248,8.847821235656738,29.10651397705078,14.263179779052734,3.129790782928467,3.408230781555176,6.40455961227417,-5.9070963859558105,9.197704315185547,-7.267787456512451,7363.631076345514,7225.764645620251,0.0031441603787243366,0.019036414101719856,0.3342735469341278,1.0,0.23605011403560638,0.025408878922462463,0.02249489165842533,0.02428896352648735,0.07579035311937332,0.02914319932460785,0.029465584084391594,0.0075847008265554905,0.19231117277992277,0.07792595773935318,0.0
-175.81533813476562,64.51302337646484,-2.5590646266937256,-29.876914978027344,-1.2797030210494995,-0.13092337548732758,-4.323441982269287,-7.153538703918457,-3.818570137023926,-15.063569068908691,10.67691421508789,9.159734725952148,28.980205535888672,13.421601295471191,1.8855910301208496,3.900341510772705,6.774142742156982,-5.879907608032227,9.649930953979492,-7.353008270263672,7352.88904771167,7219.106976151989,0.003645174438133836,0.021139588207006454,0.32756471633911133,1.0,0.24486128985881805,0.027401195839047432,0.02516212686896324,0.028683511540293694,0.08597581833600998,0.032657403498888016,0.0355207659304142,0.009101788513362408,0.20451254826254825,0.07584249973297119,0.0
-176.4331817626953,64.40038299560547,-2.370237112045288,-30.365570068359375,-1.45237398147583,-0.09153170138597488,-4.682977676391602,-7.036785125732422,-3.2581334114074707,-14.041929244995117,12.377520561218262,9.427318572998047,27.869199752807617,11.029783248901367,-0.44497084617614746,4.394320964813232,8.476457595825195,-4.971291542053223,9.11051082611084,-7.8131608963012695,7372.397114436334,7319.0536748119175,0.004418631549924612,0.02534932643175125,0.31908684968948364,1.0,0.25747644901275635,0.031150218099355698,0.0282589178532362,0.03928946331143379,0.13222022354602814,0.04552731290459633,0.04649347811937332,0.011554154567420483,0.22817439370173745,0.07219407707452774,0.0
-175.49098205566406,65.32457733154297,-1.6705715656280518,-29.876258850097656,-0.9295448660850525,0.7976111173629761,-3.876950263977051,-6.133134841918945,-2.815080404281616,-14.714333534240723,12.04917049407959,9.95617389678955,28.144441604614258,11.529875755310059,0.4277605414390564,4.226619243621826,7.312546730041504,-5.061293125152588,9.992450714111328,-7.906637191772461,7360.4367888986135,7259.417155201055,0.0043746489100158215,0.023707889020442963,0.3191676437854767,1.0,0.2569482624530792,0.03167338669300079,0.02722032740712166,0.038329508155584335,0.12892605364322662,0.04425147548317909,0.043883271515369415,0.011157670058310032,0.22075591216216217,0.07335886359214783,0.0
-175.3289031982422,66.46598815917969,-0.06210774928331375,-29.219871520996094,-0.3890138268470764,1.7251077890396118,-3.0638983249664307,-5.569713592529297,-1.6885420083999634,-13.912186622619629,12.043496131896973,10.976078987121582,29.77694320678711,13.18570613861084,2.0410103797912598,4.467267990112305,7.50414514541626,-4.527688980102539,10.55594539642334,-6.792192459106445,7364.12515385407,7098.06820522086,0.005951505154371262,0.024952294304966927,0.3252047300338745,1.0,0.25354257225990295,0.03429487347602844,0.02996405027806759,0.03855997323989868,0.12102600187063217,0.041980382055044174,0.04081714525818825,0.011678860522806644,0.21195742338320464,0.07866652309894562,0.0
-174.43380737304688,63.32004165649414,-1.2257598638534546,-33.38309860229492,0.11463597416877747,0.6778459548950195,-5.120397567749023,-10.694915771484375,-6.71978235244751,-19.175922393798828,7.208382606506348,7.34796667098999,33.51890563964844,18.238033294677734,6.254904747009277,6.100820541381836,7.641834735870361,-9.556861877441406,8.459646224975586,-8.610671997070312,7564.74581949348,7402.8855133459765,0.002132834866642952,0.015382331795990467,0.34600698947906494,1.0,0.22397813200950623,0.02000775747001171,0.014415563084185123,0.016490932554006577,0.03813976049423218,0.015288212336599827,0.011973913758993149,0.0041104210540652275,0.18221751327220076,0.0968114510178566,0.0
-174.08079528808594,63.73606491088867,-1.3611525297164917,-33.29993438720703,0.24586831033229828,0.8887770175933838,-4.12145471572876,-9.99289608001709,-6.7076826095581055,-19.1298828125,7.067332744598389,7.039568901062012,33.683570861816406,18.528522491455078,5.911935806274414,5.7179059982299805,7.889122009277344,-9.372428894042969,8.858838081359863,-8.62559986114502,7558.418266200654,7387.341265957232,0.0021204277873039246,0.016094714403152466,0.3492622375488281,1.0,0.22388896346092224,0.021399760618805885,0.014982325956225395,0.017291121184825897,0.04086733236908913,0.016088182106614113,0.013238086365163326,0.004341420251876116,0.18682319317084942,0.09565664082765579,0.0
-174.4262237548828,63.57578659057617,-1.689570665359497,-33.69691848754883,0.42647093534469604,1.0450549125671387,-5.303950309753418,-10.464122772216797,-7.520866394042969,-20.644174575805664,7.506415367126465,8.129690170288086,33.80604553222656,18.458656311035156,6.814347743988037,6.486311912536621,7.558290004730225,-9.467906951904297,8.47329330444336,-9.45079231262207,7549.403556657615,7326.794568320134,0.0018984887283295393,0.01405063085258007,0.3319346606731415,1.0,0.2325151413679123,0.019834570586681366,0.013058202341198921,0.01474149152636528,0.03554637357592583,0.014774315059185028,0.011607775464653969,0.0041425833478569984,0.17194852497586874,0.09963485598564148,0.0
-174.88648986816406,63.49900436401367,-1.8718880414962769,-33.705177307128906,0.7505189776420593,0.9430092573165894,-5.6267547607421875,-10.494227409362793,-8.164688110351562,-21.356245040893555,8.04464340209961,8.593321800231934,33.7915153503418,18.746051788330078,7.797759532928467,7.439337730407715,7.446985721588135,-9.735843658447266,8.4091796875,-9.825939178466797,7543.610863731284,7283.184658274661,0.0016863093478605151,0.012035886757075787,0.3077111840248108,1.0,0.24810679256916046,0.019343938678503036,0.012208757922053337,0.012441043742001057,0.030522044748067856,0.014073691330850124,0.011368135921657085,0.0043744235299527645,0.16055780948359075,0.10258179903030396,0.0
-174.9918212890625,62.93788146972656,-2.3281025886535645,-32.58087921142578,0.8431685566902161,0.5041657090187073,-5.609620094299316,-11.015501022338867,-8.814921379089355,-22.226913452148438,8.491049766540527,10.183314323425293,34.32613754272461,19.087337493896484,8.991829872131348,7.608835697174072,6.6932783126831055,-9.34963607788086,9.14560604095459,-10.456771850585938,7526.680091046193,7214.376226877728,0.0015161334304139018,0.01036649476736784,0.2891595959663391,1.0,0.2610526382923126,0.018840264528989792,0.01151905208826065,0.01061956025660038,0.028374657034873962,0.01343334186822176,0.009580643847584724,0.003948897123336792,0.15112398950289574,0.10700540989637375,0.0
-175.03614807128906,63.291046142578125,-1.5342051982879639,-32.879356384277344,0.5758318305015564,0.6403027176856995,-5.486081123352051,-10.716063499450684,-8.216242790222168,-21.34328269958496,8.555160522460938,10.02914047241211,34.26411819458008,18.609024047851562,7.8461198806762695,7.153622150421143,7.369304656982422,-8.926377296447754,8.469005584716797,-10.09825611114502,7533.854269520611,7255.103496029818,0.0016154504846781492,0.011137047782540321,0.29430434107780457,1.0,0.2584400773048401,0.01903698220849037,0.012146777473390102,0.011951636523008347,0.03311379626393318,0.015542733483016491,0.01109216921031475,0.004347245674580336,0.16045600567084942,0.1037527471780777,0.0
-174.13670349121094,63.87035369873047,-1.958426833152771,-33.39653015136719,1.017994999885559,0.9778419733047485,-5.219264030456543,-10.168004035949707,-7.079728126525879,-19.967912673950195,7.776851177215576,8.264214515686035,33.35139465332031,17.5838565826416,6.293458461761475,6.855492115020752,7.880238056182861,-9.847015380859375,8.087964057922363,-9.04843807220459,7540.10365211298,7326.645060190228,0.0020010245498269796,0.0156494602560997,0.3473067879676819,1.0,0.22444932162761688,0.019801035523414612,0.01332114264369011,0.01565297320485115,0.04433155059814453,0.01755032315850258,0.014220408163964748,0.00484149856492877,0.181968659507722,0.09706447273492813,0.0
-173.7769317626953,64.09199523925781,-2.135113477706909,-33.83164596557617,0.6971485018730164,1.3029989004135132,-4.661851406097412,-10.249300956726074,-7.47554874420166,-19.956201553344727,7.887761116027832,8.12427043914795,33.276702880859375,17.462038040161133,5.542172431945801,6.688660144805908,8.703484535217285,-9.753739356994629,7.871200084686279,-9.22160816192627,7531.162886576174,7304.8728087931595,0.0020690609235316515,0.015604567714035511,0.3437953293323517,1.0,0.2267271876335144,0.020716216415166855,0.014114619232714176,0.016519349068403244,0.05569306015968323,0.02121325209736824,0.014294366352260113,0.004810241516679525,0.18542433337355213,0.09677113592624664,0.0
-173.71238708496094,63.88590621948242,-2.242751121520996,-33.445499420166016,0.6242544054985046,1.0494247674942017,-4.909007549285889,-10.242982864379883,-7.237884044647217,-20.152193069458008,7.3994903564453125,8.180212020874023,33.729949951171875,18.146371841430664,6.158810138702393,6.411153316497803,8.17556381225586,-9.911088943481445,7.795748710632324,-8.66948127746582,7521.287125289639,7283.38503127888,0.0019991325680166483,0.015719333663582802,0.35002556443214417,1.0,0.22366809844970703,0.02128855511546135,0.013483766466379166,0.01590588502585888,0.052531689405441284,0.01918880268931389,0.01313021406531334,0.004493027459830046,0.17837159145752896,0.09779351949691772,0.0
-173.1803741455078,64.45933532714844,-0.35898658633232117,-32.635677337646484,1.490502119064331,1.278028130531311,-4.209816932678223,-10.464693069458008,-6.007421970367432,-18.124862670898438,8.28673267364502,6.684828758239746,32.643890380859375,18.309783935546875,6.236899375915527,5.486539363861084,7.110174179077148,-10.143654823303223,8.442790031433105,-7.9516072273254395,7584.268059895789,7431.157102949094,0.0023989607580006123,0.015850139781832695,0.3406566083431244,1.0,0.2295137494802475,0.020945297554135323,0.014765966683626175,0.01699375919997692,0.04084540531039238,0.01640959270298481,0.013902292586863041,0.00494966609403491,0.19308978342181468,0.09479840099811554,0.0
-174.51185607910156,63.86702346801758,-1.9907690286636353,-33.945220947265625,0.5584067702293396,1.3342673778533936,-5.420597076416016,-10.316973686218262,-7.187375068664551,-20.40976905822754,7.6291375160217285,8.393744468688965,33.861961364746094,17.91497039794922,6.039319038391113,6.506124496459961,8.117891311645508,-9.710037231445312,7.83085298538208,-8.99453067779541,7518.060896421008,7266.313847771536,0.0018905088072642684,0.015068145468831062,0.3412878215312958,1.0,0.2289852499961853,0.02140466682612896,0.012992732226848602,0.016063185408711433,0.05499180406332016,0.020206041634082794,0.01268786657601595,0.004379656165838242,0.18064520994208494,0.09794407337903976,0.0
-175.11268615722656,63.451026916503906,-0.9732790589332581,-32.773136138916016,-0.0846608430147171,0.5810088515281677,-5.374275207519531,-10.155305862426758,-7.18324613571167,-20.295955657958984,7.171774864196777,7.999083995819092,34.093345642089844,18.301815032958984,6.548235893249512,6.370676517486572,7.852736473083496,-9.207029342651367,7.769766807556152,-9.693039894104004,7521.056891957044,7285.583459983301,0.0018696634797379375,0.014885657466948032,0.3369327485561371,1.0,0.2311561405658722,0.019738897681236267,0.012166948989033699,0.014768802560865879,0.04481269791722298,0.017433596774935722,0.011697945185005665,0.0042134979739785194,0.17419386462355213,0.09837694466114044,0.0
-175.42576599121094,63.10076141357422,-1.3122791051864624,-32.364715576171875,0.45619314908981323,0.0372362919151783,-5.960708141326904,-10.001287460327148,-6.77849006652832,-19.94378089904785,7.427800178527832,7.79441499710083,33.2618408203125,18.19761085510254,7.276375770568848,6.937685489654541,7.724071979522705,-9.46584701538086,8.147831916809082,-9.643065452575684,7525.031217674494,7309.434382743731,0.00191477220505476,0.015183264389634132,0.34468984603881836,1.0,0.22569748759269714,0.018996788188815117,0.011418750509619713,0.014169270172715187,0.04101240634918213,0.01629132404923439,0.012056238017976284,0.0042389873415231705,0.17365468146718147,0.09781082719564438,0.0
-175.10549926757812,63.48137283325195,-0.9837080836296082,-31.92169761657715,0.7903368473052979,-0.40104568004608154,-6.578962802886963,-9.103100776672363,-6.581177234649658,-20.72993278503418,7.956335544586182,8.348984718322754,33.18404769897461,18.367053985595703,7.721587657928467,6.9554524421691895,6.971451759338379,-9.550262451171875,8.499886512756348,-10.012225151062012,7518.693708123174,7285.399878775329,0.0018235937459394336,0.014103627763688564,0.3338165283203125,1.0,0.23171284794807434,0.01829651929438114,0.011014705523848534,0.012958398088812828,0.034937553107738495,0.014958662912249565,0.012104833498597145,0.004226732533425093,0.167644486003861,0.09934166818857193,0.0
-175.6448516845703,63.13282775878906,-1.0649704933166504,-32.44815444946289,0.5319510698318481,0.005848873406648636,-6.410346031188965,-9.751954078674316,-7.071356773376465,-20.762495040893555,7.942314147949219,8.349960327148438,33.3870964050293,18.43319320678711,7.23532247543335,6.6615495681762695,7.509210586547852,-9.064723014831543,8.231513023376465,-10.258999824523926,7522.949794749295,7301.012833733527,0.0018505468033254147,0.014590995386242867,0.34015247225761414,1.0,0.22724279761314392,0.018198370933532715,0.012070865370333195,0.014424283057451248,0.03915354982018471,0.01578776352107525,0.011983614414930344,0.004080201033502817,0.17012548262548263,0.09882917255163193,0.0
-174.7959747314453,63.93499755859375,-0.8025456070899963,-33.014041900634766,-0.239981546998024,0.7556267976760864,-4.590851783752441,-9.95583724975586,-6.7171759605407715,-19.265308380126953,7.274908065795898,7.638602256774902,33.949119567871094,18.845033645629883,5.915708065032959,5.030471324920654,7.9513959884643555,-8.360150337219238,8.078958511352539,-9.440958023071289,7529.146292831988,7319.9367169892075,0.002091520233079791,0.016102220863103867,0.3510300815105438,1.0,0.2237003594636917,0.021020445972681046,0.01439996249973774,0.01728692650794983,0.044383034110069275,0.01685781590640545,0.013322709128260612,0.004386409651488066,0.18148603402509653,0.09542235732078552,0.0
-175.00613403320312,63.3908805847168,-1.22234308719635,-33.23842239379883,-0.717544674873352,0.6127446293830872,-4.452553749084473,-10.143317222595215,-6.682304382324219,-19.14105987548828,6.7812018394470215,7.34942626953125,33.61299514770508,18.280214309692383,5.377157211303711,4.98942756652832,8.458696365356445,-8.466800689697266,7.9937286376953125,-8.932765007019043,7530.705033261508,7350.00132481166,0.002016473561525345,0.015760885551571846,0.34373611211776733,1.0,0.2274523228406906,0.021384991705417633,0.015490682795643806,0.01740017719566822,0.03966049477458,0.01611545868217945,0.014110414311289787,0.004512501880526543,0.18565244932432431,0.09404362738132477,0.0
-173.96217346191406,64.14080810546875,-1.8892580270767212,-33.7702522277832,-0.5156030654907227,1.4498610496520996,-3.5325846672058105,-9.846468925476074,-7.049778461456299,-19.60050392150879,7.145381927490234,8.205517768859863,34.112953186035156,17.803525924682617,5.471510887145996,5.204484462738037,7.935017108917236,-8.542872428894043,8.454474449157715,-8.826190948486328,7512.883215778987,7289.728347996683,0.0021422524005174637,0.01599886454641819,0.34277796745300293,1.0,0.2296026647090912,0.02369035966694355,0.0165904238820076,0.01840434968471527,0.04666547477245331,0.018328167498111725,0.015085793100297451,0.004875234328210354,0.18943615769787644,0.09414482861757278,0.0
-174.26475524902344,64.34370422363281,-1.9432435035705566,-34.28506851196289,0.010487552732229233,1.401595115661621,-4.595840930938721,-9.915005683898926,-7.949280738830566,-20.896419525146484,7.7683868408203125,8.867380142211914,34.32177734375,18.53940200805664,6.079929351806641,6.144651889801025,7.723868370056152,-9.016520500183105,8.611994743347168,-9.423044204711914,7497.830052948807,7214.347799784522,0.0018886654870584607,0.015242124907672405,0.34718209505081177,1.0,0.22515445947647095,0.02286040224134922,0.015014461241662502,0.0158219076693058,0.04074619710445404,0.016525456681847572,0.013944686390459538,0.004500143229961395,0.17349820523648649,0.09829583764076233,0.0
-174.79444885253906,63.60377883911133,-2.5929508209228516,-34.05181121826172,0.8592150807380676,1.6011757850646973,-5.80681037902832,-10.361919403076172,-8.254157066345215,-21.926986694335938,8.433140754699707,9.766222953796387,34.19560623168945,19.19452476501465,7.7013654708862305,6.821591377258301,6.919605731964111,-9.215569496154785,8.347497940063477,-9.924644470214844,7482.493296898496,7158.8120823464715,0.0016820693854242563,0.011905829422175884,0.31185615062713623,1.0,0.24511787295341492,0.021465225145220757,0.012602747417986393,0.011892425827682018,0.03241381421685219,0.01496572233736515,0.011322961188852787,0.004199081566184759,0.1560275398166023,0.10293909162282944,0.0
-174.24517822265625,63.87370300292969,-0.6966549158096313,-33.061771392822266,0.5587724447250366,0.8778367042541504,-4.269865036010742,-11.023537635803223,-5.774102210998535,-18.101457595825195,7.743246078491211,6.131025314331055,32.603271484375,17.812362670898438,5.405795574188232,4.814635276794434,7.026866912841797,-10.100595474243164,8.503649711608887,-7.181517601013184,7593.573636794395,7500.699272611793,0.0024804985150694847,0.01668824441730976,0.3498421609401703,1.0,0.22477279603481293,0.022141320630908012,0.015506429597735405,0.018556544557213783,0.04665824770927429,0.01774151809513569,0.015202231705188751,0.004884680733084679,0.20619985219594594,0.09139340370893478,0.0
-174.93496704101562,63.6189079284668,-2.0707509517669678,-33.505760192871094,0.6543075442314148,1.1690971851348877,-6.2458953857421875,-10.284719467163086,-7.739223957061768,-21.24371910095215,7.952052116394043,8.94617748260498,34.49126052856445,19.63021469116211,8.295973777770996,6.882867336273193,6.289400577545166,-9.909074783325195,8.984864234924316,-9.127296447753906,7485.963176614463,7181.603639380967,0.001757970079779625,0.012469395995140076,0.31905606389045715,1.0,0.24062936007976532,0.022214375436306,0.012386854737997055,0.011413094587624073,0.02757158689200878,0.013022815808653831,0.010857353918254375,0.004045918118208647,0.15646114864864866,0.10209349542856216,0.0
-175.35028076171875,63.6168327331543,-1.2818894386291504,-33.4510612487793,-0.3288225531578064,0.5045977830886841,-5.95490026473999,-9.831772804260254,-6.60729455947876,-20.127479553222656,7.053345680236816,7.933367729187012,33.939334869384766,18.894716262817383,7.180473327636719,6.07822322845459,6.670401573181152,-9.529317855834961,9.21194839477539,-8.730944633483887,7498.062307813689,7249.816516880563,0.0019367070635780692,0.014478961937129498,0.3368630111217499,1.0,0.2316153198480606,0.02258642204105854,0.012707062065601349,0.013572145253419876,0.03408771753311157,0.01451108418405056,0.011404478922486305,0.003994527272880077,0.17009720378861004,0.09759694337844849,0.0
-175.2728271484375,63.61098861694336,-1.0373402833938599,-32.14837646484375,-0.137601837515831,-0.11328444629907608,-5.689370155334473,-9.459129333496094,-5.5560503005981445,-19.7141170501709,6.201756477355957,7.5905609130859375,34.4926872253418,18.77174186706543,6.927512168884277,6.056100845336914,6.317503452301025,-9.356636047363281,9.564875602722168,-8.623034477233887,7509.8259301290445,7287.1756530988605,0.0020341321360319853,0.015202496200799942,0.33737409114837646,1.0,0.2325456589460373,0.023700371384620667,0.0135922497138381,0.014236083254218102,0.034422483295202255,0.014534558169543743,0.011576743796467781,0.003933031111955643,0.175617232746139,0.0956772193312645,0.0
-175.32614135742188,63.62419128417969,-0.8640503883361816,-32.31685256958008,-0.14875032007694244,-0.11653527617454529,-5.555900573730469,-9.047374725341797,-5.451063632965088,-19.29513168334961,6.590731620788574,7.55223274230957,33.99562454223633,18.28361701965332,6.725215435028076,5.520878314971924,6.0892653465271,-9.243768692016602,9.651612281799316,-8.460915565490723,7511.227991538054,7312.686552019182,0.0021424407605081797,0.016563763841986656,0.3538801968097687,1.0,0.22288650274276733,0.02288256213068962,0.013873557560145855,0.01586691103875637,0.04010551795363426,0.01615002192556858,0.012902896851301193,0.003962140064686537,0.18420080236486486,0.093594990670681,0.0
-174.68905639648438,63.8231315612793,-1.3137675523757935,-32.30370330810547,0.36705201864242554,-0.0174642875790596,-5.407840728759766,-9.01577377319336,-5.534675598144531,-18.61086654663086,7.358536243438721,7.756119728088379,33.112972259521484,17.36870002746582,6.142214298248291,5.923524379730225,6.377960681915283,-9.750920295715332,9.387164115905762,-8.388195037841797,7496.821220220309,7308.5461628162475,0.002268970711156726,0.016341833397746086,0.34403181076049805,1.0,0.2283572256565094,0.022393854334950447,0.014229820109903812,0.016778355464339256,0.04611940309405327,0.018447449430823326,0.01564236916601658,0.0046928562223911285,0.18957189611486486,0.09209094196557999,0.0
-174.4074249267578,63.861690521240234,-2.122201681137085,-33.011871337890625,0.06125751510262489,0.7044243216514587,-4.862514972686768,-10.07218074798584,-6.247400760650635,-18.544654846191406,7.948034763336182,8.302027702331543,32.359825134277344,16.194244384765625,6.063146591186523,6.624166488647461,7.2418670654296875,-9.596142768859863,8.620140075683594,-8.551485061645508,7488.369818534912,7283.296789646316,0.0023070727474987507,0.01671755127608776,0.34925246238708496,1.0,0.22488796710968018,0.021494964137673378,0.014441435225307941,0.01836233027279377,0.05645383149385452,0.022141672670841217,0.01794147863984108,0.00528534222394228,0.19224141831563707,0.09163735061883926,0.0
-174.20457458496094,64.15653228759766,-2.446241855621338,-33.52075958251953,0.29516518115997314,1.1391068696975708,-5.52266788482666,-10.765183448791504,-7.062636375427246,-18.907691955566406,8.45804214477539,8.657343864440918,32.90849685668945,16.325777053833008,5.847451686859131,7.409731388092041,7.765864849090576,-10.229357719421387,7.835390090942383,-8.708113670349121,7466.266253127131,7200.703509130966,0.0020720837637782097,0.015343929640948772,0.34095656871795654,1.0,0.22805364429950714,0.02031446248292923,0.013482571579515934,0.01635093241930008,0.05015909671783447,0.02037462592124939,0.016527468338608742,0.005425621755421162,0.17787765444015444,0.09497935324907303,0.0
-174.63253784179688,64.24028778076172,-1.9805766344070435,-33.39009475708008,0.5066674947738647,1.2494707107543945,-5.8527302742004395,-10.871882438659668,-6.960607528686523,-18.69733428955078,8.601381301879883,8.444818496704102,32.76371765136719,16.937519073486328,6.548452854156494,7.485345840454102,7.697109699249268,-10.034762382507324,7.881387710571289,-8.866291999816895,7474.001664241793,7211.464229932263,0.002041175263002515,0.01561610959470272,0.3437187671661377,1.0,0.22574347257614136,0.019495749846100807,0.013444814831018448,0.015444604679942131,0.04164452105760574,0.017705131322145462,0.016508031636476517,0.005524280481040478,0.172687545246139,0.09508277475833893,0.0
-174.44635009765625,63.86260223388672,-2.686068058013916,-33.418739318847656,0.19948218762874603,1.1914026737213135,-5.522270202636719,-11.07645320892334,-7.620869159698486,-18.855480194091797,8.836273193359375,8.131400108337402,32.494380950927734,16.73561668395996,6.4187517166137695,7.655937194824219,7.837130069732666,-10.344011306762695,7.791662216186523,-8.569807052612305,7460.3594872242875,7194.921933297964,0.002167457016184926,0.01621757447719574,0.35131123661994934,1.0,0.22199229896068573,0.019058294594287872,0.013017479330301285,0.016563164070248604,0.05295204743742943,0.020516106858849525,0.015833914279937744,0.0051700095646083355,0.17818683638996138,0.09483640640974045,0.0
-174.31451416015625,63.9364128112793,-2.8485004901885986,-33.64413070678711,0.21469955146312714,1.2177881002426147,-4.8531646728515625,-10.836358070373535,-8.13547420501709,-18.420495986938477,9.427438735961914,8.072550773620605,32.37754821777344,16.79245948791504,5.5480265617370605,7.37048864364624,8.220858573913574,-10.072208404541016,7.946807384490967,-8.62244987487793,7458.237262309639,7198.717060679378,0.0022696799132972956,0.01655135676264763,0.351344496011734,1.0,0.22242704033851624,0.01971045881509781,0.01367221400141716,0.01863117516040802,0.06277668476104736,0.022866424173116684,0.016455739736557007,0.005231767427176237,0.1833675193050193,0.09354683756828308,0.0
-174.4751739501953,63.28398132324219,-0.6226940751075745,-32.68982696533203,0.3333027958869934,-0.006304214242845774,-4.721251010894775,-10.677996635437012,-6.151432991027832,-18.391801834106445,7.121311664581299,6.011544227600098,32.92148208618164,18.497982025146484,5.989133358001709,4.921309471130371,7.230813980102539,-9.998250007629395,8.393548965454102,-8.04487133026123,7591.20835557963,7487.1975650620925,0.0022793198004364967,0.016186658293008804,0.3495020866394043,1.0,0.22337554395198822,0.0204679723829031,0.014129884541034698,0.0161625687032938,0.040587592869997025,0.015425101853907108,0.012484032660722733,0.004150782711803913,0.19078034507722008,0.09417851269245148,0.0
-173.94046020507812,64.88800048828125,-2.2738382816314697,-33.866416931152344,0.011343230493366718,1.600274682044983,-3.887627363204956,-10.44271469116211,-7.721177101135254,-17.457151412963867,9.54002571105957,8.160110473632812,32.10836410522461,16.19286346435547,4.937155723571777,6.054162502288818,7.615207195281982,-9.219624519348145,8.365995407104492,-8.887758255004883,7455.885719988265,7197.509820451352,0.002431145403534174,0.017333026975393295,0.3550809323787689,1.0,0.22141045331954956,0.020780295133590698,0.015522781759500504,0.02290397696197033,0.0799308568239212,0.026266518980264664,0.018282463774085045,0.0054430183954536915,0.19284658542471042,0.09138897061347961,0.0
-174.01547241210938,64.86859893798828,-2.8452160358428955,-34.56642532348633,0.04793502762913704,2.072288990020752,-4.046021461486816,-10.817668914794922,-7.885688304901123,-17.5932674407959,10.35041618347168,8.690150260925293,31.204923629760742,15.393184661865234,4.309191703796387,5.563844203948975,7.9644317626953125,-8.853438377380371,8.408289909362793,-8.688661575317383,7449.367702539008,7202.472889694464,0.002551137702539563,0.01744554564356804,0.34939825534820557,1.0,0.2242625504732132,0.02108377031981945,0.016872799023985863,0.02698112279176712,0.09894836694002151,0.031803328543901443,0.020384682342410088,0.006082029547542334,0.2038809875723938,0.08952271193265915,0.0
-174.16494750976562,64.85685729980469,-2.735658645629883,-34.18538284301758,-0.09920389950275421,1.7573366165161133,-3.5674052238464355,-10.08163833618164,-7.444394588470459,-17.767343521118164,10.362945556640625,8.751264572143555,31.16892433166504,15.629573822021484,3.948082447052002,4.835516929626465,7.231671333312988,-8.681056022644043,9.273477554321289,-8.358057022094727,7449.903488816701,7225.742353106009,0.0026971895713359118,0.01749993860721588,0.34673255681991577,1.0,0.22729559242725372,0.0230221189558506,0.018034856766462326,0.02851913310587406,0.10654952377080917,0.033856987953186035,0.022169508039951324,0.006413223221898079,0.21069053149131275,0.08783816546201706,0.0
-175.21658325195312,64.5102767944336,-2.2606725692749023,-33.21926498413086,0.022202223539352417,0.6906853914260864,-4.199197769165039,-9.76997184753418,-6.408429145812988,-16.172334671020508,10.938653945922852,8.057748794555664,29.8254337310791,14.90929889678955,4.245689392089844,4.763112545013428,6.500231742858887,-8.218137741088867,9.558067321777344,-7.42064094543457,7468.725111427826,7317.69257597238,0.002950147492811084,0.01834271103143692,0.3453483283519745,1.0,0.22718201577663422,0.023393141105771065,0.018474742770195007,0.02684670500457287,0.08549250662326813,0.029499921947717667,0.025987131521105766,0.007480718661099672,0.2203185328185328,0.08391886204481125,0.0
-174.85177612304688,64.22370147705078,-2.653183698654175,-33.019676208496094,-0.6637746691703796,0.40535032749176025,-3.8467931747436523,-9.194552421569824,-6.002509117126465,-16.47837257385254,10.597466468811035,8.059852600097656,30.047937393188477,14.835933685302734,3.947087049484253,4.110886096954346,5.7731428146362305,-8.314445495605469,10.277836799621582,-6.239943027496338,7461.5398081416915,7339.402435150812,0.0030701979994773865,0.017927899956703186,0.33481475710868835,1.0,0.2366066575050354,0.026414545252919197,0.019124718382954597,0.025684593245387077,0.07863598316907883,0.028731945902109146,0.027713771909475327,0.007937395013868809,0.22505429536679536,0.08227762579917908,0.0
-174.6854248046875,64.19066619873047,-2.3399336338043213,-32.18974685668945,0.2479613870382309,0.4251854121685028,-4.4884724617004395,-9.69665813446045,-5.608043193817139,-15.793787002563477,10.404984474182129,7.3552703857421875,29.99005699157715,15.78061294555664,4.48103141784668,4.395242214202881,6.28877067565918,-8.493063926696777,9.726966857910156,-7.039306640625,7465.992567931949,7342.0624892239075,0.0029595287051051855,0.017629649490118027,0.33920732140541077,1.0,0.23125337064266205,0.023646607995033264,0.018486957997083664,0.023310920223593712,0.06352901458740234,0.025033192709088326,0.024998914450407028,0.007470409851521254,0.2180694226592664,0.08367179334163666,0.0
-175.12911987304688,63.79620361328125,-2.205338954925537,-31.97127914428711,-0.022994067519903183,-0.11951245367527008,-5.102359294891357,-9.67825698852539,-5.304783821105957,-16.668283462524414,9.209600448608398,7.536191463470459,30.857921600341797,16.42551040649414,5.25792121887207,4.479678630828857,6.074766635894775,-8.920912742614746,9.873055458068848,-6.892914772033691,7469.833221438005,7335.652289271629,0.0027692103758454323,0.01746828854084015,0.34210824966430664,1.0,0.2302885353565216,0.023010896518826485,0.017127059400081635,0.02066187374293804,0.05408606305718422,0.022418325766921043,0.022806042805314064,0.006776485592126846,0.21052651423745175,0.08522634208202362,0.0
-175.35775756835938,63.6910285949707,-2.1002843379974365,-31.961318969726562,0.18495537340641022,-0.0303131602704525,-5.569738388061523,-9.806673049926758,-5.162806510925293,-17.262670516967773,8.129907608032227,7.394642353057861,31.474666595458984,16.979873657226562,5.390076160430908,4.4769673347473145,6.17611837387085,-8.680383682250977,9.634584426879883,-7.431793212890625,7464.254735383447,7306.927166927784,0.002624807646498084,0.017308508977293968,0.34484344720840454,1.0,0.2283536195755005,0.022728614509105682,0.016810614615678787,0.018692664802074432,0.05117849260568619,0.021000929176807404,0.019865604117512703,0.00598751800134778,0.20080425012065636,0.08671656996011734,0.0
-175.1886749267578,63.80563735961914,-1.6723202466964722,-31.536624908447266,0.03765002638101578,-0.14006228744983673,-5.541106700897217,-9.351134300231934,-4.988944053649902,-17.047346115112305,7.638272285461426,7.0680108070373535,32.06378173828125,17.443784713745117,5.503080368041992,4.899295330047607,6.540773868560791,-8.449836730957031,9.310004234313965,-7.873233318328857,7450.596914154195,7270.538243009317,0.0024920988362282515,0.01721147447824478,0.3439490497112274,1.0,0.22898660600185394,0.02268417738378048,0.01599782519042492,0.017579905688762665,0.04635750874876976,0.01955859735608101,0.01809234358370304,0.005283357575535774,0.19317273467664092,0.08782471716403961,0.0
-175.50808715820312,63.577205657958984,-2.024979829788208,-31.805540084838867,0.17033451795578003,-0.06336338818073273,-5.847161293029785,-9.160608291625977,-5.010314464569092,-18.14741325378418,7.248626708984375,7.643712997436523,32.40674591064453,17.59384536743164,6.115936279296875,5.20610237121582,6.413777828216553,-8.46476936340332,9.168391227722168,-8.262247085571289,7447.144911515064,7245.75147044407,0.0023947919253259897,0.017308197915554047,0.3539563715457916,1.0,0.22247184813022614,0.021916208788752556,0.015587184578180313,0.016629282385110855,0.04313274100422859,0.01842806115746498,0.016622915863990784,0.004811534658074379,0.18645179777992277,0.08923638612031937,0.0
-175.0149688720703,63.11664581298828,-0.3161669969558716,-33.04829788208008,0.17891491949558258,0.4092112183570862,-4.752262115478516,-10.512727737426758,-6.349191188812256,-18.785268783569336,6.9101362228393555,6.2755303382873535,33.47356033325195,18.83099365234375,5.995863914489746,5.1139984130859375,7.464362144470215,-9.86723804473877,8.472101211547852,-8.495445251464844,7590.470298178956,7475.876331069509,0.002188945421949029,0.015898730605840683,0.3443143367767334,1.0,0.2267286330461502,0.020341770723462105,0.014239784330129623,0.0163099505007267,0.038247689604759216,0.015188712626695633,0.012404298409819603,0.004162253811955452,0.18980001206563707,0.09480129182338715,0.0
-175.43531799316406,63.72746658325195,-1.7874600887298584,-31.72824478149414,-0.19357120990753174,-0.3980427086353302,-5.5898871421813965,-9.359332084655762,-5.273868083953857,-17.671255111694336,7.232429027557373,7.39260721206665,32.44456481933594,17.722068786621094,5.8397536277771,5.0004777908325195,6.875452995300293,-7.865334510803223,9.24998664855957,-8.153783798217773,7447.300614053864,7244.691053364744,0.002422111574560404,0.01756163313984871,0.3513684868812561,1.0,0.22417543828487396,0.02217777445912361,0.016614839434623718,0.017491554841399193,0.04432009160518646,0.018814288079738617,0.017519114539027214,0.004966560285538435,0.18879140021718147,0.08872801065444946,0.0
-176.1330108642578,63.6089973449707,-1.3138370513916016,-31.660253524780273,0.16208262741565704,0.10760901868343353,-5.920077323913574,-9.296867370605469,-5.253729820251465,-17.63716697692871,7.158946514129639,6.990630626678467,32.29998016357422,17.647506713867188,6.445407867431641,5.80108118057251,6.660743713378906,-8.545080184936523,9.089821815490723,-8.285679817199707,7444.567251109737,7238.026774392282,0.002338955644518137,0.016848905012011528,0.348040372133255,1.0,0.2257758527994156,0.021817531436681747,0.015130436979234219,0.015326284803450108,0.039082955569028854,0.017455143854022026,0.017065903171896935,0.005014860071241856,0.18341842121138996,0.08951649814844131,0.0
-176.69784545898438,63.3819694519043,-0.9206687808036804,-31.31587028503418,-0.09234483540058136,-0.5252692699432373,-6.479249000549316,-9.14384937286377,-5.0726847648620605,-17.76448631286621,6.9775590896606445,6.946310520172119,32.55394744873047,18.155126571655273,6.172474384307861,5.6304030418396,6.6901679039001465,-8.909903526306152,8.833841323852539,-8.219277381896973,7442.146484450599,7238.73086621776,0.002282841131091118,0.017020298168063164,0.35245999693870544,1.0,0.22284060716629028,0.020935993641614914,0.014440949074923992,0.014358296059072018,0.03533520922064781,0.01606365293264389,0.01587621308863163,0.004773199092596769,0.1767295336631274,0.0899444967508316,0.0
-176.85400390625,63.4775276184082,-1.071884274482727,-31.560632705688477,-0.376960426568985,-0.7982041835784912,-6.491462707519531,-8.790987968444824,-4.952655792236328,-18.25556755065918,6.4281697273254395,6.714375019073486,32.7673454284668,18.429885864257812,6.181045055389404,5.256032943725586,6.49094295501709,-8.378419876098633,9.324190139770508,-8.163076400756836,7440.129059010692,7228.503618270836,0.0022332151420414448,0.017067598178982735,0.354013592004776,1.0,0.2221158891916275,0.02148761786520481,0.014707302674651146,0.014507684856653214,0.034085605293512344,0.015581523068249226,0.01503230631351471,0.004366785287857056,0.17638453185328185,0.09005069732666016,0.0
-177.0286407470703,63.45461654663086,-0.283642441034317,-30.77013397216797,-0.17772512137889862,-0.8873380422592163,-6.655717849731445,-8.230939865112305,-4.179298400878906,-17.995637893676758,6.396958827972412,7.152632713317871,33.18440628051758,18.61980628967285,6.155831336975098,5.115835666656494,6.646663665771484,-8.13026237487793,9.118621826171875,-8.348527908325195,7442.4730541364515,7242.772618060049,0.0022693793289363384,0.016926322132349014,0.3513853847980499,1.0,0.22315028309822083,0.020955335348844528,0.015085087157785892,0.014687902294099331,0.034977495670318604,0.01560301799327135,0.015084384940564632,0.004354727454483509,0.17591887367277992,0.08955376595258713,0.0
-176.9192352294922,63.63525390625,-0.5480195879936218,-31.38786506652832,-0.057944152504205704,-0.6865521669387817,-6.623581409454346,-7.821950912475586,-5.0250630378723145,-19.045822143554688,6.218592643737793,7.131896495819092,33.67627716064453,19.47167205810547,6.073855876922607,4.907571792602539,6.866180896759033,-8.322367668151855,9.196440696716309,-8.55214786529541,7431.958291692003,7189.762738838122,0.002184211043640971,0.016391608864068985,0.34539562463760376,1.0,0.22718222439289093,0.02137153223156929,0.015111471526324749,0.014097001403570175,0.03279874101281166,0.014667307958006859,0.013574067503213882,0.004065248649567366,0.1692394124034749,0.09158123284578323,0.0
-176.326171875,63.475975036621094,-1.5712987184524536,-31.300077438354492,0.013027198612689972,-0.7454476356506348,-6.472172737121582,-8.36206340789795,-5.700140476226807,-20.039793014526367,6.197564601898193,8.001578330993652,34.80318832397461,19.585620880126953,6.473943710327148,5.723673343658447,6.807973384857178,-8.169458389282227,9.252883911132812,-8.752406120300293,7414.394616286607,7115.691630764529,0.0018918552668765187,0.014678848907351494,0.3365674316883087,1.0,0.23053604364395142,0.020828792825341225,0.014509275555610657,0.013242960907518864,0.03111228719353676,0.014174171723425388,0.011263135820627213,0.003553445218130946,0.1563499185569498,0.09548458456993103,0.0
-175.7439422607422,63.225990295410156,-2.303328275680542,-31.591215133666992,-0.35117343068122864,-0.7139842510223389,-6.6613450050354,-8.239470481872559,-5.866912364959717,-20.39511489868164,6.120792865753174,8.68553352355957,34.64371109008789,19.6271915435791,7.12551212310791,6.106036186218262,5.9350972175598145,-8.123295783996582,10.057379722595215,-9.149151802062988,7380.110991858048,7058.46974574441,0.0018267688574269414,0.014216773211956024,0.33156564831733704,1.0,0.23430843651294708,0.02206888422369957,0.014449024572968483,0.012789130210876465,0.030096279457211494,0.01410707551985979,0.011373348534107208,0.0035430968273431063,0.1495139810569498,0.09625796228647232,0.0
-174.84432983398438,63.90226745605469,-2.7958991527557373,-31.59235954284668,0.03714582696557045,-0.35400626063346863,-6.406030178070068,-8.451837539672852,-5.4912543296813965,-20.04726791381836,6.22917366027832,8.754549980163574,33.73564910888672,18.285043716430664,6.620745658874512,6.509430885314941,6.7781147956848145,-8.536364555358887,9.074437141418457,-8.826034545898438,7376.774599344462,7062.246510709934,0.0019756141118705273,0.015192397870123386,0.33845025300979614,1.0,0.2310197353363037,0.02312985248863697,0.015375721268355846,0.01332385465502739,0.03377467393875122,0.01574903540313244,0.013912423513829708,0.004176235292106867,0.15893460424710426,0.09386564791202545,0.0
-174.8115234375,64.42045593261719,-2.4048609733581543,-32.05437088012695,0.04514731839299202,0.07692047208547592,-6.531630516052246,-8.845124244689941,-5.358899116516113,-18.986574172973633,6.832446098327637,8.290658950805664,33.33108901977539,18.410457611083984,6.633029937744141,6.778260707855225,6.835022926330566,-8.890495300292969,8.810522079467773,-8.314952850341797,7383.1931600523585,7071.257372219613,0.0021849439945071936,0.016766643151640892,0.3551119267940521,1.0,0.22127780318260193,0.022738710045814514,0.01531409751623869,0.013694334775209427,0.032969776540994644,0.015408984385430813,0.014691886492073536,0.004481460899114609,0.15959632902992277,0.0931980237364769,0.0
-174.81536865234375,63.520450592041016,-0.09339576214551926,-33.145835876464844,0.15739360451698303,0.6907446384429932,-4.587510585784912,-10.53724479675293,-6.088539123535156,-18.46465301513672,6.747445583343506,6.272153854370117,33.308502197265625,18.902841567993164,6.222111225128174,5.099071979522705,7.276332855224609,-10.136106491088867,8.461861610412598,-8.18496322631836,7591.228298857876,7477.252178013188,0.0022608062718063593,0.015735646709799767,0.3440465033054352,1.0,0.22693772614002228,0.02155248075723648,0.01433052308857441,0.015312460251152515,0.03458297997713089,0.014352189376950264,0.012798160314559937,0.0044235303066670895,0.19006017736486486,0.09470277279615402,0.0
-175.64016723632812,64.34992218017578,-2.1143224239349365,-32.24736022949219,0.1582210212945938,0.9276774525642395,-6.369871139526367,-9.053398132324219,-5.584321022033691,-18.21263885498047,7.6569719314575195,8.321038246154785,31.93272590637207,17.241748809814453,6.142061710357666,6.162106513977051,6.929967880249023,-8.69121265411377,8.328180313110352,-8.317543983459473,7384.966104660883,7104.357517195361,0.002368402201682329,0.017159175127744675,0.35485973954200745,1.0,0.22102515399456024,0.021159550175070763,0.015586917288601398,0.016250772401690483,0.04368966072797775,0.018489917740225792,0.016708945855498314,0.005007675848901272,0.16648882420366795,0.08985614776611328,0.0
-175.44586181640625,64.65935516357422,-2.433445692062378,-32.60606384277344,-0.48131659626960754,1.4264272451400757,-5.106306552886963,-9.694587707519531,-5.666012287139893,-16.843505859375,8.789008140563965,8.1187744140625,30.696552276611328,16.56417465209961,5.209721088409424,5.051777362823486,6.791691303253174,-8.159053802490234,8.976780891418457,-7.168139934539795,7391.400299682983,7150.782189152636,0.0027031509671360254,0.017437070608139038,0.3438870906829834,1.0,0.2285209447145462,0.022927170619368553,0.017855342477560043,0.020318884402513504,0.06179899349808693,0.023990385234355927,0.02022867277264595,0.005888208746910095,0.18865566180019305,0.08569332957267761,0.0
-175.94166564941406,64.45511627197266,-1.459822654724121,-32.42226791381836,-1.8993260860443115,1.2864580154418945,-4.206274509429932,-9.17672348022461,-5.0149641036987305,-15.455711364746094,10.016931533813477,8.674254417419434,29.88180160522461,14.630972862243652,3.2540600299835205,3.847048282623291,6.61188268661499,-6.958481311798096,9.093201637268066,-6.695086479187012,7409.644777699763,7269.533771585376,0.0031846272759139538,0.018788354471325874,0.33962178230285645,1.0,0.232798233628273,0.02513880841434002,0.020694000646471977,0.028058838099241257,0.09164765477180481,0.029859038069844246,0.027019090950489044,0.007458996027708054,0.21271718146718147,0.08046668022871017,0.0
-176.18182373046875,64.57154083251953,-1.6136976480484009,-32.046688079833984,-2.4686567783355713,0.673757791519165,-3.536576986312866,-8.423444747924805,-4.321080684661865,-15.199654579162598,10.862768173217773,8.985127449035645,29.181140899658203,13.335123062133789,1.8415840864181519,3.502561569213867,6.277842044830322,-6.386096954345703,10.117837905883789,-6.759091854095459,7411.901231499549,7312.532308398886,0.0035762577317655087,0.020283984020352364,0.32466065883636475,1.0,0.24671748280525208,0.027714040130376816,0.0237782783806324,0.035211559385061264,0.11610107123851776,0.03553514927625656,0.032878801226615906,0.009136675857007504,0.2291358741554054,0.07744062691926956,0.0
-175.15338134765625,64.23963165283203,-2.614220380783081,-31.51310920715332,-1.9828472137451172,-0.14655324816703796,-3.2051756381988525,-7.070354461669922,-3.7831978797912598,-15.426895141601562,11.570366859436035,9.501885414123535,28.973146438598633,12.247281074523926,0.4943358600139618,3.7793750762939453,6.106906414031982,-5.92999267578125,11.522619247436523,-6.671876907348633,7407.97570992215,7356.7719731756015,0.003965866286307573,0.022697800770401955,0.3213116228580475,1.0,0.25375816226005554,0.032671768218278885,0.026577526703476906,0.040311265736818314,0.12802790105342865,0.0404830127954483,0.042035382241010666,0.01091710664331913,0.25039590371621623,0.07541365176439285,0.0
-175.1026153564453,64.09657287597656,-3.604679584503174,-31.4515438079834,-1.8547170162200928,-0.6707000732421875,-3.210235357284546,-5.858981609344482,-3.3330235481262207,-15.750564575195312,11.594544410705566,9.73326587677002,28.419729232788086,12.222387313842773,0.536819577217102,3.307598829269409,5.794189453125,-5.9442219734191895,11.490623474121094,-6.012955665588379,7391.2536756312375,7347.250183414241,0.004169396590441465,0.02331138215959072,0.3129613697528839,1.0,0.2712799608707428,0.03885306045413017,0.02595166489481926,0.03678787127137184,0.12491120398044586,0.043736182153224945,0.04591529816389084,0.011850724928081036,0.2485672055984556,0.07371465116739273,0.0
-175.23846435546875,63.73096466064453,-3.1809141635894775,-30.206289291381836,-1.3881746530532837,-1.2798343896865845,-3.8052477836608887,-5.570028781890869,-2.7188122272491455,-14.726818084716797,12.313871383666992,9.607687950134277,27.082759857177734,10.907879829406738,0.8422534465789795,4.096310615539551,6.257131576538086,-5.7961554527282715,10.941427230834961,-6.621932506561279,7398.003484350567,7420.254839996065,0.0045798965729773045,0.026028454303741455,0.31035277247428894,1.0,0.2734503448009491,0.038411665707826614,0.026575835421681404,0.034182365983724594,0.1044270470738411,0.04571899399161339,0.052688855677843094,0.013298476114869118,0.25616478643822393,0.07168713212013245,0.0
-175.3140411376953,63.71896743774414,-3.2755911350250244,-31.13875389099121,-2.0653727054595947,-1.625307321548462,-3.813344955444336,-4.514355182647705,-1.9807102680206299,-15.40035629272461,11.829169273376465,10.054542541503906,27.46319580078125,11.334657669067383,0.8048900961875916,2.66687273979187,5.271573066711426,-5.389608860015869,11.818107604980469,-5.674274444580078,7407.472834486932,7445.954655080163,0.0046044825576245785,0.027020227164030075,0.3035511374473572,1.0,0.2957305610179901,0.04631580784916878,0.02706536278128624,0.032274484634399414,0.08709964901208878,0.04466484487056732,0.056664589792490005,0.01399192214012146,0.26357007118725867,0.0707019492983818,0.0
-175.81190490722656,63.415916442871094,-3.4793601036071777,-30.883752822875977,-1.7082345485687256,-1.885304570198059,-4.459137916564941,-4.925455570220947,-2.512341022491455,-15.422037124633789,12.218005180358887,9.785323143005371,26.716129302978516,10.978658676147461,0.8170767426490784,3.4263010025024414,5.853750705718994,-5.304779052734375,11.703607559204102,-6.219950199127197,7405.243305259078,7451.922297480445,0.004658914636820555,0.027359846979379654,0.30514320731163025,1.0,0.28555527329444885,0.04182205721735954,0.026398293673992157,0.0328826904296875,0.08654305338859558,0.046272292733192444,0.05635109543800354,0.013771982863545418,0.2586929144546332,0.0704064816236496,0.0
-175.15174865722656,64.06048583984375,-3.061744451522827,-30.834884643554688,-1.597032904624939,-1.335602045059204,-3.8040037155151367,-4.262028694152832,-2.6294071674346924,-15.814194679260254,12.423355102539062,10.666593551635742,27.394149780273438,10.550894737243652,0.2693200409412384,3.0735459327697754,5.975905418395996,-4.796322345733643,11.45905590057373,-6.775218963623047,7394.878179563423,7414.372258506487,0.004778472241014242,0.027676699683070183,0.30334898829460144,1.0,0.29178017377853394,0.04465658217668533,0.027480769902467728,0.03819288685917854,0.11208727210760117,0.049971770495176315,0.05764738842844963,0.014038749039173126,0.25991833071911197,0.07084190100431442,0.0
-175.1264190673828,63.430259704589844,-0.39377862215042114,-33.20488739013672,0.27920663356781006,0.49249696731567383,-5.037378787994385,-10.702412605285645,-5.8976850509643555,-18.516578674316406,6.826410293579102,6.3032402992248535,32.74824142456055,18.53458595275879,6.510820388793945,5.524072647094727,7.551975727081299,-10.395723342895508,8.09485912322998,-7.975133419036865,7591.993860740188,7476.095526615896,0.0021466142497956753,0.015901638194918633,0.34496501088142395,1.0,0.22639711201190948,0.02070571295917034,0.01366293616592884,0.01500506978482008,0.03405299410223961,0.01444440521299839,0.012947098352015018,0.0044734887778759,0.19003189852799227,0.09463104605674744,0.0
-175.22463989257812,64.07117462158203,-3.4040372371673584,-31.304428100585938,-1.7200044393539429,-0.8742672801017761,-3.7906675338745117,-5.029447555541992,-2.9359755516052246,-15.705224990844727,12.463768005371094,10.710712432861328,27.47420883178711,10.454927444458008,-0.5812817811965942,3.154104471206665,7.213353633880615,-4.372918605804443,10.66390323638916,-7.557342052459717,7387.521134592274,7381.43989698713,0.004775483161211014,0.02820921689271927,0.31122517585754395,1.0,0.2804063856601715,0.041901085525751114,0.028370892629027367,0.04670054838061333,0.15611055493354797,0.05424189195036888,0.054588548839092255,0.013310196809470654,0.2596619359314672,0.07163798063993454,0.0
-174.47735595703125,63.97563552856445,-3.733534812927246,-31.200111389160156,-1.7757477760314941,-0.24198420345783234,-3.4132885932922363,-6.004941463470459,-3.392936944961548,-14.266735076904297,13.24553394317627,10.626200675964355,27.11947250366211,9.544685363769531,-1.2783493995666504,3.679633617401123,8.495942115783691,-3.880502223968506,9.822820663452148,-8.284615516662598,7373.25936080428,7352.594525438802,0.00498925382271409,0.029937878251075745,0.3082621991634369,1.0,0.27938777208328247,0.03984788432717323,0.030054733157157898,0.05591317638754845,0.21817106008529663,0.06299103051424026,0.05684768408536911,0.01429771352559328,0.25913406430984554,0.07211592048406601,0.0
-173.9219207763672,64.34225463867188,-4.4219231605529785,-31.899328231811523,-2.1905596256256104,0.5135073661804199,-2.0708811283111572,-6.347087860107422,-4.153894901275635,-14.970178604125977,13.419292449951172,11.117135047912598,27.91061019897461,9.738441467285156,-1.4839239120483398,3.6427600383758545,8.114212989807129,-4.607446670532227,10.253439903259277,-7.667694568634033,7363.108511337771,7292.925733810558,0.0047991713508963585,0.0276254303753376,0.3121180534362793,1.0,0.27791550755500793,0.04045773670077324,0.03026300109922886,0.06001048535108566,0.2367812544107437,0.06421571969985962,0.0547451451420784,0.013876686803996563,0.2581311082287645,0.0735621377825737,0.0
-174.2332763671875,63.57522964477539,-4.36872673034668,-31.037704467773438,-1.559506893157959,0.19436608254909515,-2.801124095916748,-7.44174337387085,-4.734199047088623,-14.058362007141113,13.955174446105957,10.271885871887207,26.98418617248535,9.02425765991211,-0.9180533289909363,5.141812801361084,8.095361709594727,-5.252504348754883,10.337114334106445,-7.992022514343262,7369.762798535575,7341.416632856473,0.004729963839054108,0.027765970677137375,0.31484267115592957,1.0,0.2663381099700928,0.03427916392683983,0.029645700007677078,0.05520547181367874,0.21754099428653717,0.062064047902822495,0.05723341554403305,0.014180314727127552,0.2578068442326255,0.07352232187986374,0.0
-175.1629180908203,64.00843048095703,-3.429497003555298,-31.723756790161133,-1.70797598361969,0.6711090207099915,-3.2064995765686035,-8.813272476196289,-6.336398601531982,-15.341523170471191,12.26491928100586,9.190469741821289,28.13749885559082,12.837898254394531,2.8921048641204834,4.7491583824157715,5.836724281311035,-7.37777042388916,10.307458877563477,-6.264359951019287,7378.533414790236,7254.219160020081,0.0034570267889648676,0.019658287987113,0.3296721279621124,1.0,0.24178354442119598,0.02639407478272915,0.023755507543683052,0.03373869135975838,0.10723768174648285,0.03580901771783829,0.037084538489580154,0.009918794967234135,0.22351781189671815,0.07800783962011337,0.0
-175.5709686279297,64.4932861328125,-2.745816946029663,-31.95090103149414,-1.6740336418151855,0.63765549659729,-4.038215160369873,-8.576163291931152,-5.944169998168945,-15.18616771697998,11.7125244140625,8.7482328414917,28.571035385131836,13.738564491271973,2.8858001232147217,4.43489408493042,6.3336992263793945,-6.9849443435668945,9.923600196838379,-6.811000823974609,7376.184810373445,7235.60640283709,0.0033662293571978807,0.01956215314567089,0.3349771499633789,1.0,0.23710371553897858,0.02498413249850273,0.02280597947537899,0.03183457627892494,0.09868071973323822,0.03320474922657013,0.033284880220890045,0.009033025242388248,0.21434038670366795,0.07825089991092682,0.0
-175.5532684326172,64.06742858886719,-2.951767921447754,-31.041898727416992,-1.7633872032165527,-0.3046630918979645,-4.179914474487305,-7.818557262420654,-4.32098913192749,-14.880725860595703,11.704318046569824,8.606017112731934,28.30327606201172,12.849648475646973,1.6477892398834229,4.0849714279174805,6.487893104553223,-6.22401762008667,10.014303207397461,-7.060182094573975,7391.250234512493,7313.775624941335,0.0037550372071564198,0.02131813019514084,0.32469692826271057,1.0,0.2474902868270874,0.02797657623887062,0.02465566247701645,0.03377542644739151,0.11000986397266388,0.03657155856490135,0.03844207897782326,0.010076244361698627,0.231937364261583,0.07601466774940491,0.0
-175.01242065429688,64.12529754638672,-3.1407527923583984,-30.0065975189209,-0.6769813895225525,-0.46768224239349365,-4.529256820678711,-7.457664489746094,-3.732710599899292,-14.470510482788086,10.7831449508667,8.701201438903809,29.30092430114746,13.473112106323242,1.7277189493179321,4.201416015625,6.1123046875,-6.735686302185059,10.100207328796387,-7.012861251831055,7372.617393349817,7271.057966512572,0.0036284402012825012,0.020519964396953583,0.3265681266784668,1.0,0.24546749889850616,0.02814624458551407,0.02360057644546032,0.02902824804186821,0.09157469123601913,0.0339895561337471,0.035916827619075775,0.009227462112903595,0.21829753861003862,0.0766046866774559,0.0
-176.4149627685547,64.2642593383789,-2.3376405239105225,-30.30230140686035,-0.7964845299720764,-0.3813402056694031,-4.996373176574707,-7.835910320281982,-5.509841442108154,-16.037704467773438,9.309086799621582,8.282299041748047,29.89985466003418,15.076192855834961,3.973984479904175,4.768130302429199,5.7120041847229,-7.615959644317627,10.15892505645752,-7.262989521026611,7358.411990381629,7185.311340212516,0.003061144147068262,0.018587211146950722,0.3405274748802185,1.0,0.2316572666168213,0.02453024312853813,0.01986575312912464,0.022598588839173317,0.06448951363563538,0.026249416172504425,0.026935957372188568,0.007008969783782959,0.1867873733108108,0.0799408033490181,0.0
-176.55206298828125,64.33112335205078,-2.3818094730377197,-30.549468994140625,-0.6847028732299805,-0.6882429122924805,-5.565105438232422,-7.704135894775391,-5.179642200469971,-16.529661178588867,9.677122116088867,8.453169822692871,29.55731964111328,15.329207420349121,4.075567245483398,4.5049591064453125,5.607320785522461,-7.449276447296143,10.324241638183594,-7.240925312042236,7360.391765905717,7177.069347755074,0.0029377159662544727,0.01833750680088997,0.34186387062072754,1.0,0.23021504282951355,0.02460595779120922,0.01957254856824875,0.02261384017765522,0.06356216967105865,0.02620646543800831,0.026976877823472023,0.006989602465182543,0.18452318110521235,0.08029454946517944,0.0
-175.25357055664062,63.66885757446289,-0.2929095923900604,-33.183013916015625,0.27268102765083313,0.18816670775413513,-5.377071380615234,-10.385575294494629,-5.467405319213867,-18.375097274780273,6.930188179016113,6.192238807678223,32.85942077636719,18.43036651611328,6.430933952331543,4.928319931030273,6.7129130363464355,-10.274579048156738,8.941360473632812,-7.309811592102051,7596.813335200931,7492.753839828571,0.0022994468454271555,0.016903862357139587,0.35679492354393005,1.0,0.2199029177427292,0.021289018914103508,0.014403685927391052,0.015981227159500122,0.03392677754163742,0.014099881052970886,0.013081273064017296,0.004319110419601202,0.19234133687258687,0.09335295110940933,0.0
-176.056396484375,64.68677520751953,-2.3904550075531006,-30.661846160888672,-0.3047976493835449,-0.2914397418498993,-5.701333999633789,-7.660269260406494,-4.9917192459106445,-16.697900772094727,9.227386474609375,8.428570747375488,29.719482421875,16.091087341308594,5.2524261474609375,4.972979545593262,5.126437664031982,-8.2189359664917,10.2088623046875,-7.101447582244873,7354.961885496068,7144.449062726239,0.0029280781745910645,0.018250321969389915,0.345962256193161,1.0,0.228062242269516,0.024694453924894333,0.018518708646297455,0.018919389694929123,0.04920901730656624,0.023353293538093567,0.02471153624355793,0.00669136643409729,0.1774666686776062,0.08178015053272247,0.0
-175.8214874267578,64.43502807617188,-3.2019476890563965,-31.511615753173828,-0.6101661920547485,0.31014686822891235,-6.587008476257324,-8.983150482177734,-5.1963276863098145,-17.20732307434082,8.143418312072754,8.271866798400879,30.09414291381836,16.439374923706055,5.895489692687988,5.406795978546143,4.878637790679932,-8.822484016418457,10.10706901550293,-6.134574890136719,7332.290441980067,7080.3102164995,0.0026999611873179674,0.017402520403265953,0.3433930277824402,1.0,0.23017625510692596,0.024097813293337822,0.01719643734395504,0.017914382740855217,0.045733511447906494,0.021070297807455063,0.02238367311656475,0.006573877297341824,0.16542176942567569,0.0837654322385788,0.0
-175.69537353515625,64.8259506225586,-3.085404634475708,-32.04262924194336,-0.10402370244264603,1.2953137159347534,-6.251474857330322,-9.506270408630371,-6.129086494445801,-17.306133270263672,8.338969230651855,8.517195701599121,30.871522903442383,16.643278121948242,5.1753668785095215,6.156076431274414,6.319842338562012,-9.069478988647461,8.92024040222168,-6.9940595626831055,7323.301701125588,7025.773883295007,0.0025649606250226498,0.017586322501301765,0.35582223534584045,1.0,0.22163210809230804,0.02207043394446373,0.016904689371585846,0.01966673880815506,0.05054030939936638,0.021725211292505264,0.020597288385033607,0.006022801157087088,0.1580089436534749,0.08601775020360947,0.0
-175.30685424804688,65.32791900634766,-3.192336320877075,-33.05228805541992,-0.7039960026741028,2.2264814376831055,-5.387233734130859,-9.813007354736328,-6.813854694366455,-16.87605857849121,8.90166187286377,8.583515167236328,31.599733352661133,16.90542984008789,4.415245532989502,6.088055610656738,6.884011745452881,-9.379240036010742,8.638609886169434,-6.765738010406494,7312.694387941772,6981.858239155859,0.0026976552326232195,0.017764752730727196,0.3569878339767456,1.0,0.22190243005752563,0.022546548396348953,0.01741183176636696,0.021381894126534462,0.06073593348264694,0.02263527177274227,0.02027418650686741,0.006174016743898392,0.15601622828185327,0.08645337074995041,0.0
-174.98199462890625,65.61438751220703,-3.463822841644287,-34.012420654296875,-1.0020958185195923,2.929520845413208,-4.890724182128906,-10.429422378540039,-7.759894847869873,-17.008197784423828,9.336952209472656,9.201130867004395,31.498212814331055,15.870322227478027,3.8151941299438477,6.3717942237854,7.780519485473633,-8.578137397766113,8.192075729370117,-7.556133270263672,7302.139719867502,6940.621557346882,0.0025971410796046257,0.01723974198102951,0.34696444869041443,1.0,0.2275073528289795,0.02232351340353489,0.01764923706650734,0.025179889053106308,0.08915840089321136,0.030175883322954178,0.02023496851325035,0.006108289118856192,0.1625995415057915,0.08718448877334595,0.0
-174.81500244140625,66.0980453491211,-3.521127223968506,-34.658504486083984,-1.4053430557250977,3.855187177658081,-4.012277126312256,-10.952499389648438,-8.162612915039062,-17.154930114746094,9.604079246520996,9.44271183013916,31.654884338378906,16.065967559814453,3.5059120655059814,5.746359348297119,8.0297269821167,-8.22838020324707,7.867435932159424,-7.526010036468506,7295.32293731018,6903.471856219966,0.0026997036766260862,0.017787931486964226,0.355411171913147,1.0,0.2228311449289322,0.022230392321944237,0.018006622791290283,0.02926914021372795,0.11585220694541931,0.034372445195913315,0.019696073606610298,0.006085149012506008,0.16374954753861004,0.08799313753843307,0.0
-175.12881469726562,65.52604675292969,-3.482445478439331,-33.91527557373047,-1.4675384759902954,3.063257932662964,-4.347960948944092,-10.659183502197266,-7.674994468688965,-16.843677520751953,9.756307601928711,9.25893783569336,31.04771614074707,15.3807373046875,3.1894075870513916,5.658976078033447,7.752586364746094,-8.028997421264648,8.144224166870117,-7.484393119812012,7303.807514633443,6955.192005311214,0.0027421305421739817,0.01781873218715191,0.3517618775367737,1.0,0.2243109494447708,0.022996343672275543,0.018936840817332268,0.03083372674882412,0.122698113322258,0.035198308527469635,0.021362783387303352,0.006423330865800381,0.1696277750965251,0.08604634553194046,0.0
-174.7213592529297,65.684814453125,-3.7444770336151123,-33.994789123535156,-1.8289698362350464,2.8484978675842285,-3.100599527359009,-9.851305961608887,-7.860942840576172,-16.164884567260742,11.059798240661621,9.695290565490723,30.06875228881836,14.225375175476074,2.518559455871582,4.798517227172852,6.982227325439453,-7.886322021484375,9.185492515563965,-6.298460960388184,7318.715719843565,7030.060916633135,0.0031352739315479994,0.0186306182295084,0.33765101432800293,1.0,0.23702214658260345,0.02725590020418167,0.02140890061855316,0.03495157137513161,0.13503751158714294,0.04127999022603035,0.029640255495905876,0.00844376627355814,0.19459044703185327,0.08173657953739166,0.0
-175.8867645263672,64.87944793701172,-3.050699234008789,-32.5052490234375,-2.22922420501709,1.5112595558166504,-3.5508077144622803,-8.893047332763672,-5.8591413497924805,-15.108874320983887,12.049250602722168,9.517648696899414,28.464923858642578,12.703876495361328,1.7497285604476929,4.477087497711182,6.5107011795043945,-6.939647197723389,9.720040321350098,-6.371071815490723,7351.784298488681,7181.28353476787,0.003559524193406105,0.020098857581615448,0.3269522190093994,1.0,0.24439267814159393,0.028780445456504822,0.02317454293370247,0.03512568026781082,0.12216910719871521,0.04028547182679176,0.03579886257648468,0.01014887448400259,0.21085077823359075,0.07702715694904327,0.0
-175.38169860839844,64.71800994873047,-3.0536487102508545,-32.10357666015625,-2.758024215698242,0.7916336059570312,-3.1380884647369385,-7.593732833862305,-4.631557941436768,-15.191213607788086,11.770265579223633,9.408936500549316,28.35826301574707,12.208343505859375,0.5914530158042908,3.9859228134155273,6.391549587249756,-6.288975715637207,10.536203384399414,-5.984620094299316,7368.286218530703,7274.384905806745,0.0041281781159341335,0.023056630045175552,0.3211629092693329,1.0,0.2569064199924469,0.03458641469478607,0.02632097713649273,0.03862176463007927,0.12115922570228577,0.041362110525369644,0.04384852573275566,0.011570167727768421,0.22665676278957528,0.07405402511358261,0.0
-174.99435424804688,63.597618103027344,-0.4260435402393341,-32.93833541870117,0.5435238480567932,-0.02914169430732727,-5.468963146209717,-10.048113822937012,-5.591598987579346,-18.28599739074707,6.8982696533203125,6.233336925506592,33.09476089477539,18.618619918823242,6.345905780792236,5.306460380554199,6.878126621246338,-10.123623847961426,9.061057090759277,-7.4926042556762695,7589.502471349223,7479.05519218818,0.0022047446109354496,0.016240762546658516,0.35056331753730774,1.0,0.22263143956661224,0.021108679473400116,0.014512111432850361,0.015770897269248962,0.03283895179629326,0.014039510861039162,0.013289090245962143,0.004449243191629648,0.19184362934362933,0.09391756355762482,0.0
-175.24542236328125,64.59127807617188,-3.0753254890441895,-30.866657257080078,-2.1906638145446777,-0.03330772742629051,-3.634371519088745,-7.226134777069092,-3.834991216659546,-14.771740913391113,11.489805221557617,9.846379280090332,28.57129669189453,11.519905090332031,0.42260125279426575,4.009246826171875,6.326486587524414,-5.620184898376465,10.556449890136719,-6.8134765625,7364.889120742112,7284.198658830037,0.0042226300574839115,0.023362204432487488,0.3185543715953827,1.0,0.25752609968185425,0.03351829946041107,0.027167633175849915,0.0382918044924736,0.11577054113149643,0.04096340760588646,0.04454047605395317,0.011478180065751076,0.22899825048262548,0.07330461591482162,0.0
-175.12490844726562,64.28904724121094,-3.252666711807251,-30.561851501464844,-1.7538601160049438,0.11512639373540878,-3.6320433616638184,-6.877966403961182,-4.7382965087890625,-15.675426483154297,11.894608497619629,9.916096687316895,28.269824981689453,12.25893783569336,1.831426978111267,3.9630286693573,5.444798946380615,-6.0979132652282715,10.756975173950195,-6.742542743682861,7351.565995427695,7250.792348733591,0.003873334964737296,0.021901052445173264,0.3208044171333313,1.0,0.25270670652389526,0.03147430345416069,0.02580864727497101,0.03604241833090782,0.11549881100654602,0.039485689252614975,0.04078582301735878,0.010636099614202976,0.22025820463320464,0.07468952238559723,0.0
-174.86111450195312,63.850040435791016,-3.834683418273926,-29.566144943237305,-1.8890533447265625,-1.5366029739379883,-3.6267595291137695,-6.410431385040283,-4.416439056396484,-15.517550468444824,12.048637390136719,9.798175811767578,28.301271438598633,11.631884574890137,0.26895013451576233,4.2009758949279785,6.234877586364746,-5.797200679779053,11.258563995361328,-7.209508419036865,7346.956955826104,7271.925058390365,0.004122319631278515,0.023258861154317856,0.3198997378349304,1.0,0.2539582848548889,0.032317548990249634,0.02758403867483139,0.03810271993279457,0.1258905827999115,0.04309147968888283,0.045233000069856644,0.011165134608745575,0.22696405948359075,0.07389754056930542,0.0
-175.11769104003906,63.3459587097168,-4.114648342132568,-29.546039581298828,-1.9427577257156372,-1.4054452180862427,-3.8616650104522705,-6.0016937255859375,-3.9432127475738525,-15.694745063781738,11.56395149230957,9.664039611816406,27.73691177368164,11.58072566986084,0.7536696195602417,4.113719463348389,6.281249046325684,-5.564274311065674,10.925264358520508,-7.3475213050842285,7336.639801993688,7277.248651956535,0.0041337101720273495,0.02327963337302208,0.3182436227798462,1.0,0.2574053108692169,0.032198768109083176,0.026671631261706352,0.03581481799483299,0.11785085499286652,0.042887814342975616,0.046501465141773224,0.011172989383339882,0.22310682613416988,0.07315271347761154,0.0
-175.3106231689453,63.96393966674805,-3.132805585861206,-29.019046783447266,-1.486710786819458,-1.3548027276992798,-4.145584583282471,-6.175699234008789,-3.704937219619751,-15.314630508422852,12.096357345581055,9.712024688720703,27.556852340698242,12.137557983398438,1.7284581661224365,4.096401691436768,5.770363807678223,-6.132098197937012,10.454715728759766,-6.833327770233154,7350.450037433098,7285.829958412555,0.003965758718550205,0.0221541840583086,0.31643491983413696,1.0,0.2553897500038147,0.03022240847349167,0.025881528854370117,0.030129296705126762,0.0892760157585144,0.03808097541332245,0.043956149369478226,0.01098288968205452,0.21894983711389962,0.07344581186771393,0.0
-175.74334716796875,63.89425277709961,-3.0279886722564697,-29.717153549194336,-1.8567699193954468,-0.8556641340255737,-4.31322717666626,-6.6378960609436035,-3.381399393081665,-14.93553352355957,11.83223819732666,9.279109001159668,27.5125675201416,12.122204780578613,1.4070152044296265,4.225675582885742,5.994537353515625,-5.914732933044434,10.971354484558105,-6.660403728485107,7358.98072711936,7317.724920529436,0.004159030504524708,0.02309378981590271,0.31803664565086365,1.0,0.2573670744895935,0.03212644159793854,0.02681186981499195,0.030281798914074898,0.0860218033194542,0.03846907615661621,0.046092577278614044,0.011497918516397476,0.2262061866554054,0.07249834388494492,0.0
-176.78868103027344,63.736961364746094,-2.1937849521636963,-29.783809661865234,-1.8900095224380493,-0.8230765461921692,-4.2991533279418945,-6.7853288650512695,-3.094550371170044,-14.271608352661133,11.673372268676758,9.034903526306152,27.460580825805664,11.829058647155762,0.9735654592514038,4.285791873931885,5.88899564743042,-5.996212482452393,10.979846000671387,-6.889433860778809,7385.211543145448,7375.426458794097,0.004216991830617189,0.023472966626286507,0.3144368529319763,1.0,0.25977471470832825,0.031103771179914474,0.02625596523284912,0.02912987768650055,0.08253791183233261,0.03744206577539444,0.0466388575732708,0.011667209677398205,0.2295525156853282,0.07184269279241562,0.0
-177.3118896484375,63.52840805053711,-1.6763054132461548,-29.777099609375,-2.4454164505004883,-0.5034915804862976,-4.033470630645752,-7.613663196563721,-3.1576719284057617,-13.440235137939453,11.599727630615234,8.19851016998291,27.714134216308594,11.990865707397461,0.20195133984088898,4.3918657302856445,6.692434787750244,-5.824987411499023,10.531298637390137,-6.906132221221924,7395.259062610527,7398.473234802812,0.0041182865388691425,0.023675229400396347,0.31455209851264954,1.0,0.2587409019470215,0.02950342558324337,0.026292260736227036,0.029810497537255287,0.08626993745565414,0.037971824407577515,0.04535770043730736,0.011275388300418854,0.23237474360521235,0.07176270335912704,0.0
-177.3169708251953,63.71612548828125,-1.701385736465454,-30.203977584838867,-2.4905951023101807,0.3012024164199829,-3.610814332962036,-7.423338890075684,-3.272195816040039,-14.503410339355469,11.652751922607422,9.317094802856445,27.455810546875,11.267443656921387,0.3206424415111542,4.406394958496094,7.289097309112549,-5.257045269012451,9.88647174835205,-7.773765563964844,7390.614780686474,7372.154254896811,0.004155986942350864,0.023393748328089714,0.3126729130744934,1.0,0.25999632477760315,0.029799245297908783,0.02678544446825981,0.03396020084619522,0.11043699085712433,0.04211286082863808,0.044489048421382904,0.011074118316173553,0.22916038248069498,0.07200948148965836,0.0
-176.6055908203125,63.94799041748047,-2.032759428024292,-29.942096710205078,-2.2894864082336426,-0.1693975031375885,-3.898104429244995,-7.091380596160889,-3.4076406955718994,-14.24124526977539,12.134254455566406,9.262720108032227,27.257667541503906,11.8832368850708,0.7873515486717224,3.949805974960327,7.190091133117676,-5.191803455352783,9.851283073425293,-7.430810451507568,7373.366825936785,7334.905876591154,0.004188342485576868,0.023529767990112305,0.3179449737071991,1.0,0.2554214894771576,0.02851220592856407,0.027120104059576988,0.03294423222541809,0.10024122893810272,0.04045001417398453,0.04417427256703377,0.01093527302145958,0.22109902871621623,0.07241684198379517,0.0
-158.9176483154297,53.47880554199219,-24.048423767089844,7.195681571960449,7.11113166809082,-15.056714057922363,28.440080642700195,36.34330368041992,4.052767276763916,3.691917657852173,23.050764083862305,-5.502377510070801,-0.5142597556114197,5.4046196937561035,-12.283498764038086,-13.997369766235352,17.708850860595703,2.6788218021392822,7.9098734855651855,7.648918151855469,6008.415784857499,6349.827325528464,0.35457220673561096,0.43923208117485046,0.6673654317855835,0.5965129733085632,0.15113449096679688,0.10949929803609848,0.09029723703861237,0.24956202507019043,0.21173718571662903,0.2519929111003876,0.8894584774971008,0.5915027856826782,0.18889320402992277,0.058718521147966385,1.0
-159.31820678710938,53.11260223388672,-23.693750381469727,7.495491027832031,6.746761322021484,-15.186494827270508,28.528945922851562,36.37715148925781,4.025459289550781,3.198545217514038,22.791217803955078,-5.390997409820557,-0.7721759080886841,5.286976337432861,-12.050175666809082,-14.044585227966309,17.308536529541016,2.1355767250061035,7.870319843292236,7.664949893951416,6019.0427087077105,6386.281328873089,0.37170714139938354,0.4595367908477783,0.573719322681427,0.7464679479598999,0.19754952192306519,0.12007778137922287,0.08719881623983383,0.22081436216831207,0.24953755736351013,0.19339895248413086,0.8292199373245239,0.7707823514938354,0.19141567627895753,0.05784640833735466,1.0
-159.4950714111328,52.50748825073242,-23.80851936340332,7.041913986206055,6.503751754760742,-15.213984489440918,28.184219360351562,35.721412658691406,4.568798542022705,4.169577598571777,23.749713897705078,-5.645688533782959,-0.9530119895935059,5.055345058441162,-12.117830276489258,-14.471282005310059,17.313627243041992,1.831732153892517,7.2362961769104,7.907776832580566,6030.675284621283,6418.804684347712,0.35048314929008484,0.4277895390987396,0.6553357243537903,0.5665972232818604,0.14093786478042603,0.105303555727005,0.08716662228107452,0.22781680524349213,0.19424904882907867,0.2564152181148529,0.8940667510032654,0.5752792954444885,0.194499954753861,0.05782705172896385,1.0
-160.81419372558594,51.67705535888672,-22.281517028808594,6.845358848571777,7.126231670379639,-17.16727066040039,27.33989715576172,34.98909378051758,6.899196147918701,3.5743861198425293,22.87091636657715,-6.6646013259887695,-1.0007175207138062,5.804204940795898,-8.948707580566406,-12.33103084564209,17.58467674255371,0.6974019408226013,4.747766017913818,7.1619038581848145,6209.501669813208,6644.04170280834,0.4526488780975342,0.45434239506721497,0.5576208829879761,0.7449405789375305,0.2135293185710907,0.13322675228118896,0.09142563492059708,0.16003940999507904,0.1650840938091278,0.19364814460277557,0.8420490622520447,0.8202893137931824,0.21061700651544402,0.05462757125496864,1.0
-160.43850708007812,52.192481994628906,-22.389909744262695,6.975077152252197,7.406584739685059,-17.136600494384766,26.736141204833984,34.68240737915039,7.01685094833374,3.884995222091675,23.26835823059082,-6.357118129730225,-1.2343460321426392,5.651021957397461,-8.88481616973877,-12.241984367370605,17.56049156188965,0.08880715072154999,4.432604789733887,7.284699440002441,6200.928090653575,6620.569190463123,0.46394893527030945,0.46141257882118225,0.5534336566925049,0.748181164264679,0.21162757277488708,0.1404268592596054,0.09530899673700333,0.16345755755901337,0.16598288714885712,0.19342483580112457,0.8406189680099487,0.8213471174240112,0.20834527328667954,0.05477802827954292,1.0
-160.23963928222656,52.09812545776367,-22.401172637939453,7.164663791656494,7.070735931396484,-17.677318572998047,26.124469757080078,34.317665100097656,6.822943210601807,3.5407063961029053,23.422636032104492,-6.382366180419922,-1.026703953742981,5.693230152130127,-8.767313957214355,-12.017134666442871,17.731966018676758,0.02772444672882557,3.956366777420044,6.532217025756836,6199.123089804234,6627.385378263871,0.4571462571620941,0.4565281271934509,0.55746990442276,0.7490189075469971,0.20950113236904144,0.13885998725891113,0.09486915916204453,0.16757486760616302,0.16807834804058075,0.194282665848732,0.8427417874336243,0.826616644859314,0.21231939249517376,0.05476881191134453,1.0
-160.24160766601562,52.57548522949219,-22.390281677246094,7.172695159912109,7.215724945068359,-17.72316551208496,26.47095489501953,34.36259078979492,6.619703769683838,3.5586140155792236,23.560020446777344,-6.295989990234375,-0.6989471316337585,5.876846790313721,-8.939982414245605,-12.603449821472168,17.32745361328125,-0.07853926718235016,4.115494251251221,7.171682834625244,6194.153835672711,6612.0411340240735,0.47374463081359863,0.4727226197719574,0.5678197145462036,0.7431506514549255,0.22201651334762573,0.14940616488456726,0.09846591204404831,0.1630319058895111,0.16410203278064728,0.19426575303077698,0.8514071106910706,0.8322171568870544,0.21027011944980695,0.05490640550851822,1.0
-159.51963806152344,52.301761627197266,-22.46255874633789,6.888033866882324,7.147359371185303,-17.65292739868164,26.310379028320312,34.66592788696289,6.680681228637695,3.4230053424835205,23.212238311767578,-5.904975891113281,-0.46932658553123474,5.630029201507568,-8.961540222167969,-12.761150360107422,17.286903381347656,-0.16086094081401825,4.286471843719482,7.450341701507568,6202.274735441108,6628.1635782622725,0.45964834094047546,0.45961135625839233,0.5584760904312134,0.7490101456642151,0.22085997462272644,0.14495284855365753,0.09705867618322372,0.16549207270145416,0.16711817681789398,0.19495747983455658,0.8329026699066162,0.8165433406829834,0.21054159628378377,0.05505106970667839,1.0
-160.2627410888672,52.106380462646484,-22.801921844482422,6.609099388122559,7.220541954040527,-17.205142974853516,27.15340805053711,34.71175003051758,6.470022678375244,3.539583921432495,23.320781707763672,-6.267032623291016,-0.6666916608810425,6.052910804748535,-8.736292839050293,-12.417491912841797,17.48221778869629,-0.08743084967136383,4.779110431671143,7.717230319976807,6198.402528357883,6620.263260315539,0.45858702063560486,0.4504125714302063,0.559319794178009,0.7491551041603088,0.226085364818573,0.1469419151544571,0.09332011640071869,0.15647780895233154,0.16075760126113892,0.19200530648231506,0.83289635181427,0.817931592464447,0.210285201496139,0.055057819932699203,1.0
-159.74925231933594,51.514217376708984,-22.65761947631836,7.175615310668945,7.304512023925781,-17.097274780273438,26.937517166137695,35.08220291137695,6.873706340789795,3.0944316387176514,22.644014358520508,-6.444266319274902,-0.6110488772392273,5.937255859375,-8.72203254699707,-12.374293327331543,17.360736846923828,0.15288788080215454,4.648836135864258,7.677468299865723,6196.40892463674,6626.859692160521,0.457479864358902,0.4532313346862793,0.5585551261901855,0.7581455707550049,0.22593018412590027,0.14712870121002197,0.09507527202367783,0.15900063514709473,0.15964801609516144,0.19140522181987762,0.8278986811637878,0.8132511377334595,0.2105491373069498,0.055255696177482605,1.0
-160.5421142578125,52.206363677978516,-22.791690826416016,6.808603763580322,7.408975124359131,-17.311412811279297,27.243709564208984,35.10307312011719,6.69190788269043,3.305168867111206,23.290088653564453,-6.455239295959473,-0.6091426610946655,5.992371082305908,-8.66983699798584,-12.17890453338623,17.40228271484375,0.040505390614271164,4.286007881164551,7.4561028480529785,6198.6346716356975,6610.373289576511,0.4711022973060608,0.46076491475105286,0.5592840313911438,0.7498722076416016,0.22570642828941345,0.14697962999343872,0.09347178786993027,0.15696895122528076,0.1583675593137741,0.19232957065105438,0.8367488384246826,0.8229726552963257,0.20880716095559845,0.054968226701021194,1.0
-159.9193878173828,52.45443344116211,-22.24399185180664,6.797878265380859,6.9390764236450195,-17.663990020751953,26.44063949584961,34.421695709228516,6.692045211791992,3.7611067295074463,23.50168228149414,-6.229981422424316,-0.804355800151825,5.972609996795654,-8.527359008789062,-12.200969696044922,17.5111026763916,-0.26878300309181213,3.5593576431274414,6.895716190338135,6202.047576649131,6624.6764627727125,0.4756009578704834,0.4570530951023102,0.560065507888794,0.7525277137756348,0.21583840250968933,0.14733754098415375,0.09885939955711365,0.15992003679275513,0.15876829624176025,0.19118446111679077,0.8292438983917236,0.8216325640678406,0.20984405164092665,0.05483744293451309,1.0
-160.68882751464844,52.06494140625,-22.62542152404785,7.050751686096191,7.521158218383789,-17.421173095703125,27.01344871520996,34.94681167602539,6.958704471588135,3.3886053562164307,22.825834274291992,-6.598680019378662,-1.0120660066604614,5.742842674255371,-8.295989990234375,-11.787132263183594,17.738168716430664,0.11100263893604279,4.232921600341797,7.444787979125977,6201.9623418607025,6621.511222024257,0.4660879075527191,0.46201664209365845,0.5616282820701599,0.750532865524292,0.2159205824136734,0.14615263044834137,0.09568119049072266,0.15403436124324799,0.15330131351947784,0.19329582154750824,0.8364604115486145,0.823322057723999,0.21039831684362933,0.05481293797492981,1.0
-159.0341033935547,52.733463287353516,-23.95204734802246,6.915804386138916,6.874157428741455,-15.667414665222168,27.698347091674805,35.652591705322266,5.120743274688721,4.488727569580078,23.36092185974121,-5.655007362365723,-0.45420917868614197,4.937313556671143,-12.30916690826416,-14.712189674377441,16.997486114501953,2.1967694759368896,7.288976669311523,7.541041374206543,6039.9729881367,6420.877586893139,0.33190011978149414,0.3940642476081848,0.6656109690666199,0.5781131386756897,0.14149358868598938,0.10735882073640823,0.08752480149269104,0.23010873794555664,0.19801612198352814,0.2572956383228302,0.8983679413795471,0.5769842863082886,0.19535020511583012,0.05776071548461914,1.0
-160.41409301757812,51.632808685302734,-22.848936080932617,6.837203502655029,7.500132083892822,-17.157222747802734,26.831966400146484,34.551700592041016,7.188971519470215,3.532437801361084,23.241851806640625,-6.408086776733398,-1.2658820152282715,5.759000301361084,-8.645010948181152,-11.578584671020508,17.503318786621094,-0.24158808588981628,4.322689056396484,7.797963619232178,6210.167646371226,6645.839677706461,0.48343509435653687,0.46365824341773987,0.5630177855491638,0.7577170729637146,0.2239244282245636,0.14740049839019775,0.09654539823532104,0.1570187360048294,0.15791168808937073,0.19563992321491241,0.8402150869369507,0.8334454298019409,0.21127873129826255,0.05459970980882645,1.0
-160.3789520263672,52.05275344848633,-22.163124084472656,7.003014087677002,7.2056193351745605,-17.497161865234375,26.57929039001465,34.395729064941406,6.525012969970703,3.678864002227783,23.36162567138672,-6.317193508148193,-0.8999714851379395,5.92473840713501,-8.352739334106445,-12.004234313964844,17.30380630493164,-0.1592225879430771,4.140599727630615,7.1381025314331055,6209.829673011382,6643.815483804164,0.4727094769477844,0.46544235944747925,0.5618190169334412,0.747147798538208,0.22050897777080536,0.14876988530158997,0.09737671911716461,0.15612666308879852,0.15312668681144714,0.1915896236896515,0.8340049982070923,0.8248550891876221,0.21204037463803088,0.054591696709394455,1.0
-160.49806213378906,51.923805236816406,-22.730073928833008,7.008821964263916,7.540531158447266,-17.052976608276367,27.06682777404785,34.57466125488281,6.842767238616943,3.336989641189575,22.965970993041992,-6.676515579223633,-1.1229585409164429,5.681975841522217,-8.478443145751953,-11.42917251586914,18.05340576171875,0.0856938287615776,4.084296226501465,7.506772994995117,6206.031215071433,6634.297697346928,0.47930192947387695,0.4682333767414093,0.564924955368042,0.755957841873169,0.22018052637577057,0.15447066724300385,0.09891707450151443,0.15574637055397034,0.1560012847185135,0.1964586228132248,0.8292360305786133,0.8204479217529297,0.20946322997104247,0.05467240884900093,1.0
-160.2672576904297,51.97878646850586,-22.52106285095215,7.007651329040527,7.521132469177246,-17.600475311279297,26.78719139099121,34.97871017456055,6.7100138664245605,3.561393976211548,23.131254196166992,-6.325474739074707,-0.7732822299003601,5.74402379989624,-8.55868911743164,-12.07712173461914,17.479198455810547,-0.1327223926782608,4.284523963928223,7.715437412261963,6205.300874335948,6633.426343936945,0.46884825825691223,0.4611686170101166,0.5617982149124146,0.7512726783752441,0.2214214950799942,0.15249711275100708,0.09743732959032059,0.15064597129821777,0.14978758990764618,0.19333496689796448,0.8335599303245544,0.82562255859375,0.2109356147442085,0.05487290397286415,1.0
-160.1891632080078,52.06634521484375,-23.04043197631836,6.735283851623535,7.308874607086182,-17.39113426208496,27.088605880737305,34.83015060424805,6.866329193115234,3.1276285648345947,22.992727279663086,-6.383152008056641,-0.84270840883255,5.848357677459717,-8.428857803344727,-11.50364875793457,17.669424057006836,-0.453047513961792,3.932504177093506,7.509810924530029,6199.273813476598,6625.6757171868085,0.4592117965221405,0.43127354979515076,0.6695151329040527,0.6310067772865295,0.1780330091714859,0.14564873278141022,0.09187646210193634,0.16680750250816345,0.13494141399860382,0.2544291019439697,0.8848280906677246,0.6445294618606567,0.21021733228764478,0.05486254394054413,1.0
-160.38954162597656,52.011383056640625,-22.622163772583008,6.812902450561523,7.3256940841674805,-17.65557289123535,27.002763748168945,34.78814697265625,6.528122425079346,3.644315481185913,23.190814971923828,-6.549885272979736,-1.2050381898880005,5.738102912902832,-8.252717018127441,-11.905241966247559,17.859161376953125,-0.1390926092863083,3.744227409362793,7.454778671264648,6202.73051054896,6637.062935994612,0.4890705943107605,0.4695028066635132,0.5622534155845642,0.7502152323722839,0.21873870491981506,0.15121981501579285,0.09819357842206955,0.1495853066444397,0.14891646802425385,0.19392643868923187,0.8341099619865417,0.8304843902587891,0.21211767012548263,0.054711293429136276,1.0
-160.52947998046875,51.76158142089844,-22.901573181152344,6.813300132751465,7.393381118774414,-17.183486938476562,26.9913387298584,34.91671371459961,6.852920055389404,3.348626136779785,23.08397102355957,-6.907338619232178,-0.901314377784729,6.031087398529053,-8.258086204528809,-11.517346382141113,17.721675872802734,0.09034282714128494,3.9904510974884033,7.485389232635498,6201.427171739552,6630.486685053903,0.4800402522087097,0.4755331575870514,0.5690507888793945,0.7588858604431152,0.22371689975261688,0.1560283601284027,0.09939198940992355,0.1502428948879242,0.14871744811534882,0.19406798481941223,0.8205564618110657,0.8184773325920105,0.211429551761583,0.05480241775512695,1.0
-160.53514099121094,51.814048767089844,-22.75707244873047,6.861230850219727,7.558817386627197,-17.45467185974121,26.763164520263672,34.180084228515625,6.8361358642578125,4.0319719314575195,23.199148178100586,-6.48280668258667,-1.2494745254516602,5.740108966827393,-8.41000747680664,-11.402053833007812,17.68907356262207,-0.854437530040741,3.523726463317871,7.59760856628418,6207.173004935736,6645.56234584408,0.4717984199523926,0.47009432315826416,0.5691591501235962,0.7617660164833069,0.22014477849006653,0.15513549745082855,0.09727029502391815,0.14775264263153076,0.14721724390983582,0.1933388113975525,0.831266462802887,0.8261721134185791,0.2117820945945946,0.054597072303295135,1.0
-160.67660522460938,51.749576568603516,-22.63336181640625,7.304030418395996,7.594881057739258,-17.46834373474121,26.659591674804688,34.27623748779297,7.069116592407227,3.4434051513671875,23.26222801208496,-6.34454345703125,-1.2385936975479126,5.82591438293457,-8.335699081420898,-11.42820930480957,17.50699806213379,-0.286138653755188,4.027417182922363,7.885444164276123,6205.434552647166,6638.837181589049,0.4819990396499634,0.45649853348731995,0.5569228529930115,0.7623699307441711,0.2234766036272049,0.15839071571826935,0.09914950281381607,0.14613646268844604,0.14666812121868134,0.19461554288864136,0.817047655582428,0.8155655264854431,0.21116750120656372,0.05457831919193268,1.0
-160.1297607421875,52.14235305786133,-22.8123722076416,6.546545028686523,7.296412467956543,-17.640039443969727,26.55420684814453,34.44627380371094,6.864284038543701,3.566530227661133,23.197904586791992,-6.260277271270752,-0.9998953938484192,5.903451919555664,-8.17888355255127,-11.682304382324219,17.534467697143555,-0.636791467666626,3.7743730545043945,7.6094489097595215,6209.742157818144,6636.679515242759,0.4769047200679779,0.45926427841186523,0.5599656105041504,0.7589407563209534,0.22304204106330872,0.16184590756893158,0.10059674829244614,0.15021201968193054,0.14804066717624664,0.19615483283996582,0.8255168795585632,0.8254539966583252,0.20962159145752896,0.05453845486044884,1.0
-159.70095825195312,52.577701568603516,-23.54045867919922,7.242883682250977,6.790199279785156,-15.74141788482666,28.215543746948242,36.035404205322266,4.620499610900879,3.8582077026367188,23.265424728393555,-5.697472095489502,-0.7397164702415466,4.86728572845459,-11.73227596282959,-13.767468452453613,17.699634552001953,1.8947683572769165,7.151493549346924,7.294295787811279,6041.029344460078,6428.13696908885,0.3711108863353729,0.4544527530670166,0.566591739654541,0.7424776554107666,0.18824459612369537,0.11120176315307617,0.08575643599033356,0.21893760561943054,0.2437864989042282,0.1926172375679016,0.8418760895729065,0.7736454606056213,0.19362896657818532,0.0576464869081974,1.0
-160.59561157226562,51.810794830322266,-22.66556739807129,6.88642692565918,7.798318862915039,-17.27796173095703,26.55138397216797,34.78144836425781,6.900252342224121,3.5877137184143066,23.002227783203125,-6.786444187164307,-0.9973344802856445,5.90534782409668,-8.217921257019043,-11.358418464660645,17.655017852783203,-0.37255004048347473,3.7672290802001953,7.4852986335754395,6211.024177453442,6640.816536392647,0.47887206077575684,0.46336737275123596,0.5640996694564819,0.7640190124511719,0.22858193516731262,0.15944135189056396,0.09943225234746933,0.14820924401283264,0.14517326653003693,0.1957581788301468,0.8225947022438049,0.8226061463356018,0.21226094956563707,0.05456056818366051,1.0
-160.55169677734375,51.77294158935547,-23.28114891052246,6.489013671875,7.722329139709473,-17.293556213378906,27.00994300842285,34.543067932128906,7.134891986846924,3.833019971847534,22.80231285095215,-6.651798725128174,-1.029654622077942,5.957190036773682,-8.218960762023926,-11.245473861694336,17.986072540283203,-0.487138032913208,3.5153825283050537,7.499640941619873,6207.498197142714,6627.525981347171,0.4693031907081604,0.45724257826805115,0.5657274723052979,0.7635088562965393,0.22354881465435028,0.15967337787151337,0.09999056905508041,0.14569367468357086,0.14176858961582184,0.19403965771198273,0.8234822750091553,0.8199477195739746,0.2119140625,0.05469656363129616,1.0
-160.04421997070312,52.774879455566406,-22.35957145690918,7.117387294769287,8.141427993774414,-17.24468231201172,26.559940338134766,34.35940170288086,6.7412309646606445,3.538482904434204,23.360483169555664,-5.992260456085205,-0.8684494495391846,5.772031307220459,-8.267666816711426,-11.067838668823242,18.152637481689453,-0.35459253191947937,3.616337537765503,7.7287821769714355,6209.405143989832,6607.379339437126,0.5006629228591919,0.4789688289165497,0.5670037865638733,0.7445494532585144,0.22583672404289246,0.16785411536693573,0.10636750608682632,0.16014501452445984,0.15882325172424316,0.20762524008750916,0.8377537131309509,0.8385483622550964,0.20867707830598456,0.0549057200551033,1.0
-160.1623077392578,51.960689544677734,-22.544424057006836,7.456913948059082,8.290185928344727,-17.000782012939453,26.695714950561523,34.6624870300293,7.483551502227783,3.833120584487915,23.556732177734375,-6.089749336242676,-0.8455235958099365,6.205628395080566,-7.567442893981934,-10.762450218200684,18.127836227416992,-0.20699183642864227,3.9856696128845215,8.181280136108398,6210.391233287121,6588.535886017981,0.48103204369544983,0.45839476585388184,0.561562716960907,0.766215443611145,0.2330082207918167,0.1704271286725998,0.10595086961984634,0.14679773151874542,0.1465262919664383,0.20028463006019592,0.8207814693450928,0.8236485123634338,0.20763830236486486,0.05587971955537796,1.0
-159.401123046875,52.69459533691406,-23.524085998535156,7.198732376098633,6.636451721191406,-15.462905883789062,28.217233657836914,35.828102111816406,4.8777079582214355,3.5643470287323,22.96087646484375,-5.876116752624512,-0.5335592031478882,5.438195705413818,-11.94149398803711,-14.167546272277832,17.541513442993164,2.385298252105713,7.512430667877197,7.598255157470703,6037.7655377875435,6418.091045582108,0.3682548701763153,0.44862455129623413,0.5509796142578125,0.7247939705848694,0.19485680758953094,0.11498337984085083,0.08619893342256546,0.20963788032531738,0.23809273540973663,0.19196531176567078,0.8434852957725525,0.7809914946556091,0.19327453848938225,0.057478491216897964,1.0
-159.4664306640625,52.81039810180664,-23.866222381591797,7.088069915771484,6.9442548751831055,-15.83513069152832,28.48261260986328,35.99357986450195,4.707564830780029,3.2508487701416016,22.61511993408203,-5.672906398773193,-0.39394569396972656,5.695929050445557,-11.558292388916016,-14.033307075500488,17.59355354309082,2.3637425899505615,7.374863147735596,7.298269271850586,6039.963157357231,6414.534852681864,0.36691924929618835,0.4334941804409027,0.6629447937011719,0.6021091938018799,0.15123265981674194,0.10644112527370453,0.0891498252749443,0.2363557070493698,0.19932876527309418,0.24801936745643616,0.8912876844406128,0.594174325466156,0.19657939189189189,0.05743414908647537,1.0
-159.73646545410156,52.3383903503418,-23.481016159057617,7.503149509429932,6.746701717376709,-15.811193466186523,28.51397705078125,36.49140167236328,4.584803104400635,2.709991455078125,22.616247177124023,-5.919096946716309,-0.6445809602737427,5.422784805297852,-11.493005752563477,-13.899080276489258,17.6733455657959,2.1010332107543945,6.859472274780273,6.939560413360596,6040.702781955454,6442.908842433892,0.41495281457901,0.4827798902988434,0.5828417539596558,0.7526147961616516,0.20902922749519348,0.12099998444318771,0.09018824249505997,0.22533753514289856,0.25802239775657654,0.18979494273662567,0.8285631537437439,0.802269458770752,0.19880776423745175,0.057097189128398895,1.0
-159.63711547851562,52.6606330871582,-23.666513442993164,7.15299129486084,6.496364116668701,-15.904779434204102,28.574504852294922,35.82851791381836,4.484947204589844,3.297917366027832,23.118074417114258,-5.821683406829834,-0.8283675312995911,5.39295768737793,-11.341628074645996,-13.869534492492676,17.71829605102539,2.4000167846679688,7.188448429107666,7.209004878997803,6032.6811811072075,6416.096857325207,0.37876778841018677,0.4356045126914978,0.6598706245422363,0.6055464148521423,0.15278665721416473,0.10835123062133789,0.09003455191850662,0.257300466299057,0.20814642310142517,0.24728231132030487,0.8959018588066101,0.6115701794624329,0.1954425826496139,0.05740228295326233,1.0
-159.21627807617188,52.718772888183594,-23.465917587280273,7.3681206703186035,6.43994140625,-16.39735221862793,28.244796752929688,36.0224723815918,4.6957831382751465,3.090235471725464,22.808902740478516,-5.799139499664307,-0.15835680067539215,5.530263900756836,-11.777274131774902,-14.335147857666016,17.47557830810547,2.3818531036376953,7.056733131408691,7.0687174797058105,6035.385976220101,6423.727461931491,0.37763115763664246,0.44467276334762573,0.6766011118888855,0.6089850068092346,0.15370431542396545,0.10634405165910721,0.09218315780162811,0.2555270493030548,0.20316532254219055,0.24333614110946655,0.8868146538734436,0.6076923608779907,0.19686029500482624,0.05774572491645813,1.0
-159.16650390625,52.94443893432617,-23.927295684814453,7.019748210906982,6.637443542480469,-16.17894172668457,28.393735885620117,35.83799743652344,4.079564571380615,3.159303903579712,23.117963790893555,-5.54983377456665,-0.14628809690475464,5.763097286224365,-11.335773468017578,-13.893385887145996,17.1539306640625,2.121896505355835,6.937658309936523,7.18498420715332,6022.784895390183,6402.127578222156,0.3863335847854614,0.4681439697742462,0.5772726535797119,0.7537756562232971,0.2036602646112442,0.1189439445734024,0.08764802664518356,0.2096823751926422,0.24877139925956726,0.1906454712152481,0.8278886675834656,0.7769008278846741,0.19681316361003862,0.057771965861320496,1.0
-159.13485717773438,52.66807556152344,-23.950260162353516,7.352753639221191,6.982454776763916,-16.161020278930664,28.466411590576172,35.95269775390625,5.061227321624756,3.1983277797698975,22.98232078552246,-5.818575382232666,-0.5677377581596375,5.540376663208008,-11.469429969787598,-14.013126373291016,17.52947425842285,2.4079678058624268,6.911037445068359,6.944014072418213,6035.465862855031,6414.9079006346965,0.38786134123802185,0.4664349853992462,0.5758605003356934,0.7487696409225464,0.19208304584026337,0.11381152272224426,0.08511007577180862,0.21500368416309357,0.24423786997795105,0.1888526976108551,0.8312374949455261,0.7771315574645996,0.19762947936776062,0.05795514956116676,1.0
-159.47286987304688,53.07455825805664,-23.791784286499023,7.436886310577393,6.534068584442139,-15.154659271240234,28.04222297668457,35.6762580871582,4.215681552886963,3.800891637802124,23.028507232666016,-5.609301567077637,-0.7713828086853027,5.442525386810303,-11.908834457397461,-14.136872291564941,17.580917358398438,2.4882192611694336,7.786989688873291,7.6212944984436035,6019.9994280884475,6391.114429521746,0.3709275424480438,0.45460736751556396,0.560811460018158,0.7338409423828125,0.19542911648750305,0.11536531895399094,0.086130790412426,0.21842467784881592,0.25289037823677063,0.19052843749523163,0.8311418890953064,0.7818432450294495,0.19290879886583012,0.057582709938287735,1.0
-159.45098876953125,52.42806625366211,-23.70760726928711,7.348933696746826,6.720938682556152,-16.340816497802734,28.397899627685547,35.969085693359375,4.756650447845459,3.219420909881592,23.0654296875,-5.764861583709717,-0.3356642425060272,5.258296966552734,-11.713763236999512,-13.898491859436035,17.36741828918457,2.104170322418213,6.990750789642334,7.063998699188232,6040.700921590236,6432.986760214593,0.3810631334781647,0.4426102340221405,0.6779255270957947,0.6010462641716003,0.15420706570148468,0.1091659739613533,0.09306568652391434,0.25426480174064636,0.20135074853897095,0.24961286783218384,0.8936935663223267,0.6019492149353027,0.19802538308397682,0.05767034366726875,1.0
-159.00193786621094,52.81132507324219,-23.511911392211914,7.151397705078125,6.93152379989624,-15.835862159729004,27.929777145385742,35.1822395324707,5.170206069946289,3.959167242050171,23.817073822021484,-5.799625396728516,-1.0059713125228882,5.184594631195068,-12.073513984680176,-13.984777450561523,17.212759017944336,2.257690191268921,7.181719779968262,7.272102355957031,6048.110853200281,6423.113747933153,0.35807424783706665,0.4289000630378723,0.6338358521461487,0.5655755400657654,0.1396920382976532,0.10645429790019989,0.08918198198080063,0.24086235463619232,0.19036626815795898,0.2585155963897705,0.9135159254074097,0.5948318839073181,0.1960628318050193,0.05777069181203842,1.0
-159.35189819335938,52.332061767578125,-23.398080825805664,7.033519744873047,7.040358543395996,-15.846766471862793,28.293848037719727,35.76300811767578,5.0991692543029785,3.5581235885620117,23.184558868408203,-5.676755905151367,-0.7461937665939331,4.815769195556641,-12.192618370056152,-14.143491744995117,17.315271377563477,2.339261293411255,7.290700912475586,7.15739631652832,6062.581454537061,6448.260803963427,0.3669782876968384,0.4267027676105499,0.5357493758201599,0.7297113537788391,0.195451557636261,0.11538012325763702,0.08580392599105835,0.2141614854335785,0.24858222901821136,0.19118095934391022,0.8433761596679688,0.795732855796814,0.1986324354488417,0.05732610076665878,1.0
-159.02859497070312,52.756710052490234,-22.990116119384766,7.303160667419434,6.790804862976074,-15.698394775390625,27.965133666992188,34.94707107543945,5.069439888000488,4.107681751251221,23.761457443237305,-5.860417366027832,-0.7075051665306091,5.471333980560303,-11.964314460754395,-14.052643775939941,17.332931518554688,2.1685824394226074,7.352234363555908,7.870060920715332,6059.910880549883,6433.944122277583,0.3451155722141266,0.4211471974849701,0.5501118898391724,0.7273935079574585,0.1823166012763977,0.10915292799472809,0.08084600418806076,0.19458690285682678,0.22655150294303894,0.19459782540798187,0.8495928645133972,0.7563750147819519,0.1952144666988417,0.05810216814279556,1.0
-158.73202514648438,52.98080062866211,-22.623933792114258,7.228440761566162,6.931000709533691,-16.045494079589844,27.27395248413086,34.781089782714844,5.194700717926025,4.382805347442627,23.67457389831543,-5.8513875007629395,-1.0067970752716064,5.178564071655273,-11.609795570373535,-13.98720932006836,17.114601135253906,2.253781795501709,7.7379536628723145,7.9242448806762695,6066.741188751344,6444.63108382926,0.34342312812805176,0.41550880670547485,0.5265971422195435,0.7127281427383423,0.18512414395809174,0.11257307231426239,0.08312143385410309,0.18890652060508728,0.22435081005096436,0.2027530074119568,0.8596710562705994,0.7747997641563416,0.19634562017374518,0.05744784697890282,1.0
-158.9803466796875,52.57432174682617,-22.947093963623047,7.6438517570495605,7.095452785491943,-15.697083473205566,27.172475814819336,34.70671081542969,5.525720119476318,4.224044322967529,23.827573776245117,-5.529470920562744,-1.0995687246322632,5.20805025100708,-11.30811595916748,-14.123095512390137,17.16565704345703,2.1717984676361084,7.168438911437988,7.732805252075195,6063.474333905188,6441.703622236849,0.33410313725471497,0.38033318519592285,0.6559451818466187,0.514811098575592,0.12884210050106049,0.1001143604516983,0.088155098259449,0.22887013852596283,0.1831013560295105,0.2955899238586426,0.9156355857849121,0.5387778282165527,0.1940399523407336,0.05759512260556221,1.0
-158.84214782714844,52.86325454711914,-23.097238540649414,7.69476318359375,7.302877902984619,-15.720906257629395,27.369916915893555,34.67812728881836,5.16788911819458,4.407754421234131,24.11240577697754,-5.819676876068115,-1.1712526082992554,5.101823329925537,-11.298075675964355,-13.939935684204102,17.11273765563965,2.1030914783477783,7.289576530456543,7.918746471405029,6055.907064396608,6425.738565950665,0.3341374695301056,0.41299834847450256,0.6255691647529602,0.5443297028541565,0.13153186440467834,0.10066131502389908,0.08573509007692337,0.2215638905763626,0.18303479254245758,0.2739320993423462,0.9164308309555054,0.566530168056488,0.19525782758204632,0.05783184990286827,1.0
-158.4177703857422,52.747562408447266,-23.283897399902344,7.388644695281982,6.899759769439697,-15.877842903137207,27.582080841064453,34.893001556396484,5.098168849945068,3.915586233139038,23.794904708862305,-5.454102516174316,-0.9080789089202881,5.07486629486084,-11.651616096496582,-13.99372386932373,17.021394729614258,2.107450008392334,7.134563446044922,7.414458751678467,6053.799815055472,6435.573360101616,0.3449024260044098,0.39789390563964844,0.6395348906517029,0.5703116655349731,0.13687999546527863,0.10332334041595459,0.08627595007419586,0.2249300330877304,0.19627068936824799,0.2591038644313812,0.9004454016685486,0.5788141489028931,0.19800276001447875,0.05804094672203064,1.0
-158.9779510498047,52.86463165283203,-23.277393341064453,7.610037326812744,6.948143005371094,-16.262065887451172,27.65669822692871,34.90007019042969,5.304430961608887,4.097531795501709,23.73970603942871,-5.48612642288208,-1.1209874153137207,5.214797496795654,-11.15372085571289,-13.735366821289062,16.864526748657227,1.8954832553863525,7.5007829666137695,7.536738872528076,6055.56477168771,6431.698960295907,0.3530580997467041,0.41435113549232483,0.5312976241111755,0.7140458822250366,0.18022015690803528,0.10741721838712692,0.08089713007211685,0.19397912919521332,0.2300802618265152,0.2002621442079544,0.8665543794631958,0.7723100781440735,0.19740513392857142,0.057596538215875626,1.0
-158.23471069335938,52.909385681152344,-23.421573638916016,7.25949764251709,6.736588001251221,-16.310380935668945,27.531404495239258,35.038414001464844,4.855694770812988,3.9323105812072754,23.503721237182617,-5.517768383026123,-0.6536444425582886,5.230295658111572,-11.06824016571045,-13.87353515625,16.98462677001953,2.2510087490081787,7.11887264251709,7.021343231201172,6053.83623325683,6425.69431111629,0.3480820655822754,0.3971153199672699,0.536783754825592,0.7247161865234375,0.17888016998767853,0.11028753221035004,0.08206488937139511,0.2001875340938568,0.23024548590183258,0.19516317546367645,0.8505961894989014,0.760204017162323,0.19585168315637067,0.05813738703727722,1.0
-159.21835327148438,53.323734283447266,-23.951114654541016,6.81350564956665,5.959445953369141,-15.741554260253906,28.050907135009766,36.162357330322266,4.397247791290283,3.379403591156006,22.684232711791992,-5.582109451293945,-0.5421532392501831,5.45373010635376,-11.722270011901855,-13.909475326538086,17.413036346435547,2.103175640106201,7.696674346923828,7.724025726318359,6029.86234072644,6401.775141297463,0.3568682372570038,0.42312827706336975,0.6612173318862915,0.6050480604171753,0.15620049834251404,0.10785101354122162,0.09136282652616501,0.24792160093784332,0.2089051455259323,0.2480461150407791,0.8887028694152832,0.5987038016319275,0.19279568351833976,0.05738639831542969,1.0
-159.00582885742188,52.83346176147461,-22.925735473632812,7.4698896408081055,6.825785160064697,-15.963438987731934,27.58637046813965,35.23934555053711,5.157848834991455,3.8921420574188232,23.12762451171875,-5.975752830505371,-0.7704074382781982,5.428632736206055,-11.268717765808105,-13.701888084411621,17.049150466918945,2.4180941581726074,7.634781360626221,7.185091495513916,6059.1516981142595,6437.637712588565,0.3388015031814575,0.3849964737892151,0.6284685134887695,0.5828383564949036,0.140828475356102,0.10215733200311661,0.08705467730760574,0.2297159731388092,0.19762438535690308,0.26264506578445435,0.9148980975151062,0.5906491279602051,0.19691685267857142,0.05759657546877861,1.0
-159.25148010253906,52.636356353759766,-23.280452728271484,7.485419273376465,6.794386386871338,-16.04752540588379,27.999637603759766,34.99521255493164,5.359810829162598,3.9529075622558594,23.606403350830078,-5.719371795654297,-0.9023329019546509,5.2043890953063965,-11.752543449401855,-13.723160743713379,17.359853744506836,2.034637451171875,6.950122833251953,7.080179214477539,6059.470944974444,6438.970008342624,0.33803853392601013,0.40518105030059814,0.6326168775558472,0.5694164037704468,0.13649354875087738,0.10281699150800705,0.08683940023183823,0.22406353056430817,0.1927272379398346,0.2569858431816101,0.9102098941802979,0.585073709487915,0.19699037765444016,0.05769390985369682,1.0
-158.82354736328125,53.25676345825195,-23.245361328125,7.742252349853516,6.694133758544922,-16.600582122802734,27.721080780029297,34.89577865600586,4.913681983947754,3.3277087211608887,23.240894317626953,-5.700204849243164,-0.533160388469696,5.622221946716309,-11.284233093261719,-13.667081832885742,17.417991638183594,2.4319469928741455,6.647122383117676,7.0887370109558105,6045.427166588261,6415.043957025551,0.36828431487083435,0.4290054440498352,0.6542568206787109,0.5864163637161255,0.14325180649757385,0.10117406398057938,0.08842679113149643,0.23902921378612518,0.19263213872909546,0.24997280538082123,0.8966567516326904,0.5898550152778625,0.19499577702702703,0.058083582669496536,1.0
-159.1539306640625,52.821128845214844,-23.308855056762695,7.47234582901001,6.9488019943237305,-16.41805076599121,27.958181381225586,35.59355545043945,5.201007843017578,3.1249349117279053,22.965192794799805,-5.3790998458862305,-0.6637089848518372,5.140372276306152,-11.493735313415527,-13.46491813659668,17.585180282592773,2.196744680404663,7.2799482345581055,7.102031707763672,6062.891728287613,6439.613369249273,0.3658723533153534,0.40798965096473694,0.6346681118011475,0.5788539052009583,0.14263679087162018,0.10371242463588715,0.0913805440068245,0.24275149405002594,0.20240649580955505,0.25329291820526123,0.9100726842880249,0.6038841009140015,0.1974315275096525,0.057329628616571426,1.0
-159.4916534423828,52.75721740722656,-22.730802536010742,7.72803258895874,7.255215644836426,-16.371749877929688,27.60094451904297,35.36582565307617,5.087695598602295,3.525607109069824,23.585716247558594,-5.726627826690674,-1.1138625144958496,5.253786563873291,-11.566824913024902,-13.657875061035156,17.432687759399414,2.1468398571014404,6.964879989624023,7.144747734069824,6070.611633697083,6455.614485649105,0.3672865331172943,0.4182438254356384,0.6767875552177429,0.49490416049957275,0.1267463117837906,0.09589546173810959,0.09464048594236374,0.24647940695285797,0.1797386109828949,0.29627037048339844,0.9130685329437256,0.5256460309028625,0.19921309423262548,0.057464417070150375,1.0
-158.74697875976562,52.486629486083984,-23.529232025146484,7.440553188323975,6.756804466247559,-16.0692195892334,28.106307983398438,35.75239562988281,5.482669353485107,3.321373462677002,23.106159210205078,-5.652401447296143,-0.7156612277030945,5.287621021270752,-11.329946517944336,-13.836190223693848,17.42157745361328,2.2543210983276367,6.985867023468018,6.985314846038818,6060.665962248566,6437.453768899699,0.37253686785697937,0.4215928018093109,0.6477592587471008,0.5871022939682007,0.1450110375881195,0.10207618772983551,0.0899009257555008,0.24147436022758484,0.20014464855194092,0.2535230219364166,0.9073297381401062,0.6013906598091125,0.19771243062258687,0.05783439800143242,1.0
-158.96238708496094,51.90670394897461,-23.478164672851562,7.487041473388672,6.736514568328857,-16.136978149414062,27.898237228393555,35.91807556152344,5.7296061515808105,3.8361074924468994,23.378602981567383,-6.0445733070373535,-0.7625042796134949,5.071493625640869,-11.460392951965332,-14.118447303771973,16.945327758789062,1.9114128351211548,6.948589324951172,7.34165096282959,6064.564773468347,6460.2598536264995,0.3721768260002136,0.43018046021461487,0.5497632026672363,0.7458116412162781,0.18778078258037567,0.11043019592761993,0.08407866209745407,0.20199362933635712,0.23119178414344788,0.19307978451251984,0.849486768245697,0.7787572145462036,0.19877005912162163,0.05791543424129486,1.0
-158.83090209960938,52.641883850097656,-23.499544143676758,7.704084396362305,6.9970903396606445,-16.98295021057129,27.784757614135742,35.546207427978516,5.394567489624023,3.7873694896698,23.329320907592773,-5.461688041687012,-0.18055154383182526,5.4646759033203125,-11.432839393615723,-13.803699493408203,16.829286575317383,2.101210832595825,6.704154014587402,6.773573875427246,6062.64626422138,6445.386212833283,0.38846921920776367,0.4210754930973053,0.6448137164115906,0.5832501649856567,0.1482391655445099,0.10805798321962357,0.08874835819005966,0.22805237770080566,0.1952483355998993,0.25269830226898193,0.9072826504707336,0.604358434677124,0.1994129313465251,0.05779096856713295,1.0
-158.8134002685547,52.57297897338867,-23.219724655151367,7.792267322540283,6.875381946563721,-16.469036102294922,27.695859909057617,35.150360107421875,5.377854347229004,3.26476788520813,23.248220443725586,-5.534003257751465,-0.6884952187538147,5.242101669311523,-11.11507511138916,-13.991722106933594,16.95473289489746,2.130686044692993,6.482138633728027,6.889606952667236,6072.225293368276,6458.666169366388,0.38958001136779785,0.4384984076023102,0.5508825778961182,0.7372518181800842,0.18976807594299316,0.11258148401975632,0.0854005217552185,0.2020646035671234,0.23543739318847656,0.19118855893611908,0.8448079228401184,0.7916803956031799,0.1999992458976834,0.057537976652383804,1.0
-159.12303161621094,52.789825439453125,-23.409761428833008,7.391944408416748,6.665289878845215,-17.150699615478516,27.821414947509766,35.7775993347168,5.131228446960449,3.3330636024475098,23.165332794189453,-5.746910095214844,-0.30250832438468933,5.472506523132324,-11.133538246154785,-13.88471508026123,17.34058952331543,1.9892802238464355,6.32745361328125,6.644622802734375,6066.785190562727,6451.606835921381,0.40330085158348083,0.4623600244522095,0.5735710859298706,0.7374324202537537,0.19636420905590057,0.11422646790742874,0.08756311982870102,0.21382077038288116,0.2418847531080246,0.19200804829597473,0.8388766646385193,0.7854364514350891,0.19975416264478765,0.057640690356492996,1.0
-159.62234497070312,52.71052169799805,-23.897676467895508,6.919992923736572,6.517388820648193,-15.490333557128906,27.905487060546875,36.19976806640625,4.509876251220703,3.6351852416992188,22.97941017150879,-5.531984329223633,-0.3188491463661194,5.551087856292725,-11.97347354888916,-14.176680564880371,17.395702362060547,2.418118953704834,7.5910491943359375,7.787323474884033,6035.705234887512,6415.792593791685,0.3655170500278473,0.43946221470832825,0.6569602489471436,0.5951659679412842,0.15472114086151123,0.11230670660734177,0.09250658750534058,0.25501176714897156,0.2111232876777649,0.2517277002334595,0.8966686725616455,0.6046455502510071,0.1929295366795367,0.05743032321333885,1.0
-159.23995971679688,52.632057189941406,-23.104610443115234,7.220444202423096,6.48720645904541,-16.74728775024414,28.443742752075195,35.60264205932617,5.158044815063477,3.452789306640625,23.241979598999023,-5.723850727081299,-0.3616017699241638,5.833094120025635,-11.154444694519043,-13.907801628112793,17.629520416259766,1.9047375917434692,6.276451110839844,6.8330888748168945,6078.393584068563,6471.271526130752,0.38543787598609924,0.44259706139564514,0.664113461971283,0.5930929183959961,0.1467701494693756,0.1030883863568306,0.08772172778844833,0.22638577222824097,0.19518768787384033,0.24255099892616272,0.8923778533935547,0.6086696982383728,0.20064023286679536,0.05759328603744507,1.0
-159.25100708007812,52.553611755371094,-23.08488655090332,7.593581676483154,6.691068172454834,-16.93718719482422,27.96571159362793,35.727481842041016,5.3214802742004395,3.3055431842803955,23.069671630859375,-5.305478096008301,0.02771463803946972,5.433367729187012,-11.155593872070312,-14.0582275390625,16.969257354736328,1.998844861984253,6.580955505371094,6.990535259246826,6081.614874120593,6469.439915184279,0.39644432067871094,0.4404168426990509,0.5592789053916931,0.7495090961456299,0.19808264076709747,0.1162695363163948,0.0878458023071289,0.2039644718170166,0.23106078803539276,0.18983086943626404,0.834114670753479,0.7786135673522949,0.20051392072876448,0.057329144328832626,1.0
-159.3468017578125,52.661067962646484,-23.41065788269043,7.541564464569092,7.230841159820557,-16.932405471801758,27.729854583740234,35.60143280029297,5.5359368324279785,3.3079004287719727,23.011255264282227,-5.446063995361328,-0.5912257432937622,5.290700912475586,-11.124378204345703,-13.474822998046875,17.7180233001709,1.9326181411743164,6.403783321380615,6.6835503578186035,6081.912780323226,6466.035415049396,0.3935447335243225,0.42865046858787537,0.644788920879364,0.5876967310905457,0.1497330218553543,0.10434018820524216,0.09156036376953125,0.24520401656627655,0.20026732981204987,0.24926719069480896,0.9052499532699585,0.6204606890678406,0.20060064249517376,0.057105883955955505,1.0
-159.0130615234375,52.45818328857422,-23.20464515686035,7.3518290519714355,6.777995586395264,-16.290611267089844,28.01223373413086,35.582393646240234,5.229115962982178,3.0153191089630127,23.26154136657715,-5.582667827606201,-0.7104196548461914,5.282313823699951,-11.40439510345459,-13.986572265625,17.44325828552246,1.9783860445022583,6.48905086517334,7.014072418212891,6084.501138666419,6476.1073140783765,0.3915446102619171,0.438070684671402,0.6530978083610535,0.5987186431884766,0.15168611705303192,0.10588216781616211,0.09142579138278961,0.23918330669403076,0.19640175998210907,0.24745669960975647,0.8968471884727478,0.6126211285591125,0.20181851773648649,0.057343490421772,1.0
-159.66798400878906,52.838016510009766,-22.752737045288086,7.364400386810303,7.049578666687012,-16.69271469116211,28.051286697387695,35.611934661865234,5.145719051361084,3.186530590057373,23.46404457092285,-5.8010454177856445,-0.5390487313270569,5.6704182624816895,-11.071464538574219,-13.794041633605957,17.183820724487305,2.1905517578125,6.537478923797607,6.466702938079834,6098.036612582762,6478.2668284895535,0.38576701283454895,0.41804420948028564,0.6524431705474854,0.5922183990478516,0.14545507729053497,0.10072013735771179,0.08738448470830917,0.22450041770935059,0.19709479808807373,0.2488759160041809,0.8994241952896118,0.6069766879081726,0.20026129645270271,0.05722781643271446,1.0
-159.10044860839844,52.448062896728516,-22.977252960205078,7.55405330657959,6.560713291168213,-16.685062408447266,28.062416076660156,35.47053527832031,5.309666633605957,3.098125696182251,23.236879348754883,-5.914734840393066,-0.8439214825630188,5.394918441772461,-10.700157165527344,-13.597999572753906,17.052431106567383,1.7272298336029053,6.323792934417725,6.822426795959473,6091.696786520808,6485.735597377605,0.3963435888290405,0.42926353216171265,0.6464533805847168,0.5935355424880981,0.14975762367248535,0.10380980372428894,0.08820290118455887,0.2261752486228943,0.19560283422470093,0.24719703197479248,0.8970496654510498,0.6133884191513062,0.20168277931949807,0.0573202483355999,1.0
-159.37559509277344,52.341590881347656,-23.21310806274414,7.315710544586182,6.535567283630371,-16.72869873046875,28.293794631958008,36.064632415771484,5.341673374176025,3.1664576530456543,23.438291549682617,-5.814739227294922,-0.7692779302597046,5.2338385581970215,-11.097196578979492,-13.8316650390625,17.38385009765625,1.7666051387786865,6.393888473510742,7.087496280670166,6082.147308811919,6476.174098752078,0.40902212262153625,0.4628511369228363,0.5666875243186951,0.7312895655632019,0.19236186146736145,0.11243369430303574,0.08566272258758545,0.207424134016037,0.22778376936912537,0.19147120416164398,0.8547941446304321,0.7917872667312622,0.1997409658542471,0.05748244374990463,1.0
-158.82151794433594,52.341339111328125,-23.016996383666992,7.371238708496094,6.588020324707031,-16.865478515625,27.658550262451172,35.57651138305664,5.33955717086792,3.1406307220458984,23.022808074951172,-5.707009315490723,-0.2519432008266449,5.474538326263428,-11.150927543640137,-13.853086471557617,17.17791175842285,1.5861012935638428,6.200671672821045,6.5956501960754395,6091.882551812664,6497.503386991381,0.39229902625083923,0.43255239725112915,0.6472980976104736,0.596470057964325,0.1513315886259079,0.11067352443933487,0.09232425689697266,0.2322065681219101,0.19048267602920532,0.24945156276226044,0.9053217768669128,0.6188477873802185,0.20322114804536678,0.057149507105350494,1.0
-159.25875854492188,52.553035736083984,-23.292007446289062,7.9929680824279785,6.948855876922607,-17.416641235351562,27.589208602905273,35.17475128173828,5.458549499511719,3.336886167526245,23.15829086303711,-5.68293571472168,-0.3764810860157013,5.41757869720459,-10.723066329956055,-13.489120483398438,17.371366500854492,2.000711679458618,6.0751519203186035,6.483686923980713,6082.162693945588,6474.537223367718,0.39499351382255554,0.4293462336063385,0.6611373424530029,0.6006808280944824,0.149513378739357,0.1050550639629364,0.09051226079463959,0.23626941442489624,0.1938072293996811,0.24715149402618408,0.8955972194671631,0.6105003952980042,0.20177892736486486,0.057364195585250854,1.0
-159.42457580566406,52.154930114746094,-22.880640029907227,7.403448104858398,6.443911552429199,-16.814748764038086,28.186016082763672,35.661582946777344,5.403176307678223,3.358924388885498,23.232315063476562,-6.051022529602051,-0.9188694953918457,5.309714317321777,-10.640801429748535,-13.643836975097656,17.322769165039062,1.5795339345932007,6.2701826095581055,6.873722553253174,6102.882724562446,6510.48627471792,0.4061586856842041,0.4434289038181305,0.5650285482406616,0.7548835873603821,0.19642677903175354,0.11166276037693024,0.08407776057720184,0.19619634747505188,0.22453761100769043,0.19029900431632996,0.8383708596229553,0.7849894165992737,0.20267442386583012,0.05722787603735924,1.0
-159.8021240234375,53.080440521240234,-23.791627883911133,7.035892963409424,6.7144036293029785,-15.16446590423584,28.437711715698242,36.455841064453125,4.846755027770996,3.5006051063537598,22.63533592224121,-5.9334893226623535,-1.063187837600708,5.269615173339844,-12.068511962890625,-14.236414909362793,17.395673751831055,2.2144813537597656,7.694498538970947,7.582582473754883,6034.1256066118385,6406.785020840589,0.35809335112571716,0.43842577934265137,0.5498391389846802,0.7323917746543884,0.1924358606338501,0.11555637419223785,0.08464568853378296,0.21920859813690186,0.2418363243341446,0.19205284118652344,0.841640055179596,0.777065634727478,0.1934951134169884,0.05737560987472534,1.0
-159.58029174804688,52.30716323852539,-22.908912658691406,7.4941935539245605,7.2243428230285645,-16.697277069091797,27.54296875,35.69612121582031,5.287313938140869,3.000483512878418,23.024131774902344,-6.039787769317627,-0.6009521484375,5.265408992767334,-11.091578483581543,-13.676624298095703,17.343637466430664,1.8473705053329468,6.419546127319336,6.65929651260376,6102.823264362044,6507.0491790083315,0.3887699544429779,0.4137948155403137,0.6546703577041626,0.6036573052406311,0.15014272928237915,0.11074327677488327,0.08984354138374329,0.22665150463581085,0.19429545104503632,0.24673232436180115,0.893596351146698,0.6104224920272827,0.2024708162403475,0.05691205710172653,1.0
-159.27569580078125,52.575077056884766,-23.077407836914062,7.342422962188721,6.705246448516846,-17.10605239868164,27.685176849365234,35.43302917480469,5.81002950668335,3.227646589279175,23.078073501586914,-5.580562591552734,-0.6643703579902649,5.498652935028076,-10.706066131591797,-13.119568824768066,17.38778305053711,1.3835663795471191,6.036759376525879,6.485893249511719,6106.037100683967,6497.87048274151,0.4054897725582123,0.4276396632194519,0.6506314873695374,0.5948100090026855,0.15298867225646973,0.10864295810461044,0.09222529828548431,0.23635725677013397,0.1950828582048416,0.24904446303844452,0.9070747494697571,0.6239654421806335,0.20236147140444016,0.05686856433749199,1.0
-159.27235412597656,52.6307373046875,-22.770936965942383,7.171492099761963,6.688965797424316,-16.415555953979492,27.757619857788086,35.50514221191406,5.240209102630615,3.0678205490112305,23.431350708007812,-5.95390510559082,-0.7054133415222168,5.635210037231445,-10.722432136535645,-13.876873016357422,17.01149559020996,1.4374152421951294,6.224813938140869,6.670534610748291,6109.094707249986,6505.4072373043855,0.41076624393463135,0.45044252276420593,0.5586784482002258,0.7322059273719788,0.19860687851905823,0.11418522894382477,0.0863196924328804,0.20124471187591553,0.22320976853370667,0.19237634539604187,0.841706395149231,0.7882944345474243,0.2025330296814672,0.05681873857975006,1.0
-159.9470977783203,52.09792709350586,-22.79548454284668,7.0478925704956055,6.677708625793457,-16.828685760498047,27.433061599731445,35.6705322265625,6.0826544761657715,3.503602981567383,23.40648078918457,-5.664287567138672,-0.5043354630470276,5.456335067749023,-11.121753692626953,-14.1138277053833,17.29859733581543,1.6835334300994873,5.969513416290283,6.905890941619873,6124.785288449277,6524.522240858135,0.3912515342235565,0.4114758372306824,0.6203243732452393,0.5808484554290771,0.1517457515001297,0.10822754353284836,0.08842167258262634,0.2209918051958084,0.18450315296649933,0.24948108196258545,0.9108487367630005,0.6176437139511108,0.20179777992277992,0.05641879886388779,1.0
-159.47125244140625,52.53178405761719,-22.822895050048828,7.678746700286865,7.229205131530762,-16.623729705810547,27.492338180541992,35.17023849487305,5.396718978881836,3.254067897796631,23.593395233154297,-5.936310291290283,-0.8278833031654358,5.323568344116211,-10.637508392333984,-13.706668853759766,17.39397621154785,1.8465932607650757,6.209799766540527,6.836233139038086,6113.174943182888,6503.199715966242,0.4006759226322174,0.4333166778087616,0.6478879451751709,0.5977712273597717,0.15105092525482178,0.1080334484577179,0.09161363542079926,0.2309635728597641,0.1899457424879074,0.2504424452781677,0.9040154218673706,0.6185104846954346,0.20187884592181468,0.05690624937415123,1.0
-159.65000915527344,52.48716354370117,-22.879037857055664,7.276499271392822,7.150326251983643,-16.853055953979492,27.834583282470703,35.77214431762695,5.604659080505371,3.180907726287842,23.339508056640625,-5.802842617034912,-1.0227875709533691,5.226640224456787,-10.67989444732666,-13.277639389038086,17.334978103637695,1.462910532951355,6.590195178985596,7.219415664672852,6119.099434275863,6510.265622402691,0.3995891511440277,0.4391879439353943,0.5568424463272095,0.7285559773445129,0.19279834628105164,0.1117631196975708,0.08359336853027344,0.19379737973213196,0.21372464299201965,0.19097760319709778,0.8497662544250488,0.7841382026672363,0.20199384652509653,0.05694027245044708,1.0
-159.2169952392578,52.417537689208984,-22.854549407958984,7.410838603973389,6.594241142272949,-17.070524215698242,27.36699676513672,35.37929916381836,5.836991310119629,3.2275218963623047,23.344614028930664,-5.563563346862793,-0.4869343638420105,5.352593898773193,-10.784919738769531,-13.697158813476562,17.1834774017334,1.2102857828140259,5.938575744628906,7.043605804443359,6114.3360138826665,6512.2542311795,0.4033716320991516,0.4390987455844879,0.559007465839386,0.7420926690101624,0.1966431438922882,0.11645998060703278,0.08884599804878235,0.19819121062755585,0.2230854034423828,0.19301296770572662,0.8518524169921875,0.7919211387634277,0.20341532939189189,0.056759998202323914,1.0
-159.8224334716797,52.401920318603516,-22.72092628479004,7.307990074157715,6.951931476593018,-17.001853942871094,27.76743507385254,35.618324279785156,5.63442325592041,3.40545392036438,23.49770164489746,-5.729610919952393,-0.7991604804992676,5.286935806274414,-10.433557510375977,-13.301453590393066,17.44763946533203,1.5174071788787842,5.790345191955566,6.914641380310059,6123.721791660382,6515.13730474178,0.40093550086021423,0.4292047321796417,0.6433023810386658,0.5961980819702148,0.14941367506980896,0.10562212765216827,0.08813489973545074,0.21354565024375916,0.1855705827474594,0.24810390174388885,0.9044206738471985,0.6174158453941345,0.20234827461389962,0.05686269327998161,1.0
-159.41993713378906,52.4085807800293,-22.71879005432129,7.231736183166504,6.7650957107543945,-16.935619354248047,27.700820922851562,35.48440933227539,5.740844249725342,3.390042543411255,23.193906784057617,-6.029008388519287,-0.7978475689888,5.84618616104126,-10.379317283630371,-13.649574279785156,17.650381088256836,1.6701459884643555,5.904854774475098,6.537813663482666,6123.572929633621,6524.893943324129,0.4128606617450714,0.43744486570358276,0.6339398622512817,0.5827777981758118,0.1564428210258484,0.11048895120620728,0.0912044495344162,0.22906182706356049,0.18734583258628845,0.2509571611881256,0.9047172665596008,0.6257106065750122,0.20334368967181468,0.05665548890829086,1.0
-159.94410705566406,52.43800354003906,-22.610790252685547,7.109796524047852,6.856592655181885,-16.939533233642578,27.732831954956055,35.625919342041016,5.636775493621826,3.028110980987549,23.011653900146484,-6.054282188415527,-0.5405933856964111,5.43973445892334,-10.3133544921875,-13.785111427307129,17.423097610473633,1.7381807565689087,6.086287021636963,6.52106237411499,6139.585680324804,6536.236752688921,0.39815571904182434,0.42056789994239807,0.6292867064476013,0.5920469164848328,0.1547427773475647,0.10898643732070923,0.08902349323034286,0.21500499546527863,0.1781976968050003,0.24896682798862457,0.9085145592689514,0.6207709908485413,0.20237843870656372,0.05625051632523537,1.0
-159.49057006835938,53.051422119140625,-23.56804656982422,7.485247611999512,6.909897804260254,-15.5469388961792,27.99055290222168,36.04765319824219,4.6391825675964355,3.5546367168426514,22.839040756225586,-5.645290374755859,-1.038611888885498,5.001537799835205,-11.610811233520508,-13.814436912536621,17.703414916992188,2.292158603668213,7.483958721160889,7.658390522003174,6036.464246017245,6409.065877545091,0.34100428223609924,0.4213511347770691,0.6503351926803589,0.5848225951194763,0.14388208091259003,0.10104893147945404,0.08860430121421814,0.24642324447631836,0.20053420960903168,0.2526719570159912,0.8922766447067261,0.5832606554031372,0.191402479488417,0.05768328160047531,1.0
-159.70843505859375,52.17192840576172,-22.843881607055664,7.40570068359375,7.0116753578186035,-17.010116577148438,27.263301849365234,35.22101593017578,5.991706371307373,3.3540401458740234,23.23198890686035,-5.673458576202393,-0.5791156888008118,5.3762288093566895,-10.4578857421875,-13.56220531463623,17.550765991210938,1.3796008825302124,5.767545223236084,6.824294567108154,6131.962830972908,6533.562703711442,0.4051765501499176,0.4288250207901001,0.6475324630737305,0.5975757241249084,0.1556563675403595,0.11171583086252213,0.09094057977199554,0.22153840959072113,0.1818663328886032,0.24981239438056946,0.906687319278717,0.6227473020553589,0.20340213260135134,0.0564451701939106,1.0
-159.83306884765625,52.63374710083008,-22.482839584350586,7.146020412445068,6.799534320831299,-16.991186141967773,27.696786880493164,35.32896423339844,5.885870456695557,3.2764148712158203,23.432937622070312,-5.851832866668701,-0.7473318576812744,5.4472737312316895,-10.501882553100586,-13.333517074584961,17.443016052246094,1.3581585884094238,5.91193151473999,6.6963605880737305,6144.233507714225,6536.900858949827,0.4019522964954376,0.4457205832004547,0.5560424327850342,0.7311248183250427,0.1988646239042282,0.11718729883432388,0.08705645799636841,0.19175755977630615,0.20987951755523682,0.1923094093799591,0.8520416021347046,0.7942947745323181,0.20400729971042472,0.056425198912620544,1.0
-159.81349182128906,52.466426849365234,-22.36406135559082,6.8630900382995605,6.675545692443848,-16.68437385559082,27.75259780883789,35.65119171142578,6.021884918212891,3.017786979675293,23.29185676574707,-6.287791728973389,-0.7481282949447632,5.645618915557861,-10.315354347229004,-13.517744064331055,17.476842880249023,1.3413797616958618,5.964593887329102,6.6773762702941895,6156.545979317776,6555.161947964442,0.41138339042663574,0.4417622685432434,0.5496245622634888,0.727969229221344,0.20002882182598114,0.11858242005109787,0.08795006573200226,0.19707371294498444,0.2156791090965271,0.1939416080713272,0.8549557328224182,0.7982674837112427,0.20475763151544402,0.05629247426986694,1.0
-159.92408752441406,52.70530700683594,-22.364255905151367,7.213336944580078,6.4405927658081055,-17.156879425048828,27.5786075592041,35.47467803955078,6.051623821258545,3.121358871459961,23.316299438476562,-5.9710307121276855,-0.6266635656356812,5.667435169219971,-9.987460136413574,-13.326817512512207,17.718059539794922,1.6558719873428345,5.850827693939209,6.641188144683838,6141.648516522507,6534.306031956198,0.40611591935157776,0.4277057349681854,0.6405584216117859,0.5804072618484497,0.15062327682971954,0.1095929890871048,0.0894436463713646,0.20911061763763428,0.1740977019071579,0.2549680471420288,0.9119427800178528,0.6135303378105164,0.2037433638996139,0.05627403035759926,1.0
-160.0265350341797,52.16432571411133,-22.225868225097656,7.476380825042725,6.966207027435303,-17.07772445678711,27.476716995239258,35.10352325439453,5.989252090454102,3.4633755683898926,23.486818313598633,-5.693854331970215,-1.0031013488769531,5.401439189910889,-10.30634593963623,-13.722271919250488,17.45085906982422,1.4483296871185303,6.01588773727417,6.867125034332275,6152.558913005404,6557.071056055777,0.4052003026008606,0.42532429099082947,0.6331343650817871,0.5828331708908081,0.15470516681671143,0.11110694706439972,0.08943643420934677,0.2135903388261795,0.18031159043312073,0.2537132501602173,0.9130144119262695,0.6263525485992432,0.20477082830598456,0.05621436983346939,1.0
-159.73133850097656,52.32310104370117,-22.7760009765625,7.210583686828613,6.909420490264893,-16.744503021240234,27.544527053833008,35.51609420776367,6.138402462005615,3.160940647125244,23.352737426757812,-5.906007766723633,-0.7546132206916809,5.278757572174072,-10.231160163879395,-13.380135536193848,17.66587257385254,1.5219314098358154,5.627243518829346,6.862747669219971,6140.595191140674,6538.409073870401,0.4130026698112488,0.425397664308548,0.6335849761962891,0.5837535858154297,0.1511828750371933,0.10997679829597473,0.08905038982629776,0.2121470421552658,0.18249483406543732,0.24875351786613464,0.9094024896621704,0.6283960342407227,0.20544763513513514,0.056278981268405914,1.0
-159.44863891601562,52.33525848388672,-22.716703414916992,7.384063243865967,6.569295406341553,-17.32404899597168,27.508132934570312,35.28017044067383,6.036323070526123,3.139270782470703,23.597606658935547,-5.757830619812012,-0.8911727666854858,5.395462512969971,-10.212389945983887,-13.380753517150879,17.36433982849121,1.2123891115188599,5.871596336364746,6.607851505279541,6137.810931375289,6544.529635686097,0.4114321172237396,0.4262368679046631,0.6406118273735046,0.5876998901367188,0.15100973844528198,0.10667861998081207,0.08909422159194946,0.20853453874588013,0.17339923977851868,0.24884139001369476,0.8980512022972107,0.6232642531394958,0.2047255821669884,0.056458987295627594,1.0
-159.84048461914062,52.24979019165039,-22.551305770874023,7.4522786140441895,6.763436317443848,-17.08021354675293,27.4985294342041,35.3765869140625,5.829956531524658,3.0678932666778564,23.361087799072266,-6.166653633117676,-0.4925467073917389,5.6299920082092285,-10.177449226379395,-13.2691011428833,17.84034538269043,1.300123929977417,5.43422794342041,6.583732604980469,6142.00913472276,6549.3806329856725,0.4096318185329437,0.42166030406951904,0.6472525596618652,0.5639984607696533,0.14748403429985046,0.10771922767162323,0.0891900286078453,0.2085779458284378,0.16456390917301178,0.2545708119869232,0.9009935855865479,0.5983597636222839,0.20397525036196912,0.056416671723127365,1.0
-159.63136291503906,52.4333610534668,-22.466873168945312,7.060279369354248,6.606335639953613,-17.053102493286133,27.480018615722656,35.36550521850586,5.9942946434021,3.389531135559082,23.169843673706055,-6.561886787414551,-0.8757173418998718,5.677540302276611,-10.024741172790527,-13.471521377563477,17.207366943359375,1.0582345724105835,5.764042377471924,6.825235366821289,6148.973001852536,6556.122457727965,0.41601231694221497,0.45000511407852173,0.556955099105835,0.7415001392364502,0.20419122278690338,0.11825195699930191,0.08680422604084015,0.17859472334384918,0.19958622753620148,0.19180001318454742,0.8476149439811707,0.8013825416564941,0.20499894425675674,0.056101780384778976,1.0
-159.92747497558594,52.46572494506836,-22.61133575439453,7.141478061676025,6.925412654876709,-16.87385368347168,27.543659210205078,35.60406494140625,6.212016582489014,3.0122246742248535,22.94454002380371,-5.9593915939331055,-0.5815770626068115,5.53872013092041,-10.254056930541992,-13.487157821655273,17.735448837280273,1.0716465711593628,5.849363327026367,6.866191864013672,6152.227742065417,6552.666558281072,0.4257655441761017,0.45132067799568176,0.5508727431297302,0.7219537496566772,0.198991596698761,0.12237852066755295,0.09072005748748779,0.19169344007968903,0.20605914294719696,0.19236309826374054,0.8533298373222351,0.8056896924972534,0.20587747345559845,0.05585060641169548,1.0
-159.58590698242188,52.39666748046875,-23.64453887939453,7.084146499633789,6.836734294891357,-15.18100357055664,27.78949546813965,35.87373352050781,5.0011115074157715,4.139880180358887,23.38083839416504,-5.500983238220215,-0.978825032711029,5.239772319793701,-12.278183937072754,-14.512513160705566,17.19222068786621,1.8660746812820435,7.643767833709717,7.97723388671875,6043.415225117746,6435.528130775679,0.33639976382255554,0.4025774896144867,0.653813362121582,0.5887673497200012,0.14324848353862762,0.10678840428590775,0.08786679059267044,0.23398488759994507,0.20606160163879395,0.25145572423934937,0.8905675411224365,0.5868066549301147,0.19367609797297297,0.05747513473033905,1.0
-159.97572326660156,52.14642333984375,-22.611513137817383,7.186767578125,6.896892070770264,-16.797731399536133,27.72643280029297,35.57941436767578,6.246470928192139,3.2157208919525146,23.414628982543945,-6.290030479431152,-1.052704930305481,5.2523932456970215,-9.927353858947754,-12.98143196105957,17.097543716430664,0.9616814851760864,5.671278476715088,6.804142475128174,6155.672256929228,6559.25945009645,0.421175479888916,0.4437767565250397,0.5488125681877136,0.7372732758522034,0.20353183150291443,0.1192321702837944,0.08719348907470703,0.18340089917182922,0.1995411217212677,0.19318260252475739,0.8471283316612244,0.8023166060447693,0.20356614985521235,0.05601207911968231,1.0
-160.2311248779297,52.5918083190918,-22.37406349182129,7.18636417388916,7.2114057540893555,-16.828004837036133,27.709157943725586,35.31014633178711,5.849891662597656,3.2469699382781982,23.432348251342773,-6.198383808135986,-1.0340821743011475,5.393270015716553,-10.057430267333984,-13.132146835327148,17.651653289794922,1.4295601844787598,6.087738513946533,6.856953144073486,6162.753750475346,6556.441845473029,0.4169873893260956,0.45477187633514404,0.5591404438018799,0.7352135181427002,0.2017371505498886,0.11680667102336884,0.08680891245603561,0.18409280478954315,0.19933073222637177,0.19386152923107147,0.8559349775314331,0.8045235872268677,0.2046200078426641,0.0560394749045372,1.0
-160.1787109375,52.43472671508789,-22.33978271484375,7.208157539367676,7.346839427947998,-17.148080825805664,27.038135528564453,35.05705642700195,6.501611232757568,3.0803260803222656,23.084598541259766,-5.932699203491211,-0.8424376249313354,5.739969730377197,-10.098023414611816,-13.123241424560547,17.842554092407227,1.2076951265335083,5.64577054977417,6.630852699279785,6174.542711708217,6579.503987945104,0.39253589510917664,0.39723092317581177,0.6749169230461121,0.47328829765319824,0.13145016133785248,0.10088729858398438,0.09222909063100815,0.20413386821746826,0.14776428043842316,0.31022459268569946,0.9139531254768372,0.5210917592048645,0.2056286196911197,0.05572570487856865,1.0
-160.15750122070312,52.89611053466797,-22.19615936279297,7.227266788482666,6.944949626922607,-17.012706756591797,27.494815826416016,35.03104019165039,6.228035926818848,3.2330830097198486,23.368581771850586,-5.858077049255371,-0.8090629577636719,5.69413423538208,-9.989693641662598,-13.30869197845459,17.301668167114258,0.9937573075294495,5.696897029876709,6.875222682952881,6163.774627908825,6556.285816253621,0.4292093813419342,0.4442414939403534,0.5497846603393555,0.7277376055717468,0.20174089074134827,0.12320183217525482,0.08967385441064835,0.1811119168996811,0.19786176085472107,0.1939118653535843,0.8528282642364502,0.8069254755973816,0.20525533904440155,0.05576879903674126,1.0
-159.93759155273438,52.37163543701172,-22.358999252319336,6.988256931304932,6.982602119445801,-17.144651412963867,27.212169647216797,35.078857421875,6.458787441253662,3.612605333328247,23.422330856323242,-6.154330730438232,-1.083382487297058,5.7071967124938965,-10.137702941894531,-13.500885009765625,17.489547729492188,1.0794367790222168,5.391465663909912,6.5999064445495605,6169.639757074905,6572.647042143693,0.43142056465148926,0.4553068280220032,0.548861563205719,0.7306098341941833,0.19966919720172882,0.1184714138507843,0.08600898832082748,0.17441049218177795,0.19306588172912598,0.19402150809764862,0.8504816889762878,0.8007203340530396,0.20554189792471042,0.05597338452935219,1.0
-159.99533081054688,52.245296478271484,-22.54831886291504,7.391350746154785,7.069788455963135,-16.993087768554688,27.364959716796875,35.3497314453125,6.633542060852051,3.4710216522216797,23.191864013671875,-6.211180686950684,-0.9149775505065918,5.80765962600708,-9.70324420928955,-13.020075798034668,17.497228622436523,1.2553586959838867,5.505215644836426,6.671815872192383,6156.150013004472,6557.462583273627,0.4397607743740082,0.4692828953266144,0.5571845769882202,0.7238650321960449,0.2062302678823471,0.12419407069683075,0.08915913850069046,0.1883642077445984,0.19891034066677094,0.19556480646133423,0.8587392568588257,0.8163810968399048,0.20610935991795368,0.05592963099479675,1.0
-159.5998077392578,52.326385498046875,-22.311206817626953,7.2206549644470215,6.85225248336792,-17.00702667236328,27.433258056640625,35.1966667175293,6.1255879402160645,3.2211365699768066,23.165517807006836,-6.027297496795654,-0.7970831394195557,5.248068809509277,-9.765715599060059,-13.45212173461914,17.000659942626953,0.9404789209365845,5.4252753257751465,6.885148525238037,6169.765022397327,6577.415317631305,0.4337601065635681,0.4483455717563629,0.551364541053772,0.7224173545837402,0.2037709802389145,0.12692682445049286,0.09178037941455841,0.18166275322437286,0.19456295669078827,0.1934834122657776,0.8557134866714478,0.8153506517410278,0.2059905888030888,0.05571840703487396,1.0
-160.42132568359375,52.32470703125,-22.323238372802734,7.121163845062256,6.7229108810424805,-17.108978271484375,27.757301330566406,35.25698471069336,6.152719974517822,3.2060976028442383,23.068357467651367,-6.150724411010742,-0.8555198311805725,5.850306987762451,-9.476558685302734,-13.102986335754395,17.375524520874023,1.3652235269546509,5.530953884124756,7.068816661834717,6166.430282728159,6573.565885875271,0.4460565149784088,0.4558674097061157,0.5530389547348022,0.732961118221283,0.2081708312034607,0.12232094258069992,0.08802787959575653,0.17591950297355652,0.1883922666311264,0.19318075478076935,0.8568993210792542,0.8177427649497986,0.20696149553571427,0.055572010576725006,1.0
-159.87396240234375,52.207275390625,-22.28675079345703,7.1268510818481445,7.025498390197754,-17.097187042236328,27.01618003845215,35.33789825439453,6.2952799797058105,3.3932321071624756,23.45199203491211,-6.186809539794922,-0.9865656495094299,5.260041236877441,-10.01200008392334,-13.477043151855469,17.240516662597656,0.7526963949203491,5.438368320465088,6.8795576095581055,6172.246942849364,6585.6328928410185,0.4211891293525696,0.4219342768192291,0.63150954246521,0.5958012342453003,0.1555185467004776,0.11623024940490723,0.08917094022035599,0.19970804452896118,0.16362173855304718,0.24899756908416748,0.9019370675086975,0.6363517642021179,0.2062828034507722,0.05565420165657997,1.0
-160.26390075683594,52.26071548461914,-22.360902786254883,7.262194633483887,6.928852558135986,-17.062314987182617,27.302406311035156,35.071388244628906,6.031619548797607,3.148163080215454,23.04888916015625,-6.380923271179199,-0.7071674466133118,5.705278396606445,-9.704825401306152,-12.979104042053223,17.731672286987305,1.2428154945373535,5.481283664703369,6.648517608642578,6169.744947426204,6580.574461654979,0.4342057406902313,0.46223321557044983,0.5618051886558533,0.7445516586303711,0.20714640617370605,0.12253886461257935,0.08828559517860413,0.17164751887321472,0.18435126543045044,0.19293126463890076,0.8531593084335327,0.8101100921630859,0.2071632179054054,0.05563303828239441,1.0
-159.2128448486328,53.18195343017578,-24.035627365112305,7.103154182434082,6.791661262512207,-15.60852336883545,28.35662841796875,35.67243194580078,4.5685882568359375,3.9330806732177734,22.782306671142578,-5.915537357330322,-0.9380751848220825,5.441256046295166,-11.907780647277832,-14.26329517364502,17.877111434936523,2.7755658626556396,7.691184997558594,7.617154598236084,6028.5137993782455,6399.1292723700435,0.35077792406082153,0.43070995807647705,0.657938539981842,0.5900957584381104,0.14358527958393097,0.10551535338163376,0.08733919262886047,0.23060619831085205,0.19957420229911804,0.2544324994087219,0.8968603610992432,0.5880246162414551,0.1930652750965251,0.05794278904795647,1.0
-160.15896606445312,52.31801986694336,-22.227294921875,7.44227409362793,7.308106422424316,-17.234050750732422,27.09799575805664,34.824920654296875,6.300914287567139,3.5825750827789307,23.355365753173828,-6.389238357543945,-1.076098918914795,5.532979488372803,-9.494462013244629,-13.114365577697754,17.164518356323242,0.8268321752548218,5.213486194610596,6.915127277374268,6175.838759757615,6587.95081569785,0.4357894957065582,0.4569307863712311,0.5568913817405701,0.7284672856330872,0.19812963902950287,0.12274322658777237,0.08874708414077759,0.17549484968185425,0.18810081481933594,0.19260402023792267,0.8439501523971558,0.8129061460494995,0.2061866554054054,0.055531080812215805,1.0
-160.17430114746094,52.07741165161133,-22.705251693725586,7.137929916381836,6.86082124710083,-16.94812774658203,27.17967414855957,34.926753997802734,6.477290153503418,3.3176076412200928,22.805070877075195,-6.56666374206543,-0.9123323559761047,5.6716837882995605,-9.486089706420898,-12.789566040039062,17.606185913085938,1.1401176452636719,5.5635857582092285,6.699126243591309,6167.479937387857,6581.263636195351,0.43599092960357666,0.44940975308418274,0.5529053807258606,0.7372802495956421,0.207423135638237,0.1229260191321373,0.08798392862081528,0.17253442108631134,0.1842804104089737,0.19000665843486786,0.8411123156547546,0.8020857572555542,0.20737813706563707,0.05552341043949127,1.0
-160.08055114746094,52.34110641479492,-21.9652156829834,7.078314304351807,6.8666229248046875,-17.294126510620117,27.294849395751953,35.28008270263672,6.301538944244385,3.224668025970459,23.2097225189209,-6.254760265350342,-0.964979350566864,5.630436897277832,-9.754045486450195,-13.078614234924316,17.449851989746094,0.7624394297599792,5.286159038543701,6.733162879943848,6183.889619224511,6602.487195900731,0.44261273741722107,0.44929131865501404,0.5536060929298401,0.7360361814498901,0.20668135583400726,0.12618355453014374,0.09049775451421738,0.1752350926399231,0.18936313688755035,0.19256454706192017,0.8493377566337585,0.826911449432373,0.20767789273648649,0.05536565184593201,1.0
-159.87838745117188,52.49898910522461,-22.40618324279785,6.938220024108887,6.755405902862549,-17.26024055480957,27.265567779541016,35.639137268066406,6.46856164932251,3.0689661502838135,23.20554542541504,-5.954429626464844,-0.5192979574203491,5.96772575378418,-9.569396018981934,-13.013020515441895,17.275123596191406,0.3354984223842621,4.872605323791504,7.109461307525635,6166.260793244062,6569.163580295,0.4345133900642395,0.44986170530319214,0.5499825477600098,0.7484726309776306,0.20950567722320557,0.12479779124259949,0.08833444863557816,0.17549096047878265,0.18118833005428314,0.1879502236843109,0.8362993001937866,0.7983980774879456,0.20715002111486486,0.055771373212337494,1.0
-160.0028076171875,52.4411735534668,-22.157543182373047,7.389799118041992,6.842197418212891,-17.369062423706055,26.950960159301758,34.79702377319336,6.514387130737305,3.4580836296081543,23.674863815307617,-6.220447540283203,-1.3298879861831665,5.498660564422607,-9.396705627441406,-13.005123138427734,17.454076766967773,0.8412953615188599,5.444930553436279,7.232752799987793,6177.492222973618,6585.987726561263,0.43227845430374146,0.43482881784439087,0.6427021026611328,0.5987366437911987,0.15763550996780396,0.11562013626098633,0.0893668681383133,0.19109879434108734,0.15978671610355377,0.2548074424266815,0.9161146879196167,0.6443374752998352,0.20657878861003862,0.05548784136772156,1.0
-160.0537567138672,52.34792709350586,-22.35761070251465,7.743362903594971,6.999040126800537,-17.53026580810547,26.958234786987305,34.616458892822266,6.695454120635986,3.642307758331299,23.49962043762207,-6.160411357879639,-1.1529406309127808,5.392269611358643,-9.748934745788574,-13.077120780944824,17.05567169189453,0.6414337754249573,5.086363315582275,6.946178913116455,6171.6373437082775,6584.625524806192,0.4459174573421478,0.45578116178512573,0.5588830709457397,0.7327320575714111,0.20785754919052124,0.12650124728679657,0.09035374969244003,0.171739399433136,0.18286660313606262,0.1933479607105255,0.8475251197814941,0.8128618597984314,0.20645059121621623,0.055521849542856216,1.0
-159.84669494628906,51.89849090576172,-22.496274948120117,7.543208599090576,7.054906845092773,-17.535371780395508,27.09320640563965,35.00531768798828,6.631495475769043,3.2468149662017822,23.04570198059082,-6.112631320953369,-0.6827785968780518,5.85446310043335,-9.391221046447754,-12.813655853271484,17.4194393157959,0.5389140844345093,4.971752166748047,7.030203819274902,6172.277773126372,6594.411907535377,0.4462507367134094,0.4528057873249054,0.553378164768219,0.7433644533157349,0.2075129747390747,0.12689626216888428,0.08800520747900009,0.1681717187166214,0.18001426756381989,0.18998311460018158,0.8367727398872375,0.8045052886009216,0.20614140926640925,0.05569254234433174,1.0
-160.06484985351562,52.10761642456055,-22.328968048095703,7.389990329742432,6.869858741760254,-17.24112892150879,27.033536911010742,34.99169158935547,6.348113536834717,3.387571334838867,23.61988067626953,-6.179235935211182,-1.122994303703308,5.619089603424072,-9.733956336975098,-13.026336669921875,17.418983459472656,0.8874942064285278,5.164536476135254,6.63040018081665,6168.433818716857,6595.503784839531,0.4453482925891876,0.4559081792831421,0.5598597526550293,0.7332190871238708,0.2068292796611786,0.1256367564201355,0.09005894511938095,0.1749919056892395,0.18162786960601807,0.19186800718307495,0.8415942788124084,0.8123292922973633,0.20946700048262548,0.055396296083927155,1.0
-160.0615997314453,51.839900970458984,-22.58986473083496,6.971206188201904,6.994821548461914,-16.983036041259766,27.296316146850586,35.193519592285156,6.293949127197266,3.268855333328247,23.189998626708984,-6.648351669311523,-0.9924201965332031,5.783738136291504,-9.087560653686523,-12.750543594360352,17.427942276000977,0.650305449962616,5.281247138977051,6.999742031097412,6179.729070507976,6602.955000724726,0.4399212598800659,0.45290616154670715,0.5615622401237488,0.7513055801391602,0.20501627027988434,0.12568612396717072,0.08987987786531448,0.16752512753009796,0.1741093099117279,0.18815800547599792,0.8362723588943481,0.8107737898826599,0.20782305743243243,0.055567171424627304,1.0
-160.1804962158203,52.56972885131836,-22.298505783081055,6.956851959228516,6.978147983551025,-17.20624351501465,27.19294548034668,35.18214797973633,6.411966800689697,3.1077330112457275,23.197891235351562,-6.321572303771973,-0.4471265971660614,6.031576156616211,-9.211115837097168,-12.694477081298828,17.274911880493164,0.513540506362915,4.822368621826172,6.780063629150391,6184.228002250473,6588.737673623617,0.4426650106906891,0.45029956102371216,0.5605953931808472,0.7507044672966003,0.21302010118961334,0.13410627841949463,0.09217558801174164,0.16930526494979858,0.17633995413780212,0.19283893704414368,0.8455784916877747,0.810467004776001,0.20718584097490347,0.055338699370622635,1.0
-158.8948516845703,52.8914680480957,-23.911441802978516,7.229283809661865,6.9392476081848145,-15.201038360595703,28.06391716003418,35.701595306396484,5.023128509521484,3.9968535900115967,22.856922149658203,-6.002623081207275,-0.5734680891036987,5.460238456726074,-11.909201622009277,-14.550518035888672,17.284456253051758,2.4160807132720947,7.624650478363037,7.262895107269287,6035.9907323949865,6407.4849546479745,0.3473064601421356,0.41733941435813904,0.6360772848129272,0.589341938495636,0.14737173914909363,0.10673755407333374,0.08919087052345276,0.23294605314731598,0.20209965109825134,0.25770437717437744,0.9067962765693665,0.5944567322731018,0.1932594564430502,0.057549551129341125,1.0
-159.8636932373047,52.158424377441406,-22.45526695251465,7.304588317871094,7.17726993560791,-17.311803817749023,26.670818328857422,34.77718734741211,6.880623817443848,3.6190285682678223,23.227161407470703,-6.331162929534912,-0.9823761582374573,5.539390563964844,-9.520689010620117,-12.81627082824707,17.277807235717773,0.39153528213500977,4.983609199523926,6.872572422027588,6185.903963648987,6605.980477527755,0.4371352791786194,0.42880991101264954,0.646728515625,0.6011868715286255,0.16538020968437195,0.12113477289676666,0.09007536619901657,0.1895899921655655,0.15322794020175934,0.24952661991119385,0.9008859395980835,0.6439447999000549,0.20948773829633205,0.055177077651023865,1.0
-160.2588653564453,52.39346694946289,-22.312685012817383,7.319567680358887,6.978296279907227,-17.403608322143555,26.872970581054688,34.709129333496094,6.45302152633667,3.5731427669525146,23.542335510253906,-6.3839521408081055,-0.9749598503112793,5.650999546051025,-9.15793514251709,-12.46652603149414,17.16799545288086,0.2313355952501297,4.907116413116455,6.737409591674805,6180.692491054191,6595.419958001907,0.4402514398097992,0.4258148968219757,0.653689444065094,0.6022868156433105,0.16197746992111206,0.1203228160738945,0.08955004066228867,0.1846623718738556,0.1519504189491272,0.25161904096603394,0.9010715484619141,0.6349647045135498,0.20666928088803088,0.05524798855185509,1.0
-160.4045867919922,51.865753173828125,-22.2781925201416,6.942043781280518,7.15242862701416,-17.094087600708008,27.28465461730957,35.0841064453125,6.246427536010742,3.435269832611084,23.347673416137695,-6.289951324462891,-1.0307875871658325,5.518469333648682,-9.344560623168945,-12.697197914123535,17.792675018310547,0.6249945759773254,5.02777624130249,7.339025974273682,6193.831919383557,6617.82931907185,0.4483230710029602,0.45466330647468567,0.5550680160522461,0.7426165342330933,0.21297228336334229,0.12592394649982452,0.08840374648571014,0.1676393449306488,0.17264418303966522,0.19052492082118988,0.8416044116020203,0.8096240162849426,0.20763830236486486,0.05541900917887688,1.0
-160.38772583007812,52.33275604248047,-22.291404724121094,7.142901420593262,7.065941333770752,-17.54913330078125,27.08045768737793,35.17340850830078,6.573967933654785,3.6231422424316406,23.46316146850586,-6.496086120605469,-0.9870514869689941,6.049870014190674,-9.113611221313477,-12.569408416748047,17.48494529724121,0.45962199568748474,4.630054473876953,6.771266937255859,6183.872845523674,6597.982308436649,0.45888084173202515,0.46913468837738037,0.5664189457893372,0.7407357096672058,0.20911094546318054,0.13274194300174713,0.09080583602190018,0.1701393574476242,0.1732216775417328,0.193223237991333,0.8473235368728638,0.8202202916145325,0.2097705266650579,0.055364836007356644,1.0
-159.9603729248047,52.17005157470703,-22.341922760009766,7.170053958892822,7.322840690612793,-17.17930030822754,26.885086059570312,34.72489929199219,6.509922027587891,3.421807289123535,23.14073944091797,-6.423145771026611,-0.9052379727363586,5.753081321716309,-9.177045822143555,-12.622031211853027,17.48402214050293,0.36558085680007935,4.96026086807251,6.8977484703063965,6194.390680001795,6615.106078639523,0.45098206400871277,0.46537861227989197,0.5496598482131958,0.7347701191902161,0.21140111982822418,0.13158459961414337,0.09266446530818939,0.16549156606197357,0.1694185435771942,0.19210077822208405,0.8432021141052246,0.8161384463310242,0.20786453305984556,0.05524758994579315,1.0
-160.4295654296875,51.92644500732422,-22.54800796508789,7.185968399047852,7.165575981140137,-17.463912963867188,26.906389236450195,35.30376052856445,6.498239994049072,3.5077826976776123,23.37972068786621,-6.612972259521484,-1.1298632621765137,5.712192058563232,-8.970139503479004,-12.627562522888184,17.339866638183594,0.5582544207572937,5.070091724395752,7.115556716918945,6178.892999202554,6605.122304530435,0.45691078901290894,0.47320351004600525,0.5597050786018372,0.7261548638343811,0.20918338000774384,0.1334039866924286,0.09087208658456802,0.1609840989112854,0.17000187933444977,0.1922840178012848,0.8438135981559753,0.8186343312263489,0.21008347912644787,0.0552423894405365,1.0
-159.9004364013672,52.397254943847656,-22.585861206054688,6.968027591705322,7.199426174163818,-17.372478485107422,27.282695770263672,34.90011215209961,6.467339992523193,3.286299467086792,22.95515251159668,-6.530625343322754,-0.850308895111084,6.1192522048950195,-8.758883476257324,-12.375650405883789,17.17205810546875,0.05992599204182625,5.0142035484313965,7.198894023895264,6190.4508773332855,6600.445882323461,0.46661731600761414,0.4603535532951355,0.5597497224807739,0.7504430413246155,0.2175176441669464,0.13527323305606842,0.0928676575422287,0.1668834388256073,0.16839930415153503,0.19048453867435455,0.8404615521430969,0.8181122541427612,0.20857715974903476,0.05530039593577385,1.0
-160.4486846923828,51.837379455566406,-22.51789093017578,6.900302886962891,7.2302632331848145,-17.006147384643555,27.446229934692383,35.38330841064453,6.399425983428955,3.2380945682525635,23.244937896728516,-6.466141223907471,-0.820027232170105,5.736443996429443,-9.142873764038086,-12.701725959777832,17.371379852294922,0.8966009020805359,4.858973026275635,7.000213623046875,6190.885706694707,6610.981846517121,0.4555984437465668,0.45814475417137146,0.545875072479248,0.7483554482460022,0.215531587600708,0.12950000166893005,0.08937016129493713,0.16465014219284058,0.16965247690677643,0.18731223046779633,0.8261675238609314,0.8155466914176941,0.20804363236003862,0.055320750921964645,1.0
-160.06747436523438,51.64575958251953,-22.802553176879883,6.940629482269287,7.261200428009033,-16.88239860534668,27.08654022216797,35.14142608642578,6.897406578063965,3.2856063842773438,22.946208953857422,-6.546370506286621,-0.9575325846672058,5.493127822875977,-9.148527145385742,-12.44430160522461,17.8094482421875,1.0369207859039307,4.938185691833496,7.133947849273682,6192.530490174016,6620.491055264588,0.46376845240592957,0.46766453981399536,0.563860297203064,0.7449151873588562,0.21421730518341064,0.14002946019172668,0.0954379290342331,0.1713327318429947,0.17116254568099976,0.19481900334358215,0.8484593033790588,0.8286476135253906,0.21036249698359075,0.05498359724879265,1.0
-160.759521484375,52.02100372314453,-22.57118034362793,7.164002418518066,7.2394208908081055,-17.073593139648438,27.162038803100586,35.018367767333984,6.668473243713379,3.5782155990600586,23.256113052368164,-6.343937397003174,-0.8861173987388611,5.198789596557617,-8.981557846069336,-12.123870849609375,17.880117416381836,0.5377565026283264,4.597438335418701,6.879714012145996,6194.148263484184,6612.562823594032,0.4580457806587219,0.4540420174598694,0.5546559691429138,0.7477013468742371,0.20406393706798553,0.13407859206199646,0.09389255940914154,0.16598352789878845,0.1692773401737213,0.1923539638519287,0.8396605253219604,0.8215299844741821,0.20867142253861004,0.054808177053928375,1.0
-212.95819091796875,57.376033782958984,28.335979461669922,13.626265525817871,31.119840621948242,0.368047297000885,-15.345033645629883,-17.53023338317871,-6.186649799346924,-15.862310409545898,5.207291126251221,6.419518947601318,38.77339553833008,40.14169692993164,21.598217010498047,19.56646728515625,24.697641372680664,-0.2111705094575882,9.488283157348633,2.3752379417419434,6815.918824832277,4403.137357578255,0.018339786678552628,0.2152620255947113,0.9913750886917114,0.40975287556648254,0.03418691083788872,0.026087790727615356,0.029787374660372734,0.04343966394662857,0.03948889300227165,0.0192947369068861,0.013198723085224628,0.011455459520220757,0.06241516348938224,0.25151702761650085,2.0
-216.49888610839844,53.864315032958984,26.298303604125977,12.286087989807129,30.275182723999023,-0.6211376190185547,-16.248302459716797,-18.0184268951416,-6.596804141998291,-15.899153709411621,5.730380058288574,7.652287006378174,39.69706726074219,40.810916900634766,22.57038116455078,20.706722259521484,25.959678649902344,0.33944109082221985,9.545612335205078,2.6691036224365234,6873.17345089527,4482.132834551888,0.017079534009099007,0.2143511176109314,1.0,0.4159340262413025,0.03331204503774643,0.02458237297832966,0.02387429215013981,0.02267780341207981,0.018986409530043602,0.015048118308186531,0.011928894557058811,0.010182492434978485,0.06398746681949807,0.24583373963832855,2.0
-216.54702758789062,54.058555603027344,25.55689239501953,10.425898551940918,28.884937286376953,-1.2628073692321777,-17.184600830078125,-20.17255401611328,-7.790316104888916,-15.351543426513672,6.372277736663818,7.574234962463379,39.38374710083008,40.80751037597656,22.84902572631836,21.08812713623047,26.04029083251953,0.09752785414457321,9.362032890319824,3.1797432899475098,6872.189457092436,4461.922451792825,0.016496822237968445,0.21271978318691254,1.0,0.41702142357826233,0.03279698267579079,0.023985428735613823,0.02314610593020916,0.022010475397109985,0.018391786143183708,0.014481074176728725,0.011398968286812305,0.009734931401908398,0.06580673865830115,0.24859429895877838,2.0
-217.0323028564453,57.23830032348633,32.62162399291992,12.3596773147583,28.22639274597168,-5.837843418121338,-20.669328689575195,-24.710350036621094,-6.5310492515563965,-13.805505752563477,8.14197826385498,7.152021408081055,41.45335006713867,40.629730224609375,22.80875587463379,16.758329391479492,21.642667770385742,-0.7939461469650269,12.822689056396484,5.333399772644043,6961.227162676709,4449.881132487776,0.02199605293571949,0.364155650138855,1.0,0.24331538379192352,0.02949446812272072,0.026031382381916046,0.02549010142683983,0.024385573342442513,0.01914750225841999,0.014357482083141804,0.011253033764660358,0.011439491994678974,0.061576224662162164,0.2632759213447571,2.0
-217.18914794921875,57.18099594116211,32.2125244140625,11.949409484863281,28.90956687927246,-5.690460681915283,-20.799266815185547,-25.123807907104492,-6.271914958953857,-13.791820526123047,8.070446014404297,7.178005695343018,41.37816619873047,40.62167739868164,23.158971786499023,17.042625427246094,21.567026138305664,-0.7744939923286438,13.13215446472168,5.249373912811279,6974.092568423698,4459.57280436084,0.022071905434131622,0.3657798171043396,1.0,0.2421731799840927,0.029296880587935448,0.025874853134155273,0.025349298492074013,0.024204108864068985,0.01903199963271618,0.01433394756168127,0.01126756239682436,0.01145724207162857,0.06270926339285714,0.26326125860214233,2.0
-217.49351501464844,56.86012268066406,32.32100296020508,11.833162307739258,28.064716339111328,-5.813791275024414,-20.755958557128906,-24.99361228942871,-6.3188371658325195,-14.239266395568848,7.740119457244873,7.308948993682861,41.31044006347656,40.505584716796875,23.34412384033203,17.283594131469727,21.544687271118164,-0.8504973649978638,13.219813346862793,5.360001087188721,6968.195458032176,4456.13255402019,0.02249765209853649,0.37468221783638,1.0,0.23708343505859375,0.029219748452305794,0.025953607633709908,0.025469738990068436,0.024324625730514526,0.019063657149672508,0.014304086565971375,0.011205576360225677,0.011458261869847775,0.060937122948841696,0.2634334862232208,2.0
-217.30397033691406,57.26519775390625,32.55756759643555,11.72569465637207,28.348453521728516,-5.6169962882995605,-20.853904724121094,-24.9783992767334,-6.113205909729004,-14.133670806884766,7.824570178985596,7.098865509033203,41.12046813964844,40.67805099487305,23.387371063232422,17.547969818115234,21.60710906982422,-0.7165003418922424,13.535539627075195,5.300553321838379,6966.221616129984,4450.24322555604,0.022438857704401016,0.3759135901927948,1.0,0.2362857460975647,0.02902822755277157,0.025725772604346275,0.02526054158806801,0.024157803505659103,0.01894201710820198,0.014201201498508453,0.011139250360429287,0.011401213705539703,0.06226434302606178,0.2637823522090912,2.0
-217.18186950683594,57.010643005371094,32.049468994140625,11.66154956817627,28.74529457092285,-5.673087120056152,-21.113544464111328,-25.529621124267578,-6.313050270080566,-13.988539695739746,7.872420310974121,7.1529669761657715,41.13623046875,40.64915466308594,23.847671508789062,17.674549102783203,21.41006851196289,-0.8513825535774231,13.393946647644043,5.169088363647461,6968.194124228211,4454.132915092189,0.02166748046875,0.3686497211456299,1.0,0.2396482676267624,0.028565337881445885,0.02519603632390499,0.024663202464580536,0.023599356412887573,0.018532879650592804,0.013879230245947838,0.010852199047803879,0.011013302020728588,0.06301656008687259,0.2644754648208618,2.0
-217.0850067138672,57.123355865478516,32.29303741455078,11.791359901428223,28.946748733520508,-5.6409831047058105,-21.28963279724121,-25.166181564331055,-6.105947971343994,-13.97120475769043,7.987598896026611,7.071620464324951,40.469451904296875,40.35322952270508,23.91672134399414,17.853490829467773,22.025390625,-0.6361950039863586,12.886261940002441,4.962680339813232,6963.788114981983,4448.510244840486,0.021802527830004692,0.37334543466567993,1.0,0.2365264892578125,0.028155088424682617,0.024889260530471802,0.02437240444123745,0.023335155099630356,0.018327105790376663,0.013753910548985004,0.010794000700116158,0.010966603644192219,0.06324467603764479,0.26519638299942017,2.0
-216.83958435058594,57.00053024291992,31.94682502746582,12.113059043884277,29.342796325683594,-5.703261852264404,-21.11698341369629,-25.56226921081543,-6.166296482086182,-13.681841850280762,7.54927921295166,6.943210601806641,40.955257415771484,40.44816970825195,24.042572021484375,18.304929733276367,21.711254119873047,-1.237734317779541,13.362337112426758,4.829527854919434,6962.160342850698,4448.243861775236,0.021082604303956032,0.3634543716907501,1.0,0.24172215163707733,0.027820834890007973,0.024458102881908417,0.023910827934741974,0.022844068706035614,0.017966503277420998,0.013486488722264767,0.010546309873461723,0.010656598955392838,0.06277336208976834,0.26535964012145996,2.0
-216.66632080078125,57.18718338012695,31.943178176879883,11.694628715515137,29.09551429748535,-5.621298313140869,-21.500131607055664,-25.614442825317383,-6.03645658493042,-13.5078763961792,7.960211753845215,6.5529279708862305,40.682289123535156,40.6916618347168,23.971445083618164,17.946346282958984,21.752674102783203,-0.6417542695999146,13.796403884887695,5.089743614196777,6961.146023886915,4445.849211132886,0.02177402563393116,0.3724372386932373,1.0,0.23690861463546753,0.027985911816358566,0.024789227172732353,0.024292543530464172,0.023230833932757378,0.01824725791811943,0.01369128655642271,0.01073367614299059,0.010923348367214203,0.06491878318050193,0.26566946506500244,2.0
-216.54672241210938,57.34535217285156,31.79340171813965,11.679442405700684,28.849260330200195,-5.697448253631592,-21.249792098999023,-25.340925216674805,-6.187654495239258,-14.166851043701172,7.896107196807861,6.798558712005615,40.81926345825195,40.89449691772461,24.09203338623047,17.336212158203125,21.346097946166992,-1.3733869791030884,13.27897834777832,5.773087501525879,6960.782469813703,4442.628457668994,0.022102145478129387,0.37679219245910645,1.0,0.23526526987552643,0.0284856129437685,0.0252098198980093,0.024721700698137283,0.023706801235675812,0.018552403897047043,0.013883610256016254,0.010865830816328526,0.01109902560710907,0.06141597791988417,0.26510560512542725,2.0
-216.75218200683594,57.66361618041992,32.155555725097656,11.281257629394531,28.671939849853516,-5.6137375831604,-21.304000854492188,-25.07451057434082,-6.075680732727051,-13.881765365600586,7.842579364776611,6.814531326293945,41.168663024902344,40.77882385253906,23.662174224853516,17.256805419921875,21.111597061157227,-1.1949771642684937,13.599818229675293,5.809215068817139,6958.807091593052,4436.212409405203,0.022256294265389442,0.3707094192504883,1.0,0.23947590589523315,0.029259687289595604,0.025898708030581474,0.025420527905225754,0.02440880611538887,0.01914329268038273,0.014299021102488041,0.011192446574568748,0.0114523284137249,0.061078517133204634,0.264802485704422,2.0
-216.84963989257812,54.09314727783203,25.849653244018555,10.378634452819824,28.887283325195312,-1.5252989530563354,-17.776151657104492,-20.113208770751953,-7.468160629272461,-15.519325256347656,6.556983470916748,7.643310546875,38.840545654296875,40.332542419433594,22.514249801635742,20.77530860900879,26.751066207885742,0.632283627986908,9.527453422546387,3.284376382827759,6879.814105235596,4467.702792171232,0.016778072342276573,0.21667788922786713,1.0,0.4088535010814667,0.03239003196358681,0.023964237421751022,0.02310231141746044,0.021966861560940742,0.0183582603931427,0.014490624889731407,0.011438652873039246,0.00985703058540821,0.06581805019305019,0.24897566437721252,2.0
-216.38258361816406,58.322750091552734,32.0940055847168,10.91249942779541,29.170204162597656,-5.246495246887207,-21.423553466796875,-25.048431396484375,-5.622753620147705,-13.784381866455078,8.143010139465332,6.786197185516357,41.104698181152344,41.54549789428711,23.585092544555664,16.450218200683594,20.575809478759766,-1.190246820449829,13.847090721130371,5.65168571472168,6965.568880426173,4442.238037578016,0.022738270461559296,0.3754436671733856,1.0,0.23722034692764282,0.029731784015893936,0.02646118961274624,0.025932352989912033,0.024838967248797417,0.01945366896688938,0.014566413126885891,0.011409632861614227,0.011742668226361275,0.060322529560810814,0.2641339898109436,2.0
-216.02886962890625,58.165096282958984,32.000675201416016,11.139223098754883,28.536794662475586,-5.478025436401367,-20.808216094970703,-24.79054832458496,-5.850093364715576,-13.948114395141602,7.745445728302002,7.046858787536621,41.44664001464844,40.91500473022461,23.19202423095703,16.454980850219727,20.505678176879883,-1.3394454717636108,14.022611618041992,5.572924613952637,6966.800065196589,4449.4459710131905,0.02341298945248127,0.37831956148147583,1.0,0.23712603747844696,0.03068825975060463,0.027286075055599213,0.026892131194472313,0.025850364938378334,0.020155631005764008,0.015013380907475948,0.011741423979401588,0.01215185597538948,0.061802455357142856,0.26353099942207336,2.0
-215.66317749023438,57.967315673828125,32.10072708129883,10.969679832458496,27.70781135559082,-6.166825771331787,-20.687978744506836,-24.230648040771484,-5.632694244384766,-13.933684349060059,7.86211633682251,6.91465950012207,41.61213302612305,41.11896896362305,22.682287216186523,15.972416877746582,21.027034759521484,-1.2348977327346802,14.447283744812012,6.165328025817871,6980.2723854078295,4470.583463282937,0.023869695141911507,0.38079604506492615,1.0,0.236826092004776,0.03152652829885483,0.028077512979507446,0.027709368616342545,0.026695676147937775,0.020769722759723663,0.015407931059598923,0.012026903219521046,0.012511022388935089,0.06043187439671815,0.26287731528282166,2.0
-215.50965881347656,57.83129119873047,31.64109992980957,11.13525390625,28.31707000732422,-5.458723545074463,-20.35297393798828,-24.709434509277344,-6.218547344207764,-13.815251350402832,7.810856342315674,7.153050899505615,41.98594665527344,41.78987121582031,22.91733741760254,15.605140686035156,20.708343505859375,-1.6049201488494873,14.091989517211914,6.204628944396973,6969.9928124711805,4460.985555236215,0.023949813097715378,0.3797125220298767,1.0,0.23728257417678833,0.03171076998114586,0.02832014299929142,0.027886681258678436,0.026836225762963295,0.020947523415088654,0.015593900345265865,0.012190122157335281,0.012663249857723713,0.06033195583976834,0.2627370357513428,2.0
-215.4860076904297,58.29945755004883,32.35749816894531,11.295088768005371,27.630033493041992,-6.253044605255127,-20.60207176208496,-24.042476654052734,-5.4534406661987305,-13.871213912963867,7.7433857917785645,7.337803840637207,42.034698486328125,40.82782745361328,22.1428279876709,15.818245887756348,21.165542602539062,-1.0581507682800293,13.840643882751465,5.528820514678955,6968.553780295928,4455.811826048878,0.024441231042146683,0.38886013627052307,1.0,0.23308898508548737,0.031963977962732315,0.028582382947206497,0.028151042759418488,0.02707182615995407,0.021015966311097145,0.015612046234309673,0.012200554832816124,0.01273821759968996,0.060539333976833976,0.2628873586654663,2.0
-216.02268981933594,57.917442321777344,32.4722900390625,11.391783714294434,27.50144386291504,-6.294819355010986,-20.394588470458984,-24.256919860839844,-6.0241618156433105,-14.186176300048828,7.584667205810547,7.32438325881958,42.560970306396484,41.41854476928711,22.502456665039062,15.165913581848145,20.855663299560547,-1.5217214822769165,13.719314575195312,6.115569114685059,6978.8035911227,4465.995081339628,0.0243881493806839,0.3848438560962677,1.0,0.23531095683574677,0.032249245792627335,0.02891388162970543,0.028476355597376823,0.02740815468132496,0.021269559860229492,0.01576707698404789,0.01228639017790556,0.012830176390707493,0.06051105513996139,0.26273587346076965,2.0
-215.75503540039062,58.296199798583984,32.56534194946289,11.230506896972656,27.603914260864258,-6.239440441131592,-20.686429977416992,-23.97257423400879,-5.3938469886779785,-14.000345230102539,7.811429977416992,7.2988176345825195,42.257503509521484,40.82538604736328,21.861448287963867,14.691288948059082,20.8136043548584,-1.1444703340530396,13.927178382873535,5.824073314666748,6985.739642193962,4475.798297681555,0.024470152333378792,0.38088124990463257,1.0,0.23811887204647064,0.03282130882143974,0.02935129962861538,0.028919843956828117,0.027836130931973457,0.02158898301422596,0.015989337116479874,0.012446428649127483,0.012988337315618992,0.06019998793436294,0.26226529479026794,2.0
-215.94357299804688,57.8843879699707,32.70797348022461,11.462982177734375,27.258464813232422,-6.554858684539795,-20.537139892578125,-23.65478515625,-5.302336692810059,-14.148103713989258,8.024595260620117,7.483028888702393,42.11785888671875,40.78375244140625,21.936010360717773,14.490032196044922,21.106626510620117,-1.3500185012817383,13.803511619567871,5.894464492797852,6994.901795307458,4489.190299903927,0.02514401264488697,0.3822890818119049,1.0,0.23867060244083405,0.03383695334196091,0.03043838031589985,0.03003155067563057,0.028846783563494682,0.02232939749956131,0.016523396596312523,0.012877603992819786,0.013525418005883694,0.059421377292471045,0.2614796757698059,2.0
-216.6405029296875,57.974185943603516,31.850326538085938,11.195147514343262,29.22823715209961,-5.6608405113220215,-21.284175872802734,-25.419614791870117,-6.042360782623291,-13.89070987701416,7.92664098739624,6.784053802490234,41.30377960205078,41.30597686767578,23.214859008789062,16.792804718017578,21.37478256225586,-1.5965354442596436,13.776369094848633,5.602320194244385,6962.061511167332,4435.972355730517,0.021511713042855263,0.36167672276496887,1.0,0.24442122876644135,0.028844695538282394,0.025316687300801277,0.024850990623235703,0.023913951590657234,0.01876157522201538,0.014002388343214989,0.010970653034746647,0.011156920343637466,0.06271680441602316,0.2658577561378479,2.0
-216.5983428955078,57.99504470825195,31.74091339111328,10.998373985290527,28.99570083618164,-6.229624271392822,-21.65806007385254,-25.30347442626953,-5.964484691619873,-13.955554962158203,8.137237548828125,6.878077507019043,40.885414123535156,40.50546646118164,23.11408042907715,17.63483428955078,21.637678146362305,-1.324472188949585,13.877520561218262,5.645208835601807,6958.029238538761,4430.050567292504,0.02187621220946312,0.375928670167923,1.0,0.2353939414024353,0.02820405922830105,0.024931930005550385,0.02447168156504631,0.023448104038834572,0.018349885940551758,0.013727180659770966,0.01074093859642744,0.010957127436995506,0.06288459218146718,0.26657089591026306,2.0
-216.74815368652344,53.6839714050293,25.431018829345703,10.296662330627441,28.891752243041992,-1.5160578489303589,-17.313404083251953,-20.01228141784668,-7.726546287536621,-15.917082786560059,6.379517078399658,7.258138179779053,39.042747497558594,40.615421295166016,22.88368034362793,20.956016540527344,26.383495330810547,0.39468440413475037,9.467345237731934,3.172997236251831,6894.319930450956,4486.665031569751,0.01665695756673813,0.21693992614746094,1.0,0.4078733026981354,0.03223748505115509,0.023891327902674675,0.02308734320104122,0.02194426953792572,0.018305625766515732,0.014439995400607586,0.011389649473130703,0.009787795133888721,0.06587460786679537,0.24907846748828888,2.0
-216.64913940429688,57.770137786865234,32.16063690185547,11.14645004272461,27.941896438598633,-6.30722713470459,-21.055788040161133,-24.468313217163086,-5.632956027984619,-14.208366394042969,7.346939563751221,7.052934169769287,42.17965316772461,41.121429443359375,22.50555419921875,15.468668937683105,20.75450325012207,-1.2292096614837646,14.285111427307129,5.626112461090088,6976.153801334304,4458.841201875205,0.02288314700126648,0.35712730884552,1.0,0.2511909008026123,0.03201883286237717,0.028255578130483627,0.027744773775339127,0.026800410822033882,0.02100892923772335,0.015571562573313713,0.012154041789472103,0.012491182424128056,0.060298021235521235,0.26323965191841125,2.0
-216.0774688720703,58.40446090698242,32.54001235961914,11.523975372314453,28.2623291015625,-6.136773586273193,-20.586212158203125,-23.95561981201172,-5.570206642150879,-14.182300567626953,7.763442039489746,7.150486946105957,42.02776336669922,41.43621063232422,22.227041244506836,14.976400375366211,20.99158477783203,-1.4568531513214111,13.83821964263916,5.840042591094971,6978.870815079131,4457.941516826623,0.024651946499943733,0.38521134853363037,1.0,0.2353200763463974,0.032290518283843994,0.02897951938211918,0.028529278934001923,0.02742977999150753,0.021343132480978966,0.015902454033493996,0.012480627745389938,0.013064119964838028,0.060454497466216214,0.2631388306617737,2.0
-216.51171875,58.54154586791992,32.67585754394531,11.008769989013672,28.06675910949707,-6.243325710296631,-20.820051193237305,-24.265724182128906,-5.4436869621276855,-14.288187980651855,7.564089298248291,7.268548011779785,41.64196014404297,41.1627197265625,22.641496658325195,15.760124206542969,21.38046646118164,-1.1939040422439575,14.046431541442871,5.712095260620117,6974.304902813486,4446.4080177260275,0.023631224408745766,0.38304153084754944,1.0,0.23471355438232422,0.0308206919580698,0.027500711381435394,0.027133658528327942,0.026076503098011017,0.020254403352737427,0.015050048939883709,0.011758492328226566,0.012225603684782982,0.06205696488899614,0.2642618417739868,2.0
-216.7156219482422,58.29737091064453,32.269100189208984,11.007573127746582,28.446500778198242,-6.052036285400391,-20.696577072143555,-24.112018585205078,-5.7493720054626465,-14.484824180603027,7.580231189727783,7.053861141204834,42.06361770629883,41.63117218017578,22.59571075439453,16.10074234008789,21.24311637878418,-1.8868051767349243,14.046452522277832,6.044681549072266,6974.605943207751,4448.429349693772,0.022587759420275688,0.36063578724861145,1.0,0.24791210889816284,0.03133115917444229,0.02760203368961811,0.02717641368508339,0.026260823011398315,0.020488103851675987,0.01514947135001421,0.011818446218967438,0.012152516283094883,0.06092392615830116,0.264112263917923,2.0
-216.55784606933594,58.443092346191406,32.652320861816406,11.670106887817383,28.88296890258789,-5.953142166137695,-20.503768920898438,-24.023977279663086,-5.566701412200928,-14.14127254486084,7.519180774688721,6.841528415679932,41.845298767089844,41.47807693481445,22.857711791992188,16.173564910888672,21.175691604614258,-1.417130470275879,13.919029235839844,5.534458637237549,6970.213797355115,4441.4148312459365,0.02310865931212902,0.37591540813446045,1.0,0.23794665932655334,0.03038584254682064,0.026982195675373077,0.026596609503030777,0.02561446838080883,0.020020686089992523,0.014898600988090038,0.011659062467515469,0.012073788791894913,0.062121063585907334,0.2646140456199646,2.0
-216.42266845703125,58.7332649230957,32.87174987792969,11.389601707458496,28.508346557617188,-6.20612907409668,-20.352176666259766,-24.409900665283203,-5.530389308929443,-14.295137405395508,7.486186504364014,6.9187331199646,41.89362716674805,41.30771255493164,22.737709045410156,16.193986892700195,20.918066024780273,-1.4824161529541016,14.12069034576416,5.170749664306641,6975.840139825416,4444.591204368202,0.02306431531906128,0.37726080417633057,1.0,0.2374057173728943,0.030373750254511833,0.026874855160713196,0.026460543274879456,0.025501897558569908,0.019887780770659447,0.014803138561546803,0.011584929190576077,0.011988119222223759,0.062664017253861,0.26486700773239136,2.0
-214.773681640625,59.58903884887695,32.43645095825195,12.035529136657715,29.867013931274414,-4.751996994018555,-19.958629608154297,-24.405384063720703,-5.527918815612793,-13.815886497497559,8.027347564697266,7.092357158660889,41.47649383544922,40.729148864746094,23.031097412109375,16.84195899963379,21.303836822509766,-1.3783371448516846,12.972688674926758,4.811004638671875,6943.107452236909,4407.087907523725,0.02175171673297882,0.3716723322868347,1.0,0.23805959522724152,0.028660917654633522,0.025249915197491646,0.024858757853507996,0.023936595767736435,0.018900102004408836,0.014220786280930042,0.01109713688492775,0.011195801198482513,0.0633464798503861,0.2669881284236908,2.0
-216.26861572265625,58.6966552734375,32.36824417114258,11.516632080078125,29.688932418823242,-5.393149375915527,-20.812145233154297,-24.749996185302734,-5.674744129180908,-14.14423942565918,8.053438186645508,6.989439964294434,40.646549224853516,40.973270416259766,23.840391159057617,17.567903518676758,21.819637298583984,-1.4547713994979858,13.00234317779541,5.032742500305176,6954.522439488699,4419.449670964073,0.02112620510160923,0.3677470088005066,1.0,0.23931889235973358,0.027723195031285286,0.024375466629862785,0.02389497123658657,0.022887812927365303,0.017956838011741638,0.01343534141778946,0.010518641211092472,0.010660894215106964,0.06343508687258688,0.26733657717704773,2.0
-216.72952270507812,53.92406463623047,25.463516235351562,10.159260749816895,29.021465301513672,-1.51566481590271,-17.567432403564453,-20.599098205566406,-8.088276863098145,-15.813304901123047,6.523998737335205,7.5645575523376465,38.93675231933594,40.328975677490234,22.80906867980957,21.284379959106445,26.706567764282227,0.351621150970459,9.41639232635498,3.0991814136505127,6887.503568713596,4470.810706133776,0.016381505876779556,0.21284551918506622,1.0,0.41543757915496826,0.03264567255973816,0.023851314559578896,0.022982915863394737,0.021894114091992378,0.018280550837516785,0.014403360895812511,0.011350038461387157,0.009735207073390484,0.06583313223938224,0.25066113471984863,2.0
-216.5061798095703,54.73967742919922,26.097816467285156,9.886100769042969,29.16204071044922,-1.3128085136413574,-17.721529006958008,-21.213977813720703,-8.223308563232422,-15.150725364685059,7.0408525466918945,7.5128960609436035,38.40531539916992,39.79124069213867,22.645580291748047,21.752490997314453,27.111177444458008,0.5323264598846436,9.593683242797852,2.7107434272766113,6887.170981021357,4456.118088212098,0.01617312617599964,0.21420903503894806,1.0,0.41056182980537415,0.031865671277046204,0.02328474260866642,0.02245428040623665,0.021475881338119507,0.01788247562944889,0.014013589359819889,0.011030971072614193,0.009551222436130047,0.06487919280888031,0.25251471996307373,2.0
-216.59913635253906,54.661312103271484,26.266111373901367,9.986059188842773,29.132556915283203,-1.4380197525024414,-17.766862869262695,-21.12994384765625,-8.367886543273926,-15.671842575073242,6.843398571014404,7.539786338806152,38.504825592041016,39.9700927734375,22.88456916809082,21.337270736694336,26.765743255615234,0.48562633991241455,9.155559539794922,2.8660268783569336,6895.273948698389,4462.2436381302305,0.01628897897899151,0.21709120273590088,1.0,0.4050046503543854,0.0314127616584301,0.02322094328701496,0.02242398075759411,0.02141420729458332,0.01779564656317234,0.013952215202152729,0.010976753197610378,0.009528212249279022,0.0659820674469112,0.25241073966026306,2.0
-216.59841918945312,54.483219146728516,25.91740608215332,9.915596961975098,29.163694381713867,-1.2711201906204224,-17.73340606689453,-20.774587631225586,-7.923126697540283,-15.760412216186523,6.795727729797363,7.777571678161621,38.796836853027344,40.380950927734375,22.957088470458984,21.037761688232422,26.700300216674805,0.37916266918182373,9.183619499206543,3.3192684650421143,6888.503351232948,4460.305068151218,0.01635819673538208,0.21630002558231354,1.0,0.4073311388492584,0.031689904630184174,0.023342128843069077,0.022575009614229202,0.021531039848923683,0.017915325239300728,0.01410225685685873,0.011126268655061722,0.009617934934794903,0.06581239442567567,0.25191354751586914,2.0
-216.3818817138672,54.47956848144531,25.75202751159668,9.76551342010498,29.060245513916016,-1.8268506526947021,-18.212535858154297,-20.705263137817383,-7.559489727020264,-15.58129596710205,7.190136432647705,7.939629554748535,38.45564270019531,40.08378219604492,23.029678344726562,20.86134147644043,27.083457946777344,0.9055361151695251,9.356810569763184,3.4751193523406982,6901.989446915007,4476.207157961752,0.016069119796156883,0.21210536360740662,1.0,0.4160728454589844,0.032269738614559174,0.023393401876091957,0.022542091086506844,0.021489623934030533,0.017905155196785927,0.014086870476603508,0.01108543947339058,0.009492924436926842,0.06573509893822393,0.25168561935424805,2.0
-216.840576171875,54.53166580200195,26.31170654296875,9.981910705566406,29.122865676879883,-1.6606321334838867,-17.722312927246094,-20.59891700744629,-7.695939064025879,-15.596366882324219,6.930300235748291,7.518370151519775,38.77655029296875,40.71507263183594,22.870676040649414,20.75240707397461,27.07921028137207,0.47083762288093567,9.306554794311523,3.52191424369812,6902.095310177946,4473.908605469427,0.01610374078154564,0.21407866477966309,1.0,0.41224372386932373,0.03164752572774887,0.02300792932510376,0.022239236161112785,0.02119516395032406,0.01765245385468006,0.013880609534680843,0.010920178145170212,0.009383493103086948,0.06555599963803088,0.25183984637260437,2.0
-216.76632690429688,54.25410842895508,26.068227767944336,9.792566299438477,28.802024841308594,-1.8677524328231812,-17.85862922668457,-20.967403411865234,-7.965846538543701,-15.931206703186035,6.972611904144287,7.711063861846924,38.64170837402344,40.26628112792969,22.61595916748047,20.833223342895508,27.324064254760742,0.600739598274231,9.314594268798828,3.418527603149414,6911.774485857317,4483.445962682168,0.016080249100923538,0.21228253841400146,1.0,0.4156547486782074,0.0319177620112896,0.023066041991114616,0.02225550264120102,0.021278347820043564,0.017764877527952194,0.013965272344648838,0.010993026196956635,0.00944205466657877,0.06621772442084942,0.2523033916950226,2.0
-216.7359161376953,53.712039947509766,25.796798706054688,11.27409553527832,29.421146392822266,-1.2020328044891357,-16.732357025146484,-18.770771026611328,-7.060493469238281,-15.592501640319824,5.987979412078857,7.638726234436035,39.07749938964844,40.429168701171875,22.008106231689453,20.4466552734375,26.412893295288086,0.5931663513183594,9.947182655334473,2.9475762844085693,6878.544814391182,4488.401567755151,0.017138317227363586,0.2165989875793457,1.0,0.41074323654174805,0.033139534294605255,0.024642668664455414,0.02384136989712715,0.022525466978549957,0.018891744315624237,0.01497777458280325,0.0118476003408432,0.010159173049032688,0.06545419582528958,0.2458333969116211,2.0
-216.1861114501953,54.63066482543945,25.89571189880371,9.848424911499023,28.683982849121094,-1.949462890625,-17.535118103027344,-20.92150115966797,-8.253181457519531,-15.587504386901855,7.181872844696045,7.5937323570251465,38.56480407714844,39.74922180175781,22.45838165283203,21.112293243408203,27.194602966308594,0.6193377375602722,9.467741012573242,3.4317376613616943,6897.495265691482,4466.670572038747,0.016161829233169556,0.21582041680812836,1.0,0.4075426161289215,0.03135855495929718,0.023011930286884308,0.022192275151610374,0.02123335748910904,0.017709169536828995,0.013946612365543842,0.010986652225255966,0.009467012248933315,0.06654764418436293,0.2527923583984375,2.0
-216.12188720703125,54.58210754394531,25.79815101623535,10.111959457397461,29.039112091064453,-1.782637357711792,-17.442333221435547,-21.275632858276367,-8.339201927185059,-15.44458293914795,7.084400177001953,7.304386615753174,38.713600158691406,40.25061798095703,22.916173934936523,21.2480525970459,26.6426944732666,0.5563905239105225,9.49000358581543,2.9999711513519287,6898.305249382773,4467.553571288851,0.01615804247558117,0.21454967558383942,1.0,0.4104783535003662,0.03163576126098633,0.023069551214575768,0.022201990708708763,0.021271320059895515,0.017742207273840904,0.013948218896985054,0.010994203388690948,0.009503315202891827,0.0655258355453668,0.2534641921520233,2.0
-216.2905731201172,54.39297866821289,25.94181251525879,10.070023536682129,28.97623634338379,-1.7099467515945435,-17.568132400512695,-21.063154220581055,-8.197463989257812,-15.862414360046387,6.821990489959717,7.44075870513916,38.64137649536133,40.228004455566406,22.988643646240234,20.969396591186523,26.906137466430664,0.43575921654701233,9.036609649658203,3.2135133743286133,6900.779254051494,4471.688310168718,0.015823571011424065,0.21628783643245697,1.0,0.40593844652175903,0.030972084030508995,0.022576462477445602,0.021729912608861923,0.020798426121473312,0.017305003479123116,0.013568286783993244,0.010655999183654785,0.009172395803034306,0.06597264116795366,0.2535068690776825,2.0
-216.0299072265625,54.82695388793945,26.1252384185791,9.919665336608887,28.7841854095459,-1.88076651096344,-17.272600173950195,-21.19359016418457,-8.201959609985352,-15.565746307373047,6.621513366699219,6.971945762634277,38.79292678833008,40.24907302856445,22.724510192871094,20.936176300048828,26.750385284423828,0.6269374489784241,9.325583457946777,3.31821608543396,6904.202478606303,4471.627914851276,0.015813762322068214,0.21365270018577576,1.0,0.41209012269973755,0.031159600242972374,0.022512344643473625,0.02173621580004692,0.020910296589136124,0.017400527372956276,0.013613929972052574,0.01070314459502697,0.00918489694595337,0.06697559724903475,0.2536280155181885,2.0
-217.11196899414062,54.23408126831055,26.66286849975586,10.424528121948242,29.393016815185547,-1.5007411241531372,-17.159770965576172,-20.527196884155273,-7.8838276863098145,-16.495182037353516,6.114461421966553,6.969415664672852,39.595001220703125,41.04443359375,23.00242042541504,20.965845108032227,26.37034034729004,0.6599377989768982,9.2232027053833,3.085070848464966,6914.428770486755,4481.867502491249,0.01610513962805271,0.2173612266778946,1.0,0.4051623046398163,0.030939999967813492,0.02266881801187992,0.021862059831619263,0.020872697234153748,0.017386194318532944,0.013699889183044434,0.010806555859744549,0.009310420602560043,0.06578034507722008,0.25307101011276245,2.0
-217.16964721679688,54.399078369140625,26.42683982849121,9.808561325073242,29.07679557800293,-1.7843847274780273,-17.192068099975586,-20.0384464263916,-7.771738052368164,-16.845317840576172,5.982260704040527,6.846518516540527,39.612979888916016,41.05128860473633,22.731277465820312,20.728357315063477,26.021034240722656,0.7784294486045837,9.517313957214355,3.2718443870544434,6912.8076749855845,4480.669275017738,0.015988802537322044,0.21510711312294006,1.0,0.4101085960865021,0.031120775267481804,0.022630790248513222,0.021900836378335953,0.020943112671375275,0.017436785623431206,0.013731838203966618,0.010845066979527473,0.00927677471190691,0.06557673745173745,0.25264543294906616,2.0
-216.6485595703125,54.06822204589844,26.017425537109375,10.205846786499023,29.307424545288086,-1.8623789548873901,-17.16337013244629,-20.064205169677734,-7.712583541870117,-16.73783302307129,5.859440326690674,6.38505220413208,39.34604263305664,40.932132720947266,22.80506134033203,20.948986053466797,26.28741455078125,1.0079036951065063,9.95479679107666,3.3716742992401123,6914.053422358263,4489.310768892469,0.016252417117357254,0.21778081357479095,1.0,0.4056149125099182,0.03096476010978222,0.022588148713111877,0.021820707246661186,0.02091401256620884,0.017484232783317566,0.01379333809018135,0.010941841639578342,0.009399901144206524,0.06530149010617761,0.2525598108768463,2.0
-217.2220001220703,53.52779769897461,25.916465759277344,10.577839851379395,30.055850982666016,-1.216266393661499,-17.157230377197266,-20.525190353393555,-7.5407328605651855,-17.019023895263672,5.219786643981934,6.231759071350098,39.560150146484375,41.638492584228516,23.887401580810547,20.863691329956055,25.436595916748047,0.6311628818511963,9.847185134887695,3.493929862976074,6920.60989308115,4494.0288649654685,0.015996521338820457,0.21427761018276215,1.0,0.41264447569847107,0.03127190098166466,0.022539256140589714,0.02182215265929699,0.020922493189573288,0.017452461645007133,0.013730951584875584,0.010873096995055676,0.009284038096666336,0.06560313103281853,0.2525921165943146,2.0
-217.0230712890625,53.57484436035156,25.660764694213867,10.362663269042969,29.779111862182617,-1.7357507944107056,-17.601966857910156,-20.485132217407227,-7.1867899894714355,-16.742094039916992,5.319188594818115,6.254856586456299,39.07951736450195,41.46632766723633,23.81397247314453,20.2468318939209,24.804351806640625,0.5359758734703064,10.417242050170898,4.060885906219482,6918.859473894777,4494.567543845569,0.016229430213570595,0.21771274507045746,1.0,0.40662720799446106,0.03110545687377453,0.02265593223273754,0.021928606554865837,0.020971374586224556,0.017502466216683388,0.013788443990051746,0.01094732154160738,0.009357713162899017,0.06661551339285714,0.25199803709983826,2.0
-216.556396484375,53.34881591796875,25.126333236694336,10.642000198364258,30.037734985351562,-1.5426291227340698,-17.27747917175293,-20.25214958190918,-6.720471382141113,-16.598602294921875,4.9633331298828125,6.298888683319092,39.15683364868164,41.72544479370117,24.37286949157715,20.512805938720703,24.829580307006836,0.9904019236564636,10.702850341796875,3.8784775733947754,6916.186479538559,4501.000293559445,0.016194256022572517,0.22016899287700653,1.0,0.401684045791626,0.030848614871501923,0.022614214569330215,0.02190570719540119,0.020922884345054626,0.017443833872675896,0.013726744800806046,0.010876578278839588,0.009276647120714188,0.06528075229247104,0.2512775659561157,2.0
-216.8909912109375,54.26984786987305,26.078731536865234,11.315120697021484,29.76757049560547,-1.063863754272461,-17.003253936767578,-19.320388793945312,-7.525753021240234,-15.420031547546387,6.482728004455566,7.818478584289551,39.09825897216797,40.451629638671875,22.011442184448242,20.563940048217773,26.40338134765625,-0.166971355676651,9.530440330505371,3.066070556640625,6870.839862387894,4464.842351515814,0.01705656759440899,0.21233654022216797,1.0,0.4194226861000061,0.033605728298425674,0.024658825248479843,0.023837778717279434,0.02264075167477131,0.01898512803018093,0.015038199722766876,0.01190207153558731,0.0102163627743721,0.06405533602799228,0.24722926318645477,2.0
-217.48031616210938,53.120731353759766,25.652206420898438,10.677031517028809,30.225200653076172,-1.6647602319717407,-17.420759201049805,-20.130922317504883,-6.783929824829102,-17.37150764465332,4.645224094390869,6.513260364532471,39.311668395996094,41.961082458496094,24.267475128173828,20.183481216430664,24.501914978027344,0.4449792504310608,10.328815460205078,3.959425449371338,6924.8281165378085,4504.588055390501,0.016120877116918564,0.2162686288356781,1.0,0.40987008810043335,0.03146296739578247,0.022805538028478622,0.022080449387431145,0.02106308937072754,0.017583811655640602,0.01386458519846201,0.011001735925674438,0.009343529120087624,0.06649297176640927,0.2513976991176605,2.0
-216.66619873046875,53.17122268676758,25.100351333618164,10.59266185760498,30.00395965576172,-2.066208600997925,-17.297208786010742,-19.5997257232666,-6.578380107879639,-17.383554458618164,4.760411262512207,6.18206787109375,38.997745513916016,41.78624725341797,23.971628189086914,20.118995666503906,24.83991241455078,0.9116418361663818,10.885494232177734,3.8526291847229004,6926.0514376053425,4515.587711687611,0.016025563701987267,0.2177673578262329,1.0,0.4070250391960144,0.03141958639025688,0.02281314507126808,0.022072823718190193,0.02099653333425522,0.017505023628473282,0.013784709386527538,0.010908442549407482,0.00922901090234518,0.0663742006515444,0.25094810128211975,2.0
-217.26638793945312,52.85773468017578,25.377525329589844,11.195462226867676,30.25281524658203,-1.9678317308425903,-17.186504364013672,-19.745519638061523,-6.853673934936523,-17.391239166259766,4.577457904815674,6.1017632484436035,39.07839584350586,41.968929290771484,24.175960540771484,20.164731979370117,24.648000717163086,0.45845893025398254,10.816853523254395,4.030932426452637,6918.449914953578,4504.306032317402,0.016162652522325516,0.21792803704738617,1.0,0.4068736433982849,0.03125277906656265,0.022725971415638924,0.02203626185655594,0.021000167354941368,0.017498541623353958,0.013761048205196857,0.010912936180830002,0.00928516499698162,0.0663082166988417,0.2510639429092407,2.0
-217.30941772460938,53.03873062133789,25.547077178955078,10.960034370422363,30.431243896484375,-1.3322275876998901,-17.030630111694336,-20.13751792907715,-6.964508056640625,-17.379045486450195,4.681394100189209,6.336524963378906,39.0857048034668,42.024078369140625,24.405176162719727,20.112272262573242,24.775043487548828,0.6139485836029053,10.574901580810547,3.57039475440979,6920.6185703626925,4502.315319518512,0.01599407009780407,0.21671462059020996,1.0,0.40893957018852234,0.03126087412238121,0.0226441603153944,0.021924909204244614,0.02089434303343296,0.017389995977282524,0.013678397051990032,0.010824203491210938,0.009168810211122036,0.06586706684362935,0.25160977244377136,2.0
-217.07681274414062,53.37338638305664,25.67829132080078,10.486268043518066,29.810312271118164,-1.8899916410446167,-17.167613983154297,-19.9229679107666,-6.517086982727051,-17.203977584838867,4.768304347991943,6.404962539672852,39.10462951660156,41.73844909667969,24.185701370239258,20.164304733276367,24.794708251953125,0.5788471698760986,10.563035011291504,4.087005138397217,6928.968554718847,4509.800889010307,0.01585461013019085,0.21690568327903748,1.0,0.4082047641277313,0.03125371038913727,0.02254592813551426,0.0217998418956995,0.020759036764502525,0.01726711355149746,0.013569005765020847,0.010731236077845097,0.00907554104924202,0.06516386643339768,0.25150543451309204,2.0
-216.71060180664062,53.50004959106445,25.686302185058594,10.199840545654297,29.350095748901367,-2.2854528427124023,-17.187828063964844,-20.27128791809082,-7.275073528289795,-17.311222076416016,4.879866600036621,6.439990997314453,39.493865966796875,41.484806060791016,23.980222702026367,20.46385383605957,25.38924217224121,0.8189961314201355,9.613131523132324,3.5876779556274414,6924.825828098484,4495.984336284129,0.015658756718039513,0.216761976480484,1.0,0.40722712874412537,0.03064764104783535,0.022075694054365158,0.021348709240555763,0.02040703408420086,0.016981428489089012,0.013319871388375759,0.010491820052266121,0.008905936032533646,0.0653335394546332,0.25354239344596863,2.0
-216.7682342529297,53.97711944580078,26.142169952392578,10.425822257995605,29.520191192626953,-1.986542820930481,-16.91521644592285,-20.533409118652344,-7.377896308898926,-17.169490814208984,5.229437351226807,6.714340686798096,39.73795700073242,41.440650939941406,23.247772216796875,20.575199127197266,25.644268035888672,0.5691838264465332,9.589615821838379,3.5487117767333984,6920.331278090466,4485.7140716860395,0.01544626522809267,0.21354204416275024,1.0,0.4128578305244446,0.03086756356060505,0.021988455206155777,0.02122633345425129,0.020319337025284767,0.016912877559661865,0.0132664879783988,0.010447168722748756,0.008863043040037155,0.06523927666505791,0.2544998228549957,2.0
-216.8661651611328,54.03738784790039,26.41657829284668,9.968249320983887,28.979469299316406,-2.2904052734375,-17.04477882385254,-20.471677780151367,-7.7550458908081055,-17.04657745361328,5.668876647949219,6.548462390899658,39.62032699584961,41.51335525512695,23.259294509887695,20.64461326599121,26.23321533203125,0.7411439418792725,9.698890686035156,3.818634510040283,6919.919037227326,4481.144681975074,0.01547167357057333,0.21674688160419464,1.0,0.4056931138038635,0.03027605637907982,0.02180425636470318,0.021028170362114906,0.02016562409698963,0.01674342155456543,0.01311617624014616,0.01032052282243967,0.008796134032309055,0.06512616131756757,0.25521120429039,2.0
-216.81642150878906,54.070003509521484,26.090087890625,10.104729652404785,29.908842086791992,-1.6078832149505615,-17.025440216064453,-20.609514236450195,-7.726889133453369,-17.572446823120117,5.398761749267578,6.5411176681518555,39.46574020385742,41.707462310791016,23.70694923400879,20.504117965698242,25.63582420349121,0.6407932639122009,9.626749992370605,3.4258534908294678,6918.584503237101,4476.74010454087,0.015463009476661682,0.21643491089344025,1.0,0.4061441421508789,0.03033706732094288,0.021773047745227814,0.02101139910519123,0.02014051377773285,0.016710717231035233,0.0131077840924263,0.010325840674340725,0.008814135566353798,0.06483206141409266,0.25548049807548523,2.0
-216.8067169189453,54.71101379394531,26.452617645263672,9.480233192443848,29.56040382385254,-1.8871538639068604,-17.241722106933594,-21.156343460083008,-7.93342399597168,-16.642671585083008,6.343795299530029,6.222127437591553,39.211883544921875,41.31780242919922,23.230297088623047,21.058433532714844,26.43923568725586,0.37902534008026123,9.591410636901855,3.9341204166412354,6919.502717720163,4466.25616408944,0.015520990826189518,0.21764415502548218,1.0,0.40311962366104126,0.029781509190797806,0.021541360765695572,0.020760653540492058,0.019864963367581367,0.01650724560022354,0.012987075373530388,0.010249526239931583,0.008813981898128986,0.06566345921814672,0.2568264603614807,2.0
-216.75973510742188,53.85280227661133,25.725435256958008,11.08380126953125,29.327552795410156,-1.1267625093460083,-16.807716369628906,-19.549118041992188,-7.445889949798584,-15.485504150390625,6.046830654144287,7.695699214935303,39.03091812133789,40.32699203491211,22.524803161621094,20.77495574951172,26.052154541015625,0.09907073527574539,9.470155715942383,2.9946186542510986,6878.601282094719,4477.814555501677,0.017123736441135406,0.21904754638671875,1.0,0.4055461883544922,0.032694440335035324,0.02450929582118988,0.023650474846363068,0.022374894469976425,0.018719911575317383,0.014825529418885708,0.011722356081008911,0.010087632574141026,0.06480566783301159,0.24687862396240234,2.0
-215.74697875976562,55.0709228515625,26.605632781982422,9.59860610961914,29.42318344116211,-1.6982742547988892,-17.82383918762207,-21.996997833251953,-8.436617851257324,-16.084632873535156,6.8709564208984375,6.660362243652344,38.84764862060547,40.77477264404297,23.52247428894043,21.04458236694336,26.682296752929688,0.7401396632194519,9.442151069641113,3.4015283584594727,6902.157907508004,4445.036142621227,0.015369945205748081,0.21419353783130646,1.0,0.40843749046325684,0.030151916667819023,0.02162005938589573,0.020782507956027985,0.02003711462020874,0.016659008339047432,0.013035873882472515,0.010266146622598171,0.008871165104210377,0.06537124457046332,0.2589564323425293,2.0
-215.4990997314453,55.2036247253418,26.562923431396484,9.51117992401123,29.28583335876465,-1.8287353515625,-17.268667221069336,-21.805931091308594,-8.659749031066895,-16.21076202392578,7.198956489562988,6.879545211791992,38.88969802856445,40.32177734375,23.408248901367188,21.552085876464844,26.6204776763916,0.21624574065208435,8.994507789611816,3.4722602367401123,6909.7769413097385,4452.1315459936595,0.015042360872030258,0.211590975522995,1.0,0.41297513246536255,0.030359070748090744,0.021610941737890244,0.020778313279151917,0.019962240010499954,0.016569895669817924,0.012960392981767654,0.010175446048378944,0.008742125704884529,0.06589157516891891,0.259298712015152,2.0
-215.45249938964844,55.510616302490234,26.575870513916016,9.492364883422852,29.38582420349121,-2.2548747062683105,-17.918926239013672,-22.307266235351562,-8.628331184387207,-15.802290916442871,7.376101970672607,7.263099670410156,39.0695686340332,39.8438720703125,23.11838722229004,21.670913696289062,26.94526481628418,0.5999560356140137,9.553112983703613,3.5087060928344727,6904.493385487348,4440.371031255914,0.01506633497774601,0.21265213191509247,1.0,0.4102382957935333,0.030025167390704155,0.021447250619530678,0.02064552530646324,0.01990264654159546,0.01648753508925438,0.012848223559558392,0.010094644501805305,0.00872669368982315,0.06466238839285714,0.25997406244277954,2.0
-216.2476348876953,55.4249382019043,27.196062088012695,9.817541122436523,29.07740020751953,-2.321319341659546,-17.73808479309082,-22.85059356689453,-8.690960884094238,-15.8983736038208,7.096100807189941,6.946262836456299,39.2087516784668,40.25530242919922,23.257793426513672,21.640281677246094,26.681331634521484,0.21686334908008575,9.374564170837402,3.409868001937866,6909.824801672153,4438.414835205278,0.015398042276501656,0.2167988270521164,1.0,0.40179431438446045,0.02961738593876362,0.021484609693288803,0.020650094375014305,0.01986822485923767,0.01647883467376232,0.012881404720246792,0.010154503397643566,0.008863071911036968,0.06524681768822393,0.26051872968673706,2.0
-216.22731018066406,55.751014709472656,27.433034896850586,9.667961120605469,28.83199691772461,-3.2742977142333984,-18.596965789794922,-23.10842514038086,-8.658709526062012,-15.646711349487305,7.7258734703063965,7.78870153427124,39.076385498046875,39.71339416503906,23.026220321655273,21.498126983642578,26.72265625,0.15484432876110077,9.700971603393555,3.904784679412842,6910.911564211975,4433.412041718883,0.015250002034008503,0.21796086430549622,1.0,0.3983360230922699,0.02932647243142128,0.02132870815694332,0.020554056391119957,0.01986687257885933,0.016391571611166,0.012727986089885235,0.010039842687547207,0.00879080593585968,0.06487165178571429,0.2611275613307953,2.0
-215.43077087402344,56.255069732666016,27.270885467529297,9.471023559570312,29.549680709838867,-2.540954351425171,-19.13046646118164,-23.45000648498535,-8.487651824951172,-15.158891677856445,8.099514961242676,7.438917636871338,38.83798599243164,39.803810119628906,23.261865615844727,21.128755569458008,25.9804744720459,0.38062000274658203,10.338360786437988,3.687580108642578,6903.7165782800685,4423.440594110715,0.015257738530635834,0.2204519808292389,1.0,0.39315393567085266,0.029095839709043503,0.02133950963616371,0.02053762599825859,0.019815167412161827,0.016355106607079506,0.012673947028815746,0.009973406791687012,0.00876119639724493,0.06524116192084942,0.2617705762386322,2.0
-215.92953491210938,55.87483596801758,27.737594604492188,10.105074882507324,29.282299041748047,-2.6272854804992676,-18.5,-23.090730667114258,-8.603174209594727,-15.70466136932373,7.707862854003906,7.439113140106201,38.99197769165039,39.9254035949707,23.494882583618164,21.86632537841797,25.97753143310547,-0.4862664043903351,9.362842559814453,3.749046802520752,6902.937791626222,4423.940445542805,0.016297489404678345,0.2539394497871399,1.0,0.3379473090171814,0.02649213746190071,0.020791998133063316,0.020025044679641724,0.01927466131746769,0.015829237177968025,0.012289555743336678,0.009690891019999981,0.008775117807090282,0.06420615649131274,0.2615228593349457,2.0
-215.19253540039062,55.9746208190918,27.128028869628906,9.962160110473633,29.19033432006836,-2.5507657527923584,-18.714269638061523,-23.524995803833008,-8.479042053222656,-14.855768203735352,7.729033946990967,7.009190082550049,38.98836135864258,39.815826416015625,23.48891830444336,21.433691024780273,25.940427780151367,0.31020909547805786,9.97627067565918,3.650496482849121,6896.664781561267,4423.351324592718,0.01603371649980545,0.24590274691581726,1.0,0.3496093153953552,0.02701975218951702,0.02088816463947296,0.02011754922568798,0.019363928586244583,0.015930181369185448,0.012349097058176994,0.009719505906105042,0.00874378439038992,0.06443427244208494,0.26163414120674133,2.0
-215.7224884033203,56.002662658691406,27.770715713500977,10.524022102355957,29.86629295349121,-2.4877586364746094,-18.840423583984375,-23.701082229614258,-8.361672401428223,-14.933728218078613,7.874417304992676,7.4636969566345215,38.89536666870117,39.62621307373047,23.80495262145996,22.018657684326172,25.544050216674805,-0.6912553906440735,10.145102500915527,3.780032157897949,6905.354485948868,4425.043814043821,0.015392286702990532,0.21699926257133484,1.0,0.39980655908584595,0.029603876173496246,0.021597953513264656,0.02083001844584942,0.020128412172198296,0.01665261946618557,0.012893247418105602,0.010178560391068459,0.008979616686701775,0.06365754705598456,0.26183021068573,2.0
-215.87867736816406,55.916751861572266,27.3756160736084,10.007652282714844,29.43512535095215,-3.1473500728607178,-19.443857192993164,-23.713762283325195,-8.55300235748291,-15.216970443725586,8.041245460510254,7.29095983505249,38.57766342163086,39.73255157470703,23.51215934753418,21.681127548217773,25.902774810791016,-0.19816510379314423,10.390780448913574,3.9627063274383545,6899.4709369479315,4417.090165512924,0.015286754816770554,0.21550385653972626,1.0,0.40287062525749207,0.02990877814590931,0.021763348951935768,0.02097400091588497,0.02027054876089096,0.016704339534044266,0.01288873516023159,0.010163435712456703,0.008933011442422867,0.06390640082046332,0.26215142011642456,2.0
-216.814453125,53.21006774902344,24.99293327331543,10.697513580322266,28.633438110351562,-1.7998576164245605,-17.141204833984375,-19.315732955932617,-7.073829650878906,-15.46904468536377,6.166339874267578,7.4177727699279785,38.96691131591797,40.32167053222656,22.229209899902344,20.661775588989258,26.19188117980957,0.8302538990974426,10.031278610229492,3.4000370502471924,6890.865699639496,4503.236780405749,0.01692400872707367,0.21746355295181274,1.0,0.4088606834411621,0.03287944197654724,0.024420810863375664,0.023631533607840538,0.02239428460597992,0.01873060315847397,0.014768804423511028,0.011646013706922531,0.009946702048182487,0.06718674589768339,0.24585255980491638,2.0
-215.77516174316406,55.85268020629883,27.332103729248047,9.889716148376465,29.08758544921875,-2.979905605316162,-19.27313995361328,-23.74812889099121,-8.124202728271484,-14.860807418823242,8.06346321105957,7.630094051361084,38.377845764160156,39.370731353759766,23.849449157714844,21.78468132019043,25.905149459838867,-0.022263165563344955,10.242189407348633,3.7846670150756836,6901.232903893929,4419.660528046991,0.015991542488336563,0.2463398426771164,1.0,0.34859663248062134,0.0272119902074337,0.02114545740187168,0.020362475886940956,0.019567955285310745,0.016031090170145035,0.012408887967467308,0.009791923686861992,0.008836381137371063,0.06384984314671814,0.2619672417640686,2.0
-215.94891357421875,55.852989196777344,27.702375411987305,10.48528003692627,29.772558212280273,-2.9088242053985596,-19.149003982543945,-23.547481536865234,-8.713274955749512,-15.609126091003418,7.940437316894531,7.669898509979248,38.85403823852539,39.79917526245117,23.87489891052246,22.077573776245117,26.007394790649414,-0.5439322590827942,10.066481590270996,3.941230535507202,6897.575852389645,4413.0958564905695,0.01522935088723898,0.21552138030529022,1.0,0.4023067057132721,0.029738230630755424,0.02168704755604267,0.02085227519273758,0.020096981897950172,0.01661028154194355,0.012834769673645496,0.010107239708304405,0.008887874893844128,0.06364812077702703,0.26263493299484253,2.0
-215.4300994873047,56.15825653076172,27.446868896484375,10.059704780578613,29.4350528717041,-2.8743295669555664,-19.216962814331055,-23.398040771484375,-8.005534172058105,-15.412067413330078,7.84837532043457,7.605998992919922,38.537025451660156,39.79372787475586,23.63416290283203,21.195573806762695,26.004283905029297,0.06492689996957779,9.981362342834473,3.8587234020233154,6897.406632042275,4415.72432274633,0.01514601893723011,0.2163836658000946,1.0,0.4004458487033844,0.02958890236914158,0.02153071202337742,0.020727166905999184,0.01994936168193817,0.016458574682474136,0.012724514119327068,0.010015968233346939,0.008802611380815506,0.06271868967181467,0.26244011521339417,2.0
-215.9989776611328,55.621307373046875,27.28707504272461,9.904975891113281,29.419710159301758,-2.7932024002075195,-18.532819747924805,-23.011960983276367,-8.851612091064453,-15.56867504119873,8.04274845123291,7.28036642074585,38.37940216064453,39.60320281982422,23.30299949645996,21.99282455444336,27.012454986572266,-0.13147476315498352,9.578784942626953,3.7663118839263916,6899.519095007768,4423.111719464986,0.015169784426689148,0.21576550602912903,1.0,0.402665913105011,0.029787272214889526,0.021563652902841568,0.020701665431261063,0.019953232258558273,0.016508761793375015,0.012834799475967884,0.0100944135338068,0.008817181922495365,0.06491689792471042,0.2618332803249359,2.0
-215.24087524414062,55.668331146240234,26.547779083251953,9.638426780700684,29.753751754760742,-2.2682130336761475,-17.99772071838379,-23.318374633789062,-8.66630744934082,-15.354413032531738,7.71201229095459,6.913237571716309,38.8725471496582,40.21625518798828,23.669553756713867,22.032562255859375,26.30870246887207,-0.428815633058548,9.54590129852295,3.4979214668273926,6909.333137480222,4437.938129201292,0.015070976689457893,0.21184945106506348,1.0,0.41107481718063354,0.03013460710644722,0.02158624492585659,0.020751185715198517,0.019953837618231773,0.016511451452970505,0.012840800918638706,0.010103673674166203,0.008786916732788086,0.06430607504826255,0.26109132170677185,2.0
-214.99378967285156,55.893218994140625,26.83030128479004,9.676488876342773,29.190282821655273,-3.0612728595733643,-19.049163818359375,-23.763805389404297,-8.347042083740234,-14.411956787109375,8.822973251342773,7.6486945152282715,38.5062255859375,39.394168853759766,23.676639556884766,21.898563385009766,26.059574127197266,-0.44608551263809204,10.5496826171875,4.379228115081787,6906.022206892254,4434.0614202596325,0.01628854312002659,0.2528313100337982,1.0,0.33959493041038513,0.02728910557925701,0.021430587396025658,0.02064959518611431,0.019759036600589752,0.016187157481908798,0.012524542398750782,0.009849661961197853,0.008924273774027824,0.06420804174710425,0.26178067922592163,2.0
-215.9148406982422,55.912620544433594,28.060894012451172,10.514046669006348,29.733291625976562,-3.7955410480499268,-20.353330612182617,-24.05391502380371,-8.033784866333008,-14.481939315795898,8.877410888671875,7.599697113037109,38.419410705566406,39.22013473510742,24.53295135498047,21.93649673461914,24.286680221557617,-1.1358590126037598,11.372777938842773,4.469083786010742,6922.12009941583,4441.531006871401,0.015983406454324722,0.23368719220161438,1.0,0.368937611579895,0.029037386178970337,0.022233502939343452,0.021492497995495796,0.0205607321113348,0.01689300127327442,0.012983418069779873,0.010212679393589497,0.009225308895111084,0.0639346796573359,0.2620166540145874,2.0
-216.47760009765625,56.206993103027344,29.668392181396484,11.645805358886719,29.178863525390625,-4.218458652496338,-20.988040924072266,-25.022165298461914,-7.2392048835754395,-13.558852195739746,8.801426887512207,7.93932580947876,38.50416946411133,39.63987731933594,24.47945213317871,20.191070556640625,23.20711898803711,-0.9026587009429932,12.58047103881836,5.026273727416992,6924.259363301262,4443.748167154059,0.01896038092672825,0.3173167407512665,1.0,0.2716873586177826,0.026857834309339523,0.023110762238502502,0.02240522764623165,0.021252285689115524,0.017109399661421776,0.013038027100265026,0.01023770496249199,0.009910674765706062,0.06156491312741313,0.261664479970932,2.0
-217.4606170654297,56.78276443481445,30.591833114624023,11.521310806274414,29.012338638305664,-5.194567680358887,-21.107486724853516,-24.51336669921875,-7.371146202087402,-13.85457706451416,8.815674781799316,8.224366188049316,38.365882873535156,39.33100128173828,23.862041473388672,20.34602165222168,23.35027313232422,-1.3624505996704102,12.317232131958008,5.199933052062988,6929.155030508082,4438.036573646842,0.02016196772456169,0.33989039063453674,1.0,0.25576722621917725,0.027290361002087593,0.02383146435022354,0.02315947413444519,0.02201947756111622,0.017586087808012962,0.013355734758079052,0.010478973388671875,0.01031103078275919,0.06019433216698842,0.26095661520957947,2.0
-217.7898406982422,56.24695587158203,30.2041072845459,11.430471420288086,29.594051361083984,-4.41253662109375,-21.572032928466797,-25.409332275390625,-7.3204803466796875,-13.53892993927002,8.610310554504395,7.475080490112305,39.157344818115234,40.64130401611328,24.089763641357422,19.5311222076416,22.80946159362793,-0.9588392376899719,13.025068283081055,5.083305835723877,6932.3452818490805,4442.333315951038,0.020444151014089584,0.3448799252510071,1.0,0.25258466601371765,0.02736751362681389,0.023978954181075096,0.02338658645749092,0.022252414375543594,0.017705537378787994,0.013388428837060928,0.01050221361219883,0.010422670282423496,0.05944588561776062,0.26111796498298645,2.0
-217.2591094970703,52.50203323364258,24.501209259033203,11.033616065979004,29.273466110229492,-1.5899802446365356,-17.196025848388672,-18.661739349365234,-6.3834004402160645,-16.02826690673828,5.078799724578857,6.7437920570373535,39.6099967956543,41.21306610107422,23.234012603759766,20.44126319885254,24.820377349853516,0.5861559510231018,10.324552536010742,3.666888475418091,6894.0759904383285,4514.544911359166,0.01718701794743538,0.22028326988220215,1.0,0.405168741941452,0.033110663294792175,0.0247956532984972,0.024030670523643494,0.022615808993577957,0.01888512820005417,0.014928501099348068,0.011797632090747356,0.010033500380814075,0.06713395873552123,0.24407196044921875,2.0
-216.3358154296875,56.140655517578125,28.618812561035156,10.691568374633789,29.786636352539062,-3.978858709335327,-20.701622009277344,-24.184513092041016,-7.765108585357666,-14.498753547668457,9.017219543457031,7.420360088348389,37.93345642089844,39.26872253417969,24.581541061401367,21.988971710205078,24.539817810058594,-1.2831835746765137,11.973617553710938,5.222416877746582,6918.147860535059,4431.008379748599,0.017202669754624367,0.27947601675987244,1.0,0.30623453855514526,0.026537805795669556,0.02177133783698082,0.02109077386558056,0.020145686343312263,0.016346998512744904,0.012492721900343895,0.00981444213539362,0.00920971017330885,0.06333893882722008,0.26299694180488586,2.0
-216.90306091308594,56.62897491455078,29.443012237548828,10.706045150756836,30.133974075317383,-4.008533954620361,-21.415681838989258,-24.799833297729492,-7.500755786895752,-14.084362983703613,8.595712661743164,7.528081893920898,38.195594787597656,39.59109878540039,24.599454879760742,21.4195556640625,23.757654190063477,-1.4320212602615356,12.398290634155273,4.665348052978516,6918.510142832529,4424.770694143407,0.01752016507089138,0.28105366230010986,1.0,0.30517899990081787,0.027082715183496475,0.022437572479248047,0.02175353839993477,0.020787430927157402,0.01684407889842987,0.012811449356377125,0.010067741386592388,0.00951271690428257,0.062085243725868725,0.2626465857028961,2.0
-218.1702117919922,56.84878158569336,31.9727840423584,11.910422325134277,28.33051109313965,-4.952098369598389,-21.060882568359375,-25.04266929626465,-7.0868754386901855,-13.38280963897705,8.656484603881836,7.726907730102539,39.252830505371094,40.479427337646484,23.743125915527344,18.718257904052734,22.11496925354004,-0.8925427794456482,12.924529075622559,5.683841228485107,6940.3283822918565,4442.916182516992,0.021802186965942383,0.3626400828361511,1.0,0.24303114414215088,0.028551606461405754,0.02524406649172306,0.024685760959982872,0.02359236404299736,0.018691008910536766,0.014087049290537834,0.011049122549593449,0.011135555803775787,0.05948924650096525,0.2601090967655182,2.0
-217.91001892089844,56.83957290649414,31.967140197753906,11.711146354675293,27.49393653869629,-5.216121196746826,-20.830617904663086,-24.855737686157227,-6.9317498207092285,-13.147651672363281,8.710272789001465,7.696602821350098,39.93962478637695,40.44563674926758,23.09935760498047,18.03070831298828,21.867284774780273,0.0852787047624588,13.598281860351562,5.689831256866455,6944.857300601335,4450.7821133471725,0.02276754379272461,0.37556567788124084,1.0,0.23662304878234863,0.029448609799146652,0.026238204911351204,0.025696009397506714,0.024520762264728546,0.019339798018336296,0.014554646797478199,0.011409630998969078,0.01161172240972519,0.05930826194498069,0.259507417678833,2.0
-217.9673309326172,56.62040328979492,31.957408905029297,11.965856552124023,28.354984283447266,-4.65559196472168,-20.808666229248047,-25.134124755859375,-7.19842529296875,-13.049982070922852,8.387410163879395,7.329294681549072,40.38481903076172,41.02189636230469,23.282894134521484,17.436649322509766,21.299440383911133,-0.24474088847637177,13.511972427368164,5.208469867706299,6947.117220094278,4454.513035396925,0.0235124658793211,0.38434359431266785,1.0,0.23226018249988556,0.029771488159894943,0.02669794298708439,0.026136871427297592,0.024889180436730385,0.019669288769364357,0.014877429232001305,0.011696865782141685,0.011983918026089668,0.059396868967181465,0.25932708382606506,2.0
-217.85678100585938,56.72006607055664,31.162012100219727,11.016887664794922,28.183574676513672,-4.736382484436035,-20.595264434814453,-24.373977661132812,-7.331685543060303,-13.965249061584473,8.9095458984375,7.779152870178223,39.22392272949219,40.026180267333984,23.509258270263672,19.352943420410156,22.921106338500977,-0.3709661066532135,12.771214485168457,5.298160552978516,6940.127135273995,4441.699528640883,0.017059968784451485,0.23075778782367706,1.0,0.3777713179588318,0.0323515459895134,0.024927783757448196,0.02415168099105358,0.02340974472463131,0.019186994060873985,0.014445165172219276,0.01134470570832491,0.01040299329906702,0.059885150217181465,0.2605680227279663,2.0
-216.6651153564453,56.24501419067383,28.58032989501953,10.472668647766113,30.43739891052246,-3.53127121925354,-20.972753524780273,-24.965009689331055,-7.612524509429932,-14.094383239746094,8.64499282836914,7.305257320404053,37.782779693603516,39.53220748901367,24.936763763427734,21.193147659301758,24.412012100219727,-0.9719274640083313,11.735434532165527,4.729699611663818,6918.897405514516,4425.009286673736,0.016564788296818733,0.2563462555408478,1.0,0.335071325302124,0.02771877497434616,0.02212846651673317,0.021410848945379257,0.02052403800189495,0.016737719997763634,0.012774249538779259,0.010021579451858997,0.009237992577254772,0.06260745958011583,0.26272052526474,2.0
-217.16050720214844,55.89253616333008,28.863304138183594,10.57251262664795,29.89048194885254,-4.0947699546813965,-20.91680145263672,-24.90853500366211,-7.834324836730957,-14.791925430297852,8.701743125915527,8.011384010314941,37.96154022216797,38.8154182434082,24.98758316040039,21.956436157226562,24.167097091674805,-1.427263855934143,11.963871002197266,4.8902668952941895,6932.946891257957,4440.526952453933,0.017748886719346046,0.2918555438518524,1.0,0.2936899662017822,0.02649812214076519,0.02217734605073929,0.0215308740735054,0.02045695297420025,0.01655806414783001,0.01266469806432724,0.009949564933776855,0.009428057819604874,0.06333705357142858,0.26246702671051025,2.0
-216.1278533935547,56.48935317993164,28.782421112060547,10.54212760925293,30.06147003173828,-4.010034084320068,-21.01629638671875,-24.500492095947266,-7.399557113647461,-13.958744049072266,8.95230770111084,7.556319713592529,37.63031005859375,39.08075714111328,25.119577407836914,21.62246322631836,24.004369735717773,-1.120424747467041,12.256279945373535,4.698155879974365,6921.84487861519,4431.557288283302,0.016463007777929306,0.24656254053115845,1.0,0.3487781286239624,0.028597187250852585,0.022545717656612396,0.021865198388695717,0.020960399881005287,0.01714128814637661,0.013090224005281925,0.010307584889233112,0.009447815828025341,0.06301278957528958,0.2625226378440857,2.0
-216.12371826171875,55.979759216308594,28.14517593383789,10.525259017944336,30.381330490112305,-3.4467971324920654,-20.03512954711914,-24.116653442382812,-7.994650363922119,-14.909880638122559,8.768953323364258,7.419071674346924,38.37861633300781,39.7398796081543,24.534757614135742,21.884796142578125,25.253040313720703,-1.1674654483795166,10.835219383239746,4.992741107940674,6925.0667947058955,4437.147037201722,0.015486656688153744,0.21954889595508575,1.0,0.3941833972930908,0.0299893356859684,0.022277718409895897,0.021458663046360016,0.020567500963807106,0.01695523038506508,0.013069662265479565,0.010314591228961945,0.009159788489341736,0.06362738296332046,0.26251763105392456,2.0
-217.10153198242188,53.12111282348633,24.99921989440918,10.716201782226562,29.164413452148438,-1.4312989711761475,-17.48551368713379,-19.521852493286133,-7.274861812591553,-15.933738708496094,5.875621318817139,7.218303203582764,38.98716735839844,40.75754928588867,22.819276809692383,20.531457901000977,25.399843215942383,0.2901909351348877,9.877151489257812,3.3816583156585693,6887.039163657948,4494.094078639168,0.016954662278294563,0.22345484793186188,1.0,0.3967839181423187,0.03211955353617668,0.024203510954976082,0.023382840678095818,0.022096574306488037,0.01841527596116066,0.014510482549667358,0.011432191357016563,0.009804008528590202,0.06672485822876448,0.24616993963718414,2.0
-216.60562133789062,56.35991668701172,29.086938858032227,10.662269592285156,30.51769256591797,-3.699503183364868,-20.582040786743164,-24.319805145263672,-7.703231334686279,-14.49965763092041,9.06660270690918,7.599371910095215,38.17822265625,39.142601013183594,24.793231964111328,21.750720977783203,24.27972984313965,-1.5602067708969116,11.969019889831543,4.836625576019287,6934.715371827728,4443.1475719587925,0.0170676801353693,0.2646098732948303,1.0,0.32445868849754333,0.02749689109623432,0.022229159250855446,0.021545452997088432,0.020585479214787483,0.016800226643681526,0.01290221605449915,0.010181255638599396,0.00947489496320486,0.06339738175675676,0.2621796727180481,2.0
-217.51351928710938,56.643333435058594,30.29386329650879,10.994766235351562,29.689807891845703,-4.7834954261779785,-21.493940353393555,-25.087512969970703,-6.972499847412109,-13.836695671081543,9.185004234313965,7.781167507171631,38.08269119262695,39.46037292480469,24.23688507080078,20.392330169677734,23.562599182128906,-1.3844672441482544,12.60455322265625,4.968677997589111,6941.838817586382,4444.3196856248605,0.020241161808371544,0.3452257513999939,1.0,0.2515389621257782,0.026714283972978592,0.02342175506055355,0.022709013894200325,0.02153513953089714,0.017265718430280685,0.013167268596589565,0.01033026073127985,0.010166107676923275,0.061253845921814674,0.26183468103408813,2.0
-217.46495056152344,56.35696029663086,30.328264236450195,11.362090110778809,29.875242233276367,-4.914059638977051,-21.248992919921875,-24.726774215698242,-7.237410068511963,-14.405855178833008,8.801881790161133,8.308767318725586,38.76710891723633,39.16557693481445,24.596506118774414,20.96766471862793,23.46213150024414,-1.7970373630523682,11.915185928344727,5.020628452301025,6945.502847081815,4448.946218691152,0.018673982471227646,0.3071930706501007,1.0,0.2809200882911682,0.027484219521284103,0.023441771045327187,0.022727463394403458,0.021647710353136063,0.017423249781131744,0.013229229487478733,0.01037542149424553,0.009977143257856369,0.06159319196428571,0.26188087463378906,2.0
-217.13197326660156,56.441001892089844,29.721731185913086,11.068986892700195,30.187334060668945,-4.441065311431885,-21.218294143676758,-24.79841423034668,-6.828536510467529,-14.30591869354248,8.429189682006836,7.844589710235596,38.235816955566406,38.81424331665039,24.470930099487305,21.135700225830078,24.298572540283203,-1.0413395166397095,12.253358840942383,4.590359687805176,6934.970373922976,4437.942214722289,0.01850910112261772,0.3061140477657318,1.0,0.28077802062034607,0.0265452079474926,0.022596322000026703,0.021964380517601967,0.020901601761579514,0.01687975786626339,0.0128794489428401,0.010126899927854538,0.009726062417030334,0.06170442205598456,0.26251450181007385,2.0
-217.24412536621094,56.3675422668457,30.44124412536621,11.855598449707031,29.642324447631836,-5.12083101272583,-20.562896728515625,-24.328914642333984,-7.433509349822998,-14.419163703918457,8.612372398376465,8.044296264648438,38.52214813232422,38.80338668823242,24.15555191040039,21.03748321533203,23.73242950439453,-1.7784010171890259,11.788323402404785,4.824435710906982,6938.647456539505,4442.6493909913725,0.019330978393554688,0.3264350891113281,1.0,0.2646794617176056,0.02673393301665783,0.023143470287322998,0.022434856742620468,0.021303923800587654,0.01714024506509304,0.013064268045127392,0.010243997909128666,0.009966839104890823,0.061708192567567564,0.2622354328632355,2.0
-218.10581970214844,56.7628059387207,31.63920783996582,11.978462219238281,29.431629180908203,-4.653188705444336,-21.100345611572266,-25.2323055267334,-6.967410087585449,-13.917957305908203,8.434319496154785,7.665788650512695,39.57388687133789,40.3675422668457,23.724651336669922,18.637081146240234,22.206806182861328,-0.9361050128936768,12.552411079406738,4.7248640060424805,6944.4702557337805,4443.61598321807,0.02099692076444626,0.345390260219574,1.0,0.2538171112537384,0.028712455183267593,0.025209777057170868,0.024570727720856667,0.023446250706911087,0.018680159002542496,0.014112579636275768,0.011074867099523544,0.011023858562111855,0.05913104790057915,0.2609083950519562,2.0
-218.0380859375,56.961631774902344,32.550601959228516,11.822543144226074,27.719131469726562,-5.272019863128662,-20.488435745239258,-24.82170867919922,-6.667726039886475,-13.59478759765625,8.24466323852539,7.965707302093506,40.25701141357422,39.81928634643555,23.027873992919922,17.958904266357422,21.86781883239746,-0.0013417755253612995,13.266186714172363,4.953342914581299,6962.09804471147,4462.86947299698,0.022999528795480728,0.3743688464164734,1.0,0.23771584033966064,0.029839353635907173,0.026638150215148926,0.02606784738600254,0.02489105612039566,0.019681710749864578,0.014851702377200127,0.01167515479028225,0.011878341436386108,0.05854284809362934,0.2595685124397278,2.0
-218.33828735351562,56.533287048339844,32.23667907714844,12.570438385009766,28.88373374938965,-5.136946201324463,-20.74087142944336,-24.607526779174805,-7.160632133483887,-14.04312515258789,8.4506196975708,7.652352809906006,40.141136169433594,40.373294830322266,23.09532356262207,18.56061553955078,22.154184341430664,-1.07794189453125,12.56693172454834,4.9824628829956055,6954.826552955543,4458.2125333144295,0.02236698381602764,0.3713536262512207,1.0,0.23830755054950714,0.0288020558655262,0.025590773671865463,0.024976607412099838,0.023778902366757393,0.018868518993258476,0.014267758466303349,0.011184082366526127,0.011336655355989933,0.05864276665057915,0.2601274847984314,2.0
-218.12557983398438,56.634620666503906,31.127077102661133,12.075331687927246,29.848987579345703,-5.033421039581299,-21.25187110900879,-24.824054718017578,-6.8483452796936035,-13.662985801696777,8.447186470031738,7.4702959060668945,39.224884033203125,39.74937438964844,23.649351119995117,19.77569007873535,23.198078155517578,-1.003096103668213,12.301435470581055,4.9717020988464355,6943.616842594614,4442.489151268615,0.021165646612644196,0.35382816195487976,1.0,0.24717220664024353,0.027599768713116646,0.024383073672652245,0.02374706231057644,0.022562775760889053,0.018031882122159004,0.013719086535274982,0.010793761350214481,0.010769641026854515,0.059779575892857144,0.2614544630050659,2.0
-217.8009033203125,56.173519134521484,30.89802360534668,12.074750900268555,29.640901565551758,-5.189584732055664,-21.10390853881836,-24.533466339111328,-7.138726711273193,-14.446389198303223,8.287069320678711,7.97710657119751,39.213584899902344,38.9696044921875,24.019439697265625,20.953487396240234,23.690345764160156,-1.612366795539856,11.734760284423828,5.369231224060059,6939.976903270698,4445.2975045975345,0.01982598565518856,0.3303561508655548,1.0,0.26247459650039673,0.027296118438243866,0.023681549355387688,0.023019742220640182,0.021851282566785812,0.017554963007569313,0.01337144523859024,0.010518260300159454,0.010315684601664543,0.06146499457046332,0.26214608550071716,2.0
-216.9490509033203,53.430274963378906,25.187288284301758,10.527560234069824,28.788576126098633,-1.7081451416015625,-17.515228271484375,-19.594837188720703,-7.120795726776123,-15.551159858703613,5.777342319488525,7.172402381896973,39.095252990722656,40.489501953125,22.80060386657715,20.87224769592285,25.77107048034668,0.49865615367889404,10.365386962890625,3.632511854171753,6878.883038824849,4481.192797065158,0.016874225810170174,0.21788080036640167,1.0,0.40816232562065125,0.03256673365831375,0.024162674322724342,0.02340111695230007,0.02217014692723751,0.018488328903913498,0.01457391120493412,0.011504330672323704,0.009840933606028557,0.06592362451737452,0.24683977663516998,2.0
-216.34066772460938,55.76336669921875,28.722339630126953,11.152166366577148,30.440216064453125,-3.7331812381744385,-20.371950149536133,-24.222312927246094,-7.74699592590332,-15.236041069030762,8.335504531860352,7.829408645629883,38.9045524597168,39.01458740234375,24.559995651245117,21.822338104248047,24.551124572753906,-1.3209617137908936,11.170498847961426,4.455073356628418,6923.345802955347,4432.041198390441,0.01604870893061161,0.23721404373645782,1.0,0.362784743309021,0.02889137901365757,0.022298725321888924,0.02151421271264553,0.020538799464702606,0.0169010441750288,0.013003209605813026,0.010241988115012646,0.009298715740442276,0.06286385436776062,0.2634631395339966,2.0
-216.03408813476562,56.198917388916016,28.630292892456055,10.936552047729492,29.96717643737793,-3.9631969928741455,-20.15549659729004,-23.948486328125,-7.559081077575684,-15.256022453308105,8.722201347351074,7.900384902954102,38.144283294677734,38.75446319580078,24.50328826904297,21.611347198486328,24.776824951171875,-1.5399885177612305,10.473044395446777,4.677204608917236,6917.564747659477,4422.668267183335,0.016137810423970222,0.2458306849002838,1.0,0.348896861076355,0.0277894027531147,0.02179272286593914,0.021098267287015915,0.02015555277466774,0.016520539298653603,0.01269512064754963,0.01000079233199358,0.009125471115112305,0.0631805773407336,0.26379069685935974,2.0
-216.5969696044922,55.581581115722656,28.892539978027344,11.262323379516602,30.274911880493164,-3.9968185424804688,-20.563825607299805,-24.336132049560547,-7.726171493530273,-15.256824493408203,8.454686164855957,7.745610237121582,38.699581146240234,38.835655212402344,24.84657859802246,22.01537322998047,24.493303298950195,-1.3638880252838135,11.227886199951172,4.369451522827148,6926.472570514763,4435.215598908422,0.015607362613081932,0.22487632930278778,1.0,0.3837021291255951,0.029581572860479355,0.022288404405117035,0.02149021066725254,0.02058442309498787,0.016955707222223282,0.012992553412914276,0.010225053876638412,0.009159285575151443,0.06388000723938224,0.26384827494621277,2.0
-216.7013702392578,55.756492614746094,28.661685943603516,10.766923904418945,30.40536117553711,-4.039015293121338,-20.76836395263672,-24.31896209716797,-7.6594109535217285,-15.44048023223877,8.558940887451172,7.773588180541992,38.54929733276367,38.604984283447266,24.55875015258789,22.02646827697754,24.838808059692383,-1.0061122179031372,11.232683181762695,4.56752347946167,6927.601416383509,4432.428914702926,0.017388638108968735,0.28969255089759827,1.0,0.29506170749664307,0.025919750332832336,0.02151067741215229,0.020802905783057213,0.019802020862698555,0.01608213409781456,0.012336047366261482,0.009676804766058922,0.00910391379147768,0.06424763211872588,0.26393964886665344,2.0
-215.9783477783203,55.96242904663086,28.74015235900879,10.783195495605469,30.50995635986328,-3.7080936431884766,-20.543231964111328,-24.200214385986328,-7.472504615783691,-15.014556884765625,8.82691764831543,7.592524528503418,38.19232940673828,38.52936935424805,24.927881240844727,21.89278221130371,24.309337615966797,-1.6450753211975098,10.8392972946167,4.530215263366699,6929.673588281359,4439.023821259232,0.015673067420721054,0.2255566269159317,1.0,0.3828326463699341,0.02958480454981327,0.02224719151854515,0.02149979956448078,0.02054823748767376,0.016959162428975105,0.013030339032411575,0.01026222575455904,0.009207811206579208,0.06437582951254826,0.2638780176639557,2.0
-215.85174560546875,55.696231842041016,28.759159088134766,11.132494926452637,30.443140029907227,-3.744300603866577,-20.533905029296875,-24.44745635986328,-7.396276473999023,-15.006300926208496,8.644481658935547,7.809042930603027,38.547645568847656,38.95530319213867,25.03533172607422,21.811853408813477,24.26713752746582,-1.6253570318222046,11.14993667602539,4.678760528564453,6928.7916466946335,4442.271369831723,0.01570894755423069,0.2297753095626831,1.0,0.3748416304588318,0.029470793902873993,0.022386807948350906,0.021560193970799446,0.020585324615240097,0.0169669296592474,0.013041016645729542,0.010268742218613625,0.009248189628124237,0.06508468569015444,0.2639690935611725,2.0
-216.1361846923828,56.26333236694336,29.78081703186035,11.408805847167969,30.159090042114258,-4.20717191696167,-20.97279930114746,-24.45815086364746,-7.082150936126709,-14.584970474243164,9.021744728088379,7.792871952056885,38.03190231323242,38.37822341918945,24.870830535888672,21.371414184570312,23.860795974731445,-1.8805330991744995,11.382381439208984,4.918956756591797,6936.382347999931,4443.123265972663,0.015806732699275017,0.22568568587303162,1.0,0.38228073716163635,0.030106693506240845,0.02273564785718918,0.022008702158927917,0.021043680608272552,0.01732754148542881,0.013273601420223713,0.01045551709830761,0.00943431444466114,0.06304295366795366,0.26410016417503357,2.0
-216.78341674804688,55.81083297729492,29.99667739868164,11.73957347869873,30.48015785217285,-4.252003192901611,-20.987855911254883,-24.489728927612305,-7.437840461730957,-15.154165267944336,8.309423446655273,8.226219177246094,38.894840240478516,38.42465591430664,24.806446075439453,21.547176361083984,24.021045684814453,-1.6236683130264282,11.225778579711914,4.518280506134033,6934.556663528379,4440.333144547108,0.01849844679236412,0.3157157897949219,1.0,0.2719556987285614,0.02593931183218956,0.022187212482094765,0.021529546007514,0.02041148580610752,0.016452401876449585,0.012563247233629227,0.009862290695309639,0.009492005221545696,0.0641929597007722,0.2642199993133545,2.0
-216.75015258789062,55.72077178955078,29.66934585571289,11.177566528320312,29.719741821289062,-4.687176704406738,-21.137035369873047,-24.639373779296875,-7.217631816864014,-14.703938484191895,8.372640609741211,7.889593124389648,38.929222106933594,38.229759216308594,24.51763153076172,21.82964515686035,24.122934341430664,-1.40189528465271,11.655078887939453,4.7306694984436035,6932.620724248398,4440.101002502604,0.018026303499937057,0.30583655834198,1.0,0.2803540527820587,0.02618957869708538,0.02217218279838562,0.021437298506498337,0.020301705226302147,0.016407571732997894,0.012549849227070808,0.009833808057010174,0.009390419349074364,0.0635745958011583,0.26448318362236023,2.0
-217.8624725341797,55.77459716796875,30.78334617614746,12.049025535583496,30.114450454711914,-5.076212406158447,-21.27518081665039,-24.725000381469727,-7.003108978271484,-14.843758583068848,8.160480499267578,8.025689125061035,39.27863693237305,38.524112701416016,24.591995239257812,21.41037368774414,23.92758560180664,-2.050828218460083,11.220141410827637,4.966243743896484,6944.422371839556,4441.855538418163,0.01906747743487358,0.3261318802833557,1.0,0.2644682228565216,0.026311175897717476,0.02264276333153248,0.02191857621073723,0.02079000324010849,0.01671447977423668,0.012751273810863495,0.010009907186031342,0.009742427617311478,0.0634463984073359,0.26439663767814636,2.0
-217.12158203125,53.128997802734375,25.260835647583008,10.622781753540039,28.767230987548828,-1.5140985250473022,-17.46541976928711,-19.903701782226562,-7.772887229919434,-15.904509544372559,5.893949508666992,7.586468696594238,39.54931640625,40.51384735107422,22.61743927001953,21.06541633605957,26.29674530029297,0.6440139412879944,9.508975982666016,3.2208242416381836,6874.934985621625,4472.7055156546,0.016518481075763702,0.2135915458202362,1.0,0.41525304317474365,0.03278599679470062,0.023960312828421593,0.02315944992005825,0.021961648017168045,0.01835448108613491,0.014473813585937023,0.011394141241908073,0.009733605198562145,0.06541837596525096,0.24801497161388397,2.0
-217.5041046142578,56.48214340209961,30.957565307617188,11.86490535736084,30.014949798583984,-5.007582664489746,-21.33159065246582,-25.809303283691406,-6.587115287780762,-13.750680923461914,8.509390830993652,7.371286869049072,39.36795425415039,39.79380416870117,24.578392028808594,19.864238739013672,22.54840850830078,-1.7617788314819336,12.668200492858887,5.215226650238037,6955.51675882844,4450.9509927889385,0.020551947876811028,0.3522361218929291,1.0,0.24768148362636566,0.027093321084976196,0.02379726991057396,0.023114165291190147,0.021949527785182,0.01749241352081299,0.013271498493850231,0.0104128522798419,0.010369399562478065,0.06213803088803089,0.26370811462402344,2.0
-217.8878173828125,56.59381103515625,32.07952880859375,12.35600757598877,29.469816207885742,-5.284838676452637,-21.16004753112793,-25.33183479309082,-6.611724376678467,-14.034366607666016,8.457646369934082,7.691067218780518,39.86031723022461,39.542945861816406,23.590978622436523,18.83616828918457,22.34286117553711,-1.5097531080245972,12.403022766113281,5.124927043914795,6960.470017097576,4454.38461962213,0.02132727950811386,0.3633994460105896,1.0,0.24165311455726624,0.027906237170100212,0.02461407147347927,0.024072837084531784,0.02289109118282795,0.018143096938729286,0.013730104081332684,0.010780863463878632,0.010834014974534512,0.06214745716698842,0.26339682936668396,2.0
-218.34326171875,56.574920654296875,32.17080307006836,12.268107414245605,28.99313735961914,-5.43877649307251,-21.10797119140625,-25.26603889465332,-6.799716949462891,-14.144657135009766,8.453271865844727,7.686811447143555,40.46206283569336,40.52598190307617,23.530384063720703,18.22577667236328,22.22904396057129,-1.1202824115753174,12.837993621826172,5.353289604187012,6956.706049213723,4446.396480379625,0.021819446235895157,0.36866602301597595,1.0,0.23907369375228882,0.028112251311540604,0.024907922372221947,0.024305423721671104,0.023140164092183113,0.01836317963898182,0.013904194347560406,0.01090539712458849,0.01103598065674305,0.06088999155405406,0.2628632187843323,2.0
-217.46664428710938,57.14810562133789,32.040523529052734,12.092337608337402,28.970293045043945,-5.650716781616211,-21.138702392578125,-24.70478057861328,-6.1287689208984375,-14.083243370056152,8.473343849182129,8.057909965515137,40.442928314208984,40.414485931396484,23.33770179748535,17.879915237426758,22.453203201293945,-0.6690837144851685,12.710537910461426,5.049003601074219,6949.579653131507,4440.453695191576,0.021162014454603195,0.35946065187454224,1.0,0.24435697495937347,0.028194287791848183,0.02479698322713375,0.02411164715886116,0.02296321652829647,0.01820068247616291,0.013746433891355991,0.010754064656794071,0.010789880529046059,0.06072408904440155,0.26319998502731323,2.0
-217.7334747314453,56.69915771484375,32.085052490234375,11.955703735351562,28.788009643554688,-5.703926086425781,-21.300800323486328,-24.804805755615234,-6.67764949798584,-14.340974807739258,8.33849048614502,7.906399726867676,40.41568374633789,39.98843002319336,23.173229217529297,18.398033142089844,22.689453125,-0.9948610067367554,12.418992042541504,5.153534412384033,6951.454671109026,4445.67976988258,0.021222198382019997,0.35974305868148804,1.0,0.24438916146755219,0.0282480139285326,0.024871187284588814,0.02428930439054966,0.0231657475233078,0.01832256279885769,0.013806073926389217,0.01081172563135624,0.01084495335817337,0.061596962475868725,0.2634255290031433,2.0
-217.58236694335938,57.04109191894531,32.60028839111328,12.133524894714355,28.56451416015625,-5.5527472496032715,-20.954872131347656,-24.729150772094727,-6.159351348876953,-14.158539772033691,8.089555740356445,7.741901874542236,40.90140151977539,40.41868209838867,23.086931228637695,17.661291122436523,22.131908416748047,-0.5982472896575928,12.63058090209961,4.790868759155273,6957.91020832054,4449.087649234241,0.022039849311113358,0.37348639965057373,1.0,0.23698414862155914,0.028639547526836395,0.025386521592736244,0.024824578315019608,0.02363092079758644,0.018607033416628838,0.014019005000591278,0.010979746468365192,0.011136883869767189,0.06160073298745174,0.26289454102516174,2.0
-217.64797973632812,56.71685028076172,32.196006774902344,11.735504150390625,27.931856155395508,-6.284420967102051,-20.815031051635742,-24.567550659179688,-6.291901111602783,-14.057625770568848,8.096129417419434,7.571670055389404,41.18833541870117,40.69212341308594,23.11688995361328,17.539426803588867,22.373821258544922,-0.45238161087036133,12.871708869934082,5.438380241394043,6967.470585248748,4458.306689913287,0.022638823837041855,0.37631914019584656,1.0,0.23676592111587524,0.029678644612431526,0.026311861351132393,0.025706162676215172,0.024509726092219353,0.019264694303274155,0.014474877156317234,0.011329659260809422,0.011556439101696014,0.06034515263030888,0.2624591290950775,2.0
-216.92935180664062,56.932273864746094,32.431678771972656,11.969303131103516,27.712141036987305,-5.966330528259277,-20.198768615722656,-24.430038452148438,-6.436987400054932,-14.046407699584961,8.068467140197754,7.636096477508545,41.54254150390625,40.67594909667969,22.872034072875977,16.919254302978516,21.71524429321289,-0.8341115117073059,12.966754913330078,5.534491062164307,6968.691231069808,4467.4476427019135,0.02302379719913006,0.3792746663093567,1.0,0.23573420941829681,0.030380966141819954,0.026996154338121414,0.026455257087945938,0.025326557457447052,0.019853437319397926,0.014867584221065044,0.011623332276940346,0.011897732503712177,0.059014162041505794,0.2618887424468994,2.0
-217.0615234375,57.30491256713867,32.00950622558594,11.433404922485352,28.1497802734375,-5.8888068199157715,-20.85291290283203,-24.820112228393555,-6.180109977722168,-13.882044792175293,7.918426990509033,7.337350368499756,41.39088439941406,40.661231994628906,22.80240249633789,16.94392204284668,21.466754913330078,-0.6082032918930054,13.266597747802734,5.1497015953063965,6963.458552182908,4451.731597515569,0.022469256073236465,0.37277400493621826,1.0,0.23863759636878967,0.029759325087070465,0.026468660682439804,0.02590603567659855,0.02473374828696251,0.019394950941205025,0.01453273557126522,0.011351159773766994,0.011553029529750347,0.06003785593629344,0.2628214359283447,2.0
-217.34320068359375,57.37777328491211,32.66854476928711,12.035223960876465,28.53864097595215,-5.584357738494873,-20.85545539855957,-24.733081817626953,-6.266841888427734,-13.86233139038086,8.266768455505371,7.394714832305908,41.14437484741211,40.726112365722656,23.17934799194336,17.465373992919922,21.394676208496094,-1.2248518466949463,12.959303855895996,5.2498369216918945,6959.432090892192,4446.904582970737,0.022467097267508507,0.37645918130874634,1.0,0.23632974922657013,0.029293715953826904,0.025934463366866112,0.02536679618060589,0.024173041805624962,0.019008144736289978,0.014293588697910309,0.0111969830468297,0.011419402435421944,0.060482776303088806,0.26320964097976685,2.0
