0,1,2,3,4,5,6,7,8,9,10,11,12,13,14,15,16,17,18,19,20,21,22,23,24,25,26,27,28,29,30,31,32,33,34,35,36,37,38,39,40,41,42,43,44,45,46,47,48,49,50,51,52,53,54,55,56,57,58,59,60,61,62,63,64,65,66,67,68,69,70,71,72,73,74,75,76,77,78,79,80,81,82,83,84,85,86,87,88,89,90,91,92,93,94,95,96,97,98,99,100,101,102,103,104,105,106,107,108,109,110,111,112,113,114,115,116,117,118,119,label
-165.59488,4.764318,60.996876,6.624691,-27.146942,5.188947,-10.745701,4.380008,13.520961,4.8801656,-3.928575,4.33057,-4.054485,3.9455614,-12.254724,3.6271348,-0.32554206,3.6211522,16.722288,3.1997578,32.27189,2.9827566,19.037909,2.8258839,-0.7338418,2.8224335,11.186926,3.423175,-8.370553,2.9126077,9.828957,2.6196375,-5.3153853,2.7733574,17.064034,2.6192515,12.221349,2.715284,-5.670475,2.6336212,0.048959862,0.8612785,0.054187886,1.2727331,0.064582065,1.0173239,0.06064901,0.8572205,-0.016004322,0.8769479,-0.049982153,0.83454436,0.058876675,0.7952561,0.017800435,0.71315247,-0.037390158,0.7028193,-0.0034445405,0.63970846,-0.006401944,0.60791534,0.015580166,0.60838616,-0.0043078586,0.5485657,0.033317752,0.5716687,0.05222562,0.6249227,-0.018952122,0.4420379,-0.015694331,0.49284428,0.011507299,0.50524455,0.015321637,0.5655238,0.027543014,0.42834562,0.007297745,0.53817946,0.10884322,0.6370556,0.038418587,0.53124666,-0.012390777,0.50939375,-0.079890795,0.50610995,-0.03529408,0.49135694,-0.005160359,0.42429206,-0.034196123,0.4447079,-0.016912,0.3946854,-0.011414449,0.39077726,-0.023264194,0.33471635,0.022311892,0.35052946,0.04416994,0.34978992,0.047181055,0.38170943,0.021030294,0.35675773,-0.01101504,0.32389438,-0.013052751,0.39815,-0.022002995,0.36334404,-0.030013312,0.3912139,-0.020352008,0.3260084,0
-167.30159,4.5015345,60.496716,6.069457,-27.024694,4.586173,-10.716944,3.7723124,13.262436,3.9728909,-5.2183676,3.5271368,-3.9883535,3.1022313,-13.017599,2.8221703,-1.9818021,2.687906,16.258959,2.6328633,32.155422,3.1982965,19.238928,2.6048298,-0.0010213412,3.2593372,11.501993,3.4606926,-8.915184,2.9120529,9.214827,2.4400508,-7.0779266,2.83351,16.23927,2.4878323,11.317838,2.6837378,-5.032235,2.5539963,-0.044052493,0.754502,-0.08870571,1.0932721,-0.07636756,0.813091,-0.051753175,0.5460423,-0.032155395,0.5958907,-0.06656736,0.5350465,-0.06520276,0.49685913,-0.030730715,0.4772649,-0.02763627,0.49125412,-0.017891744,0.45522982,-0.004885371,0.5886713,-0.01559466,0.41725668,-0.01335509,0.51975054,-0.036074385,0.48491052,-0.060507406,0.539061,0.0077545745,0.37514684,0.04898487,0.5154265,0.012618101,0.45502073,-0.045186996,0.46290356,0.011686947,0.42069596,0.049897406,0.53914523,0.17901316,0.8354682,0.06423699,0.65408045,-0.016899168,0.4201526,-0.023868281,0.34490576,-0.03518654,0.38478377,-0.041523814,0.4040859,0.0022642063,0.40302432,-0.0086074425,0.34757683,-0.045632184,0.38840127,-0.033021837,0.44862926,0.007596007,0.31790015,0.056193996,0.3856321,0.05966965,0.3979399,0.027796328,0.35593978,-0.033779256,0.32135367,-0.01537353,0.42680946,-0.050679397,0.36440578,-0.063775465,0.38673207,-0.00887883,0.32103297,0
-170.8018,2.9858272,55.75937,4.8538218,-31.661753,2.4821544,-15.537849,2.3499367,8.155525,2.5426815,-7.3484564,2.3370612,-5.5073953,2.38311,-14.393676,1.940373,-4.529115,2.2276318,14.749371,2.0172355,31.748377,2.2241309,18.382229,1.8608855,-1.3970504,2.526332,11.129935,2.149714,-8.40041,1.92575,9.9076395,2.1277666,-7.4294567,2.6135545,15.706184,2.660331,12.11022,2.2767315,-3.351239,1.9335895,0.062434122,0.5411043,-0.006963011,0.9452141,0.0289724,0.42276275,0.018742247,0.42258725,0.03245421,0.3859375,0.018990738,0.3921409,-0.019606503,0.42293367,-0.015917702,0.29429495,0.0022619285,0.37623632,-0.016579434,0.3100156,-0.009350148,0.42284882,-0.0060612084,0.29729992,-0.03255331,0.44355538,0.015365443,0.43417543,-0.023924498,0.363186,0.027966771,0.34416667,0.07085163,0.46091163,-0.027876077,0.49676436,-0.010419448,0.37166065,-0.022139322,0.31868076,0.0623497,0.35483995,0.19657472,0.6608917,0.05609674,0.30155838,0.004467216,0.36495754,-0.036513653,0.35437348,-0.04404137,0.3398597,-0.03880868,0.2818276,-0.022888983,0.28642288,0.0011050774,0.32195142,-0.026759243,0.2816126,-0.06626982,0.31523046,0.009211264,0.2747561,0.066845424,0.38722277,0.018119676,0.28800678,0.029888917,0.27724373,-0.022398114,0.2738935,-0.048728265,0.3661066,-0.04488841,0.36097646,-0.03681874,0.35568494,-0.005146987,0.2621747,0
-171.74133,2.4946609,54.75348,4.0000877,-29.849308,2.9693003,-15.6297655,2.2320883,6.6307926,2.6874118,-7.519149,2.2124832,-4.0382247,1.7288741,-13.655775,1.9876963,-2.5307086,2.504541,16.868992,2.4105484,28.98489,2.330335,15.077322,1.9177572,-2.579642,2.4127917,9.1335335,2.686691,-4.4499426,2.485079,11.1774,2.3755558,-6.3342032,2.580357,17.162699,2.4097729,13.440159,1.8426133,-5.5476694,2.2507138,0.027747506,0.42160612,0.061439637,0.6836862,-0.006386632,0.46392816,-0.009067785,0.35541862,-0.0068539693,0.51148796,0.0022536323,0.40352574,0.016324285,0.28961232,0.009692115,0.3385734,-0.023000637,0.38496485,0.013016434,0.45704278,0.032767136,0.3655919,-0.010216132,0.3253728,-0.023707714,0.42191964,0.0090326015,0.4385577,-0.025166111,0.48495334,0.03214366,0.4176159,0.04176379,0.4365061,0.018246522,0.47699848,-0.004978867,0.2966647,-0.044368006,0.3927114,0.01836437,0.2978083,0.13453269,0.47877353,0.07956738,0.45396113,-9.9548924e-05,0.29660347,-0.069621414,0.3639447,-0.04633783,0.27980974,-0.0115206,0.22510673,-0.0014784914,0.24846043,-0.018817294,0.31082502,-0.011087779,0.279065,-0.03829198,0.32731187,-0.02040834,0.26443684,0.018597474,0.27523297,0.061917562,0.32314202,0.029492177,0.32220504,-0.045098018,0.33127493,-0.049700297,0.33155593,-0.032229293,0.29816338,-0.0050530443,0.20576853,0.01383315,0.29988736,0
-170.65555,2.6035464,54.6067,4.3049846,-30.248783,2.9382236,-14.5270605,2.3419151,7.2558556,2.6604848,-6.477474,2.4259224,-3.4391477,2.331533,-13.677283,1.8498639,-1.0248413,2.4335682,17.468517,2.4467444,29.245012,2.1428392,14.066784,2.13439,-2.927754,2.3042948,9.748278,2.2514887,-4.5533934,2.0025203,11.647228,2.2619536,-6.3286047,2.3037794,17.345167,2.70249,12.928099,2.1579618,-5.802467,2.3693743,-0.0025146045,0.43457195,-0.0448056,0.84948474,0.024961835,0.48398057,0.024358504,0.38723332,-0.0054259906,0.4200554,-0.0046072537,0.3445965,0.06108047,0.3962654,0.0043280236,0.31573862,-0.030594194,0.44404274,-0.023013819,0.47450683,0.013138592,0.3415524,0.008150491,0.35225934,0.013776144,0.4457859,-0.009612158,0.3677958,-0.038525525,0.32868612,0.01868029,0.32698628,0.019270241,0.41257492,0.014772129,0.54601306,-0.005131982,0.36394945,0.019729834,0.3774619,0.034048226,0.3218939,0.16832773,0.6046187,0.069016315,0.34370965,0.0046706107,0.35065195,-0.04501207,0.38418108,-0.009464481,0.25484195,-0.028535787,0.3006801,-0.019614054,0.22292808,0.009937793,0.298761,-0.0043892832,0.3330814,-0.026867276,0.31971407,0.012564224,0.2393984,0.03999932,0.29459128,0.05668718,0.330151,0.0075276867,0.2292566,-0.03036809,0.3015108,-0.047016826,0.28449458,-0.073072016,0.35143813,-0.03611879,0.287043,-0.015533243,0.3064282,0
-171.52896,2.9938068,54.768433,4.4887486,-29.656157,2.878781,-14.586803,2.2271206,7.911101,2.3808186,-7.061631,2.590501,-3.4530625,2.377326,-13.735641,2.3241374,0.8424312,2.4465973,18.523577,2.4770648,28.77288,2.3612812,11.356378,2.2624319,-3.9827542,2.5965312,11.279896,2.164609,-3.44575,2.269031,10.977848,2.166782,-6.474868,2.8903823,18.024437,2.907216,12.790802,2.436138,-6.6700816,2.208764,0.06381742,0.54355997,0.004165136,0.8254276,-0.07625962,0.5376032,-0.051911514,0.41227096,0.022486726,0.34769914,0.02579288,0.49707165,0.007200273,0.3890909,-0.017818356,0.398183,-0.0053731645,0.36773926,0.0029633027,0.43157992,-0.025891617,0.44586384,-0.06683811,0.44827205,0.004938995,0.43749028,-0.0052631893,0.32151863,-0.021406677,0.42665347,-0.03788213,0.33930466,-0.025274167,0.48537022,0.011562497,0.5050472,0.027858602,0.43587685,0.009875133,0.4089864,0.033137694,0.37006342,0.1903062,0.68176824,0.07354541,0.41592017,0.021309307,0.3147169,-0.034812056,0.28036946,-0.03735923,0.30345094,0.012630996,0.32541835,-0.0176217,0.2812045,-0.050431322,0.32147866,-0.0391781,0.32068524,0.008406003,0.3363104,0.0041030827,0.25264412,0.0194506,0.32229638,0.031078665,0.25576755,-0.008704784,0.27694014,-0.017847149,0.24792206,-0.063043304,0.41737708,-0.057428595,0.36680317,-0.04527963,0.32418653,-0.029164704,0.29829252,0
-170.12877,3.5582922,56.154995,5.129562,-28.674665,3.3724408,-13.709661,2.9957879,8.993511,2.8264587,-5.864691,2.565588,-2.173072,2.5801444,-13.576614,2.7542677,0.038809028,2.6729703,18.965197,2.4858785,28.828396,2.4745805,12.091487,2.4852598,-3.3454213,2.5897536,10.239951,2.4131353,-3.958536,2.2327929,11.729646,2.6463442,-7.210719,2.8206537,17.539198,3.0398245,12.377515,2.2354798,-7.270067,2.2563686,-0.030011678,0.5406649,-0.05808613,0.73957986,-0.010114079,0.59656614,-0.023175685,0.53981626,-0.03027606,0.5641395,-0.019055828,0.3963444,-0.042056035,0.45997745,-0.017633736,0.5160112,-0.010332263,0.51494205,-0.0144055,0.4136516,-0.012739622,0.36735567,-0.037801266,0.36158738,-0.019771166,0.41683954,-0.005415291,0.42136952,-0.008047702,0.3412354,0.008228762,0.44723818,0.0025474548,0.41211697,0.054150175,0.43908548,-0.0071371114,0.36500096,-0.033674,0.40635824,0.03196354,0.4205335,0.14621645,0.59477216,0.034267705,0.4256147,-0.05756335,0.4255837,-0.037651833,0.3203286,-0.026217002,0.3273502,-0.039610077,0.37788272,-0.038051847,0.37377542,-0.031028593,0.3518731,-0.045674317,0.3626072,-0.063945666,0.4092474,-0.029698445,0.3560348,0.014102925,0.41696882,0.05508096,0.39105213,0.022018222,0.30903018,-0.050973825,0.35120848,-0.061498158,0.39789194,-0.06352735,0.3999303,-0.013118391,0.25549912,0.016300788,0.34411106,0
-169.90683,3.4447415,57.638798,4.7404366,-27.706005,3.6070058,-13.53169,3.255948,9.812593,3.497267,-5.027559,3.3611324,-1.455982,3.0536733,-11.88233,2.903215,0.3878259,3.1002405,20.017529,2.735546,30.411226,3.1371162,13.745638,3.0591998,-2.1911988,3.0140336,10.423241,3.0466614,-3.0519583,2.9364035,12.578094,3.097145,-5.794706,2.7148383,17.5295,3.080523,13.403549,2.5692413,-5.45525,2.7704568,0.02218066,0.6370732,-0.052538857,0.9109946,-0.0315799,0.6528673,0.0061706817,0.5543048,-0.015947236,0.65966624,0.037437607,0.5506268,0.030315196,0.5731192,0.0155815035,0.566731,0.012522809,0.55380374,-0.014242004,0.51268387,0.02713105,0.5961563,0.0203932,0.45965967,0.03701567,0.5182953,-0.0013172361,0.47270983,0.061374087,0.52869093,0.03219088,0.5782746,0.008090434,0.44522187,-0.032885864,0.5569575,0.045924105,0.45049742,0.054529786,0.57591456,0.007371963,0.45968246,0.11707723,0.60426986,0.062075168,0.44414347,-0.0048293797,0.42218032,-0.03722949,0.42662185,-0.053984076,0.40465567,-0.04729984,0.35115826,-0.030230727,0.33107725,-0.021151014,0.34338138,-0.048288155,0.35786685,-0.033043273,0.3557967,-0.009635023,0.274843,0.041172754,0.32895407,0.03887147,0.33239943,-0.010202164,0.34886658,-0.027460571,0.39068082,-0.05333584,0.31675044,-0.07134938,0.44904146,-0.020536745,0.2689252,-0.029925535,0.35674587,0
-171.17256,3.0285206,55.187748,4.271003,-32.34947,2.6869092,-15.768415,2.4581366,8.945931,2.6407208,-7.6070385,2.4247901,-5.8806987,2.3170886,-14.841438,2.2067962,-3.979828,2.1651065,15.893089,2.3001835,32.137012,2.4413276,17.603409,2.0867658,-1.3159117,2.6181436,11.4038315,2.819317,-7.964212,2.2891011,9.722102,2.230818,-7.6903987,2.4042695,16.18061,1.9549699,12.370697,2.1280308,-2.9601014,2.3298628,0.0016144313,0.46793824,-0.07497522,0.7643173,-0.05912668,0.4716125,-0.08422319,0.45262,-0.035420485,0.48143852,0.0046427837,0.43081626,-0.022688273,0.39182875,0.007800979,0.39128476,0.050629854,0.3435075,0.03084584,0.4086847,0.026279509,0.42785302,0.032694377,0.33063096,-0.00044739063,0.4298471,-0.0020458295,0.45165655,0.032806363,0.39430958,0.008753139,0.34638283,0.03274722,0.37932655,0.01050477,0.36183208,0.050334543,0.35065687,0.022394888,0.34355676,0.059044633,0.43964073,0.15961756,0.6192829,0.05991296,0.32704043,-0.026625972,0.33312875,-0.060832247,0.3432638,-0.05678703,0.3574909,-0.04545301,0.30025393,-0.038201112,0.24364801,-0.018781008,0.25705594,-0.033794563,0.30845785,-0.05569505,0.3405746,-0.004126128,0.28981903,0.06403477,0.35729322,0.070782304,0.4161747,0.044458117,0.31649262,-0.022972876,0.2860855,-0.025268272,0.30525848,-0.023678144,0.22636877,-0.034465052,0.30276304,-0.02737276,0.28621617,0
-170.6621,2.5966778,55.419067,4.07413,-32.574886,2.1171556,-15.698434,2.0670733,8.975439,3.2049842,-6.6971188,2.0556984,-5.51604,2.3220155,-15.259509,2.1465096,-4.216272,2.2967038,15.395233,2.127992,32.5609,1.9724699,17.996044,1.9524769,-1.8350748,2.4238544,11.5533695,2.7978833,-7.6527605,2.4041567,10.155957,1.8614788,-7.783324,2.2135048,16.111864,2.0885313,13.117285,2.188382,-3.8821428,2.1792178,0.046465136,0.39671788,0.0170239,0.6986355,0.025027007,0.33951724,-0.0019439404,0.33347744,0.032926258,0.5908418,0.010029325,0.40610096,-0.018151795,0.4350226,-0.033851743,0.37799278,-0.009753245,0.35377413,0.008443486,0.34140724,-0.0025613676,0.33783945,-0.033606518,0.34972507,0.0022574058,0.40926206,-0.023992077,0.41137132,-0.05826006,0.3734058,0.011023775,0.30332643,-0.012006292,0.3113698,-0.00028939982,0.37353492,0.001937063,0.3652931,-0.027807936,0.42646068,0.02949666,0.299124,0.1386964,0.5152452,0.019415941,0.28500494,-0.017333258,0.22232218,-0.06138368,0.38421237,-0.034225944,0.25307322,-0.043273736,0.35477883,-0.04202842,0.31462663,-0.026948597,0.31472698,-0.033072986,0.23151058,-0.014495974,0.25721332,0.02512975,0.25067374,0.059928864,0.29072323,0.07128222,0.3434873,0.050707486,0.31382766,-0.004681356,0.22454545,-0.039197873,0.32758424,-0.04392312,0.311083,-0.021809733,0.3014478,0.0029608863,0.36019108,0
-171.15399,3.0684774,55.094456,4.6125755,-33.043,2.646269,-15.450037,2.0735412,9.682439,2.8241584,-7.6534376,2.3117461,-5.641493,2.4549499,-16.115122,2.2223861,-4.246611,2.6229758,17.055874,2.2848427,32.31067,2.0007985,17.648499,1.8648658,-1.0449901,2.1010823,11.388149,2.44795,-8.269584,1.7632239,9.769581,2.326648,-8.425624,2.1857796,16.142193,2.1622393,12.255915,2.3680305,-3.8554122,2.4078798,0.0066668363,0.56478757,0.012189975,0.86240417,-0.004737784,0.46913967,0.022568177,0.30382836,0.03828546,0.44051602,0.013459826,0.37887457,-0.012926304,0.4783437,-0.051040016,0.35303238,-0.012936863,0.4276081,0.047607455,0.3444111,0.0082490025,0.3514052,-0.038577776,0.32385364,-0.03748,0.32005304,-0.025389306,0.4408573,-0.0025924866,0.32127005,-0.021141173,0.44803134,-0.0073439158,0.35648203,-0.007946557,0.2864074,-0.0190427,0.3821493,0.0011148169,0.39380032,0.06656315,0.4033975,0.18154286,0.618714,0.06603203,0.3582327,-0.013842603,0.26344603,-0.06618293,0.41755086,-0.029238628,0.3077604,-0.038357526,0.31714046,-0.0097661475,0.2666446,-0.02140743,0.37183195,-0.02646455,0.26724267,-0.026781417,0.30399436,0.021576522,0.2391493,0.056734927,0.29390526,0.034496743,0.28459957,-0.003454873,0.24075194,-0.0021600756,0.3579803,-0.025193442,0.315756,-0.04201222,0.2659742,-0.06081634,0.37437865,-0.020116365,0.39241773,0
-171.72699,2.9713886,54.866917,4.9383636,-33.27208,3.1929545,-15.350263,2.2338786,9.732253,2.7198882,-8.12931,2.9434228,-5.5492086,2.3160198,-16.964874,2.5056367,-3.8729262,2.4275048,17.681501,2.5412297,31.975473,2.415122,17.73983,1.9893566,-0.13813871,2.598892,11.518553,2.3460355,-8.633988,1.9623685,9.619463,2.2828448,-8.80425,2.3668787,15.8035345,2.4169753,12.236834,2.3179007,-4.410538,2.3699148,-0.017097363,0.5134867,-0.051281422,0.87511706,-0.030447653,0.55747557,-0.015890004,0.34623793,-0.014397152,0.4383843,-0.05464352,0.4876837,-0.02310208,0.4549291,-0.005639718,0.37692344,0.024749773,0.382623,-0.0006295589,0.39630327,-0.053223614,0.39971295,-0.031530842,0.3431428,0.031109802,0.4893725,0.042414226,0.3132304,0.010264525,0.29481867,-0.013076498,0.35359293,0.017640848,0.4292826,0.039336603,0.3883484,0.017536417,0.43815508,-0.010040949,0.43656293,0.05283414,0.36693612,0.18635678,0.6936118,0.09289154,0.47321266,-0.026138607,0.30152908,-0.06707595,0.35516873,-0.056031805,0.35865024,-0.044752482,0.3250025,-0.033552803,0.25255147,-0.016615534,0.2873395,-0.04837245,0.33674,-0.018606087,0.29852507,0.02966804,0.28308377,0.019862588,0.26105618,0.033440996,0.3847325,-0.008137516,0.25386468,-0.019774724,0.28368622,-0.008080607,0.38170642,-0.06367761,0.36250275,-0.03834367,0.35104772,-0.01982141,0.3513034,0
-171.78198,3.0144773,53.62248,4.748104,-32.860786,2.486316,-14.479473,2.6086795,9.517851,3.173016,-7.739128,2.7572072,-5.606916,2.387963,-17.291815,2.1441965,-3.8283494,2.1974418,19.281431,2.5245292,32.304638,2.513521,18.229618,1.8119916,0.7334912,2.3680115,10.3154955,2.777488,-8.549343,2.836778,10.312215,2.6207497,-10.046245,2.5269868,14.623618,2.4961605,11.811517,2.3244827,-4.4835,2.3829205,0.007328569,0.5105947,-0.091736145,0.84799755,-0.060177438,0.4654935,-0.003106253,0.43501303,-0.008581488,0.5549835,-0.026162397,0.4702889,-0.03576076,0.4459981,-0.026447263,0.40844697,-0.007980135,0.33579516,0.0049011633,0.4588493,0.0052486015,0.5237289,0.035857428,0.2501516,0.016887557,0.40801236,0.0027448544,0.5248096,0.061652463,0.51473075,0.04373786,0.45615217,0.0050050407,0.45505527,0.027641648,0.40542048,0.041264445,0.41396222,0.030741753,0.446122,0.056879062,0.33676347,0.16983561,0.63398534,0.05520172,0.32225204,-0.03922971,0.37258056,-0.0819885,0.43116763,-0.06404105,0.3402382,-0.047858275,0.27597815,-0.0037437172,0.30290753,-0.012794476,0.2555525,-0.05703819,0.37744233,-0.049758986,0.3089156,0.006441274,0.210302,0.05646861,0.33680817,0.063978516,0.30649585,0.043331042,0.4198459,-0.018182075,0.33745828,-0.027252425,0.31109944,-0.049540203,0.31785402,-0.016604649,0.36716065,-0.0022268186,0.31110647,0
-172.2611,3.2713795,54.137672,4.617231,-32.516212,2.7553658,-14.815745,2.368358,9.46764,3.2407904,-7.867652,2.6981182,-5.613074,2.0406487,-16.62843,2.1999223,-3.549788,2.160144,19.15838,2.221257,32.422905,2.2645662,17.431604,2.157675,-0.3802427,2.4949465,10.679058,2.7074142,-7.8348417,2.19617,9.7973795,2.6207845,-8.8101635,2.3936224,16.382076,2.1228683,12.032285,2.582374,-4.727646,2.0130289,0.01761803,0.5076335,0.012570521,0.79086715,-0.012105238,0.4741485,0.0042938343,0.39772755,0.06620583,0.5344035,0.053757515,0.47136763,-0.0070799864,0.39062175,-0.079076916,0.38102144,-0.030542426,0.35482585,0.005330082,0.36975855,0.006024509,0.38005203,-0.029735215,0.3654017,-0.06612691,0.43788657,-0.050508104,0.43437442,-0.045372814,0.3590792,-0.05264135,0.44603273,0.003486208,0.41322908,-0.043451007,0.37309065,-0.024213132,0.46098575,-0.042277757,0.3292437,0.063452065,0.42221156,0.1767718,0.62797487,0.028585425,0.31294242,-0.05336477,0.32888907,-0.095404334,0.43584237,-0.08658942,0.3961888,-0.023276765,0.2587899,-0.0116615,0.27437517,-0.03786056,0.26383469,-0.042527407,0.35458577,-0.03324841,0.3401273,0.030320957,0.31215024,0.046728514,0.28549322,0.03791855,0.34285864,0.034645144,0.2875733,-0.03168362,0.3285149,-0.040187854,0.35032856,-0.037990473,0.29135472,-0.050400488,0.339696,0.010652695,0.2734913,0
-170.87903,2.9570327,55.385666,5.186876,-32.813477,2.7559202,-14.575436,2.102113,9.640095,2.4162483,-7.9743905,2.2036283,-5.6965284,2.140846,-15.97128,2.4247994,-4.168749,2.660883,17.129992,2.3333192,32.07287,2.357407,17.072716,1.8413409,-0.7294076,2.4331932,11.88825,2.4680293,-8.3439045,2.2102513,9.418878,2.5510623,-7.702943,2.7088413,17.281324,2.7809024,12.042531,2.6334836,-5.174856,2.1599796,0.04458529,0.48935375,-0.03333496,0.94629157,-0.02544746,0.51597226,0.005050942,0.39657947,0.004950427,0.41788954,-0.0056879777,0.39220762,0.01761658,0.4012764,-0.0074590645,0.41875988,0.008185816,0.47467938,0.023870256,0.3769025,-0.00075389975,0.29502368,-0.02628604,0.31068194,-0.02244372,0.36562768,0.0058134887,0.47836286,0.026024029,0.3839034,-0.006565369,0.45197612,-0.0005107586,0.48771447,0.045986664,0.57396173,0.015790856,0.5046218,-0.026413903,0.34613034,0.047399733,0.36354145,0.18914399,0.68076646,0.08583635,0.41190198,-0.0024064542,0.31966853,-0.030759871,0.39304084,-0.053422034,0.36796385,-0.0059446287,0.32735956,-0.00017641508,0.29869324,-0.04716946,0.32313198,-0.047186606,0.32419336,-0.019779466,0.31781217,0.0028713373,0.28100574,0.042404547,0.30997783,0.023877,0.34236968,-0.016452884,0.30916184,-0.04029018,0.36370265,-0.032450162,0.3807411,-0.07379433,0.3983814,-0.05817036,0.3785529,-0.0076059066,0.32127082,0
-170.57356,3.1873345,55.661945,4.9080973,-33.04353,2.8634076,-14.97054,1.8007574,9.785976,2.6606786,-7.368349,2.1950116,-5.7795167,2.3693933,-16.050426,2.0141923,-4.067622,2.6433332,17.077974,2.2304966,32.085087,2.4064064,16.85855,2.0303462,-1.7341286,2.3531342,12.375086,2.2258842,-8.1564045,1.9854091,9.345042,2.6089258,-8.248922,2.254966,17.116806,2.5274656,12.731821,2.3359632,-5.232267,2.6941295,0.039297495,0.5362808,-0.028304746,0.83445054,-0.007114733,0.5743791,0.005884878,0.30536577,-0.011965759,0.52665955,0.014061924,0.4051693,0.0008860992,0.4078816,-0.002558624,0.39529443,-0.004459469,0.44855204,0.003502446,0.4178708,-0.014819912,0.4231606,-0.019674238,0.31348914,-0.029209085,0.40284234,0.028553054,0.42430732,0.03928959,0.38515237,-0.04980626,0.48885834,-0.026862273,0.36373115,0.031063875,0.42313775,0.027989648,0.3834813,0.033040445,0.56216687,0.092872456,0.43590838,0.20399918,0.72231287,0.070492096,0.36563542,-0.028407741,0.26233965,-0.058107816,0.368694,-0.018976359,0.31260976,-0.03125619,0.32574725,-0.027746925,0.25364396,-0.01748154,0.36285233,-0.026550228,0.26326331,-0.048091,0.374357,0.019265324,0.30723992,0.04707207,0.2717421,0.009117923,0.28913,-0.0020948194,0.26642883,-0.05803476,0.39613628,-0.07307746,0.31974712,-0.047910392,0.3488764,-0.04029268,0.2908901,-0.042096894,0.32459167,0
-170.39407,2.6828094,55.08428,4.6181126,-32.839695,2.6508899,-14.786732,1.9972935,9.279014,3.1354573,-7.5310187,2.8421874,-5.5958843,2.3089507,-15.851108,2.2871468,-4.4063177,1.863182,16.900532,2.1994603,32.626286,2.2515604,17.614439,1.9841629,-1.6031785,2.0798526,11.920014,2.4724069,-8.223288,1.9220147,9.269256,2.380682,-7.356064,2.2613158,16.484737,2.5541773,12.344662,2.3904088,-4.715439,2.282219,0.027198087,0.46405908,-0.03097278,0.92108643,-0.018598875,0.43133444,0.004914002,0.3844823,0.06471739,0.5863533,0.024844386,0.5004721,-0.019942572,0.37927473,-0.034763016,0.3826139,0.01888803,0.2738439,0.023081632,0.38611975,0.01747813,0.3828261,-0.02513324,0.35662827,-0.010931389,0.32697424,-0.0037100718,0.45982945,-0.0035275111,0.33747712,0.027251545,0.41923967,0.04187109,0.44254822,-0.012604191,0.4172039,-0.010755592,0.39352155,-0.00028995916,0.37235114,0.05553988,0.3722922,0.17098145,0.6318232,0.0634908,0.34971097,-0.025165306,0.30735135,-0.076500446,0.41954666,-0.072519794,0.44790888,-0.053016383,0.35179493,-0.02609878,0.32091632,-0.0008969995,0.2436763,-0.044313695,0.30779797,-0.058963936,0.32225212,-0.029302666,0.27754194,0.035944786,0.25051796,0.06166175,0.35973907,0.017437492,0.25414327,-0.04441178,0.35491192,-0.063704096,0.37265894,-0.04415058,0.33062354,0.0037599674,0.25161558,0.004351172,0.33845413,0
-169.54495,3.3718612,56.909054,4.975248,-31.167175,3.17677,-14.44565,3.2846353,9.952029,3.3417327,-7.063644,2.768071,-5.551753,2.7071047,-14.116883,2.3386054,-2.4443417,2.4941409,15.556483,2.23116,31.618345,2.346049,18.33706,2.0025449,-1.419859,2.2256954,10.730773,2.5537078,-8.697831,2.213462,9.742401,2.272554,-6.944033,2.6641066,16.422089,2.0334876,12.489896,2.2509263,-3.8611324,2.2832778,0.05023508,0.5130661,0.049368314,0.7446457,0.0670988,0.62106866,0.048765153,0.6292846,0.033185154,0.6632385,0.013795926,0.5355962,0.046479777,0.49623466,0.018969404,0.44304943,0.020964002,0.43943924,0.001069454,0.3996855,-0.04761628,0.3196792,-0.0344541,0.29197186,0.0001265911,0.2880419,-0.014333171,0.45392698,0.007967606,0.36978248,0.021243175,0.2724876,-0.036524553,0.45846936,-0.0053329193,0.33452412,0.010095108,0.36802334,-0.034039576,0.35502237,0.06111255,0.3981943,0.18763065,0.7721197,0.07218527,0.4685344,0.0032276406,0.35337457,-0.03553463,0.39507884,-0.036565676,0.3115399,-0.03790097,0.35021073,-0.025489993,0.29915157,0.008554907,0.34063643,-0.019084563,0.2661029,-0.026349468,0.23348565,0.02007987,0.2856122,0.040527143,0.35112745,0.0131855365,0.309092,0.008065594,0.34176224,-0.026380872,0.30390784,-0.018413471,0.27372098,-0.039385814,0.2576578,-0.039480656,0.3567259,-0.032408655,0.3592302,0
-171.50388,2.677448,55.068947,4.559499,-33.209953,2.7952895,-15.221524,1.926091,9.859896,2.6926992,-7.9033484,2.047347,-5.6000113,2.0213392,-15.956774,2.1076596,-4.373149,2.2799883,17.2625,2.2368658,32.506954,2.168263,17.163881,2.1890888,-1.718999,2.0655968,11.899945,2.542833,-8.095812,2.0979445,9.482149,2.3461986,-7.6441445,2.596055,16.936813,2.8173366,12.837827,1.9857438,-4.546103,2.3677723,0.038879562,0.45042318,0.029250372,0.77884436,0.028782122,0.45977512,0.022028267,0.335717,0.053310435,0.48772827,0.022104695,0.3664143,0.019685932,0.32167804,-0.003865829,0.30741686,8.505491e-05,0.35649526,0.016860848,0.40069908,-0.0070997323,0.31583878,-0.0070714992,0.38209894,0.024229921,0.36174107,0.038077142,0.4694381,0.03328082,0.36118722,-0.00023998113,0.40542814,-0.036536958,0.37384102,-0.0073902607,0.41318092,0.0153447185,0.31231263,-0.029634,0.3952153,0.05668679,0.38739488,0.17357272,0.6183296,0.050011992,0.32048652,5.8132868e-05,0.2388087,-0.060000863,0.33373788,-0.057911284,0.2902982,-0.023119545,0.27717474,-0.028819507,0.25437343,-0.023592286,0.30847114,-0.04792466,0.29962838,-0.04592392,0.33988482,-0.004068313,0.31600475,0.027843343,0.27010795,0.027002238,0.33290952,0.008510158,0.2770232,-0.03187951,0.34304982,-0.046493374,0.32142445,-0.053120483,0.38576877,-0.03174421,0.2748113,-0.009987435,0.35300025,0
-171.99854,2.9787896,55.108646,5.1885586,-31.509502,3.2211363,-15.197266,2.0874937,8.8433695,2.823216,-7.9018884,2.3057923,-5.728517,2.4645755,-15.903313,2.1507814,-4.78827,2.542718,16.864897,2.409435,32.776142,2.543752,17.3941,1.9461573,-1.3029515,2.2064507,11.536503,2.7082791,-7.671131,2.2927272,9.099986,2.3523464,-8.574749,2.8882809,17.339727,2.7436297,12.725613,2.1871815,-5.2601852,2.403961,0.0010687314,0.47136852,-0.013545021,0.93253887,0.008393999,0.5915846,-0.027839676,0.3248027,0.014446442,0.5399081,0.001863718,0.38758335,0.014143559,0.43117544,-0.0007716353,0.30718684,-0.025411973,0.4196837,0.0022984247,0.40603825,-0.04630717,0.48915142,-0.011731231,0.27363977,0.011526559,0.37665507,-0.008968223,0.38830188,0.0113163255,0.33514625,-0.021002412,0.41058725,-0.02854119,0.47394258,-0.0012552554,0.5508409,0.023984665,0.3467102,-0.002414289,0.35381058,0.06362803,0.41314086,0.19780585,0.6832545,0.09001189,0.44579408,-0.033617463,0.3102666,-0.066677354,0.3982993,-0.007011665,0.30436826,-0.005001001,0.29941228,-0.02408967,0.34116867,-0.009029705,0.31742504,-0.04787539,0.39749682,-0.03789659,0.32671902,-0.011286994,0.27891254,0.033224896,0.29604605,0.07287396,0.41557828,0.028989134,0.28932947,-0.013738108,0.36585948,-0.07765122,0.38320687,-0.06418526,0.28959754,0.0008684929,0.29612103,-0.013754847,0.2935958,0
-172.2698,3.3006632,54.653786,5.3844957,-31.781675,2.934343,-14.494269,2.2782395,8.633556,3.002517,-8.509525,2.4080079,-5.3121204,2.5708377,-15.449391,1.9873255,-4.3024416,2.2483413,16.751049,2.3231795,31.691969,2.8219035,17.531633,2.2561564,-0.27755135,2.441521,11.636017,2.4547927,-7.9450674,2.0327377,9.558312,2.0771577,-8.679703,2.314512,17.254602,2.3189363,12.878574,2.1991425,-5.119336,2.1877553,0.015236569,0.58694154,-0.07768667,0.9492383,-0.011029552,0.46681276,0.022208039,0.39256528,-0.039662715,0.51803875,0.01991452,0.42072633,0.03666249,0.47041878,-0.017660284,0.3141592,0.00074394577,0.34136078,-0.0067266226,0.41642058,0.031492863,0.500216,0.03663883,0.35458824,0.0035029447,0.32810646,-0.011726798,0.45736724,0.01919657,0.30074054,0.009705177,0.42742243,-0.0048359414,0.3768809,0.056365896,0.32027975,-0.0010439011,0.2796565,-0.025469357,0.41643143,0.095421895,0.4550323,0.21166971,0.7371263,0.06635022,0.4440875,-0.040676728,0.35131192,-0.050757837,0.3951555,-0.046194084,0.32078856,-0.051388007,0.33077708,0.0039262054,0.27441636,0.010534018,0.3019591,-0.042462632,0.30324274,-0.081592254,0.4014017,-0.02441938,0.36351892,0.020553548,0.29452395,0.040925965,0.33858353,0.03479675,0.28129312,-0.02469872,0.2880284,-0.022281893,0.30262625,-0.06041831,0.35199332,-0.026949856,0.2642767,0.013105496,0.32513505,0
-171.83669,3.3377082,54.920742,4.96182,-31.294302,2.7053776,-14.048491,1.9031917,8.084793,2.732123,-9.221682,2.7207286,-3.9398062,2.1846862,-15.955473,2.0374143,-4.2253375,2.285207,17.52324,2.3237772,31.685364,2.6682215,17.679432,1.9340376,-0.25993374,2.6361556,10.692096,2.3468347,-8.341147,1.9519194,9.934854,2.3245463,-9.050776,2.6072204,16.772442,2.2593937,12.929448,2.0713136,-5.673986,2.3454258,0.0026639132,0.53571355,-0.023747385,0.85131824,0.0225611,0.4227194,0.038202595,0.32162997,-0.019505562,0.4563832,0.018004483,0.53036636,0.034421757,0.38228106,-0.00045349597,0.31692913,-0.019600393,0.36734524,-0.018826045,0.42529586,0.02057463,0.53142774,0.0058482094,0.35872018,-0.018711468,0.440883,-0.0029554735,0.3709788,0.01785301,0.3190545,0.009144235,0.38626063,-0.022517035,0.4556413,-0.015841587,0.39135993,0.011284652,0.3415795,0.026434258,0.40331882,0.06001739,0.35808077,0.17710173,0.602519,0.057271577,0.35724333,-0.02418733,0.23460585,-0.067999065,0.30615416,-0.02427636,0.38788527,-0.039168276,0.29807106,-0.013852102,0.28483987,0.008691207,0.33862728,-0.05834996,0.32691646,-0.05515396,0.36212695,0.020775571,0.2740447,0.055254832,0.34578755,0.029868059,0.3329583,0.020259017,0.27168038,-0.02299753,0.35569656,-0.033606198,0.36109114,-0.045568205,0.30594438,-0.04306423,0.27986953,-0.002710965,0.3234121,0
-172.37413,3.1900117,54.738544,4.698861,-31.593765,2.899462,-14.518326,2.2304256,8.626646,2.7161853,-8.8748,2.6827438,-4.7336755,2.3116024,-16.291237,2.22299,-4.268888,2.2016587,17.499065,2.1410525,32.090954,2.3800116,17.726505,2.0394278,-0.7626145,2.3439713,11.1936245,1.8888223,-7.484947,1.9155275,9.698606,1.9143531,-9.359968,2.591073,17.059034,2.2868173,12.893822,2.3824697,-5.2589903,2.3271766,0.0046458244,0.5357465,0.013066842,0.82600677,0.006089955,0.41788527,-0.00023070208,0.40910384,-0.0029469307,0.40524212,-0.038208116,0.4749681,-0.016698156,0.39392874,0.003997008,0.35274544,-0.013629734,0.29834536,0.01607308,0.3431159,0.027760195,0.41038704,0.012221732,0.38603517,-0.02350093,0.43997175,-0.035430554,0.300358,-0.02459704,0.32845044,0.030122086,0.28787306,0.07732015,0.44116715,0.016211135,0.3460928,-0.030193435,0.34093255,-0.009865004,0.35896656,0.07383839,0.38432613,0.17901103,0.65263104,0.10310459,0.44984904,0.00054024364,0.2985826,-0.064864,0.39769894,-0.06610951,0.4268884,-0.021497687,0.31159768,-0.036126245,0.33786294,-0.023067415,0.3484463,-0.020012554,0.27686706,-0.016814489,0.31983092,0.025576254,0.28332207,0.032704383,0.28271163,0.01514116,0.26735735,0.02106433,0.25836632,0.0017683525,0.29635584,-0.018061701,0.30888104,-0.05411232,0.36790326,-0.034351684,0.32868552,-0.018216064,0.34227586,0
-171.59946,2.5818055,55.56729,3.838813,-31.754364,2.855653,-15.632662,2.2801323,9.045153,2.8824785,-6.8250055,2.5292077,-5.632732,2.3734872,-15.455795,2.1505258,-4.373959,2.2634914,16.158886,2.0611804,33.07858,1.8978585,18.317348,2.0521908,-2.5995803,2.487521,10.720851,2.4352164,-6.6833825,1.880482,9.513691,1.9959867,-7.8810267,2.42886,17.591314,2.6005073,12.192432,1.8700923,-4.5095,2.1708372,0.030238034,0.46055236,-0.0115212295,0.7259346,-0.055694222,0.5377841,-0.07249342,0.37030137,0.0004325133,0.54943043,0.048395064,0.46083608,0.013569502,0.3908217,0.022437718,0.3554746,0.009754262,0.35090703,0.008160812,0.3496181,-0.004839221,0.2804352,-0.024158519,0.343281,-0.0005846262,0.38435277,0.00056133635,0.45314792,-0.016503546,0.35438165,-0.0098494515,0.33036163,0.007986962,0.41241112,-0.037086964,0.4512744,-0.015156729,0.2749727,0.010553945,0.3529545,0.035098683,0.311918,0.13782081,0.51346946,0.07934399,0.34427398,-0.016731594,0.28336978,-0.07059508,0.38984576,-0.056031186,0.3376846,-0.042740405,0.3621378,-0.025846627,0.28812772,-0.019191004,0.32196876,-0.034991052,0.30839214,-0.036646668,0.24289213,0.0074971155,0.26319963,0.021139314,0.28365758,0.025397519,0.31623065,0.014368983,0.2507345,-0.019315444,0.2814028,-0.013893056,0.34282297,-0.07003486,0.37491003,-0.01911609,0.27930886,-0.020490687,0.32026035,0
-171.48335,2.5856726,55.25541,4.2506433,-32.24478,2.41401,-16.26166,2.5043304,8.526158,2.9100313,-6.468127,2.5065358,-5.8406086,1.7438895,-15.412791,2.2115924,-4.8122053,2.2857468,15.677571,2.2523494,32.78551,1.9591591,17.830791,1.820084,-2.9627569,2.578948,11.498248,2.1997945,-6.6148553,2.3159938,9.284451,2.2175078,-7.557431,2.1083276,17.048344,2.2586155,12.16086,2.4357238,-4.446581,2.1004515,0.035481043,0.49005517,-0.009049151,0.70870906,0.0025094545,0.40951347,0.0026015337,0.42520833,0.030012317,0.49476585,0.030219419,0.4455992,-0.0064912173,0.31304055,0.017977504,0.43581885,-0.029433148,0.34227228,-0.01135201,0.42422935,-0.04556954,0.33544895,-0.006889134,0.29599604,0.018472217,0.52472657,0.030053033,0.340579,-0.014982713,0.429705,0.0025721604,0.351341,-0.027645357,0.42535886,-0.04538495,0.4150431,0.0089250365,0.41712186,0.037093736,0.38732,0.04886694,0.28948262,0.14727683,0.5488708,0.063653916,0.35744014,-0.020608215,0.38999644,-0.09069255,0.42820373,-0.034298413,0.32324782,-0.019007463,0.23111059,-0.004721529,0.28374553,-0.009623834,0.31499952,-0.018749002,0.33202288,-0.018222526,0.25739902,-0.00014267702,0.20045488,0.05810357,0.31892493,0.05710213,0.31384835,0.016830908,0.33723983,-0.01730763,0.3291062,-0.01837699,0.24933568,-0.032444354,0.27912164,-0.062377848,0.325195,-0.029148446,0.27676862,0
-170.23943,3.0442476,55.867058,5.2904534,-32.852913,3.437371,-16.276356,2.2145083,9.62196,2.7176898,-5.6301436,2.6226833,-5.7339244,2.2992303,-15.809923,2.164555,-4.766097,2.5131204,16.880169,2.3559942,33.34152,2.2572274,17.397013,2.216604,-2.2581222,2.431524,11.039018,2.4562256,-6.882893,2.173989,9.962882,2.2583272,-7.655745,2.7248802,17.202377,2.3705676,12.400486,2.239044,-5.338838,2.084746,-0.016735101,0.55833095,0.0010993223,0.9826899,0.040276926,0.60993135,0.060111023,0.35671157,0.035839498,0.44122678,0.045521107,0.43849978,0.038316604,0.35495955,-0.008865705,0.37561542,-0.06803029,0.43994045,0.0073769074,0.37075293,0.033461124,0.3886914,-0.007806598,0.31839126,-0.0020765874,0.37471542,-0.04950545,0.39247257,0.023714993,0.37985295,0.0115745375,0.3772019,-0.007264669,0.49158508,0.004834087,0.47665575,-0.014124127,0.3964499,0.026141012,0.32588902,0.05922414,0.4308296,0.20709917,0.72039545,0.112427145,0.52365494,0.01830335,0.30972615,-0.031901445,0.3689905,-0.062991306,0.31535158,-0.03653654,0.32145864,0.014273941,0.31283265,-0.0223514,0.30925643,-0.057697624,0.32066286,-0.052660488,0.34836832,-0.00614145,0.29446545,0.03222533,0.37997386,0.04143101,0.32478604,0.015253921,0.3447344,-0.051647414,0.33886057,-0.038538627,0.39126793,-0.04558947,0.3100873,-0.038248535,0.3091973,-0.007479929,0.30142567,0
-170.76364,3.0338452,55.890415,5.6013165,-33.37286,3.6549764,-16.12976,2.4642713,9.660136,2.2623775,-6.86624,2.3957217,-5.5174994,2.0402133,-17.172235,2.7350008,-4.4674425,2.299601,17.629274,2.441762,33.14597,2.4442837,17.724604,2.1951694,-1.742542,2.068189,11.314459,2.637926,-7.7177176,2.1814816,10.056065,2.1200702,-8.295495,2.7501993,16.793571,2.652521,12.170369,2.102486,-5.4611535,2.3592675,-0.019832414,0.4112142,-0.061863534,0.9045807,-0.008936193,0.73319924,0.014452927,0.45710978,-0.018431576,0.36757526,-0.055483416,0.41709405,0.00030755997,0.29766014,0.03508088,0.45515904,-0.021217892,0.35090002,0.018614806,0.36175126,0.053941924,0.42670658,0.01887981,0.31609833,-0.027337244,0.38032573,0.008014072,0.39357418,-0.0017461245,0.32831267,-0.014986036,0.31666735,0.010179886,0.4353374,-0.015000487,0.40909413,-0.0036978484,0.29985833,0.053325266,0.38477468,0.07683017,0.42545542,0.233512,0.83980703,0.14142735,0.522259,0.032492723,0.33297324,-0.017789643,0.31216258,-0.036980566,0.34473127,-0.024472857,0.21540391,-0.033882573,0.30483449,-0.04569915,0.32431406,-0.050709877,0.32290563,-0.05550038,0.32296333,0.0053018937,0.27364138,0.006752895,0.28653553,0.0125098275,0.37590778,0.014356611,0.29855606,-0.033478573,0.28362665,-0.05039157,0.35445905,-0.06789342,0.3331354,-0.03289431,0.296662,-0.021984357,0.2982069,0
-171.64487,2.8432744,54.36597,5.010321,-33.711323,3.2833383,-15.079994,2.1040673,10.600611,2.670569,-7.9150457,2.2589693,-4.9077373,2.450207,-17.215305,2.5293312,-4.0211535,2.4789696,18.804804,2.2008278,32.419926,2.1119003,18.02551,1.9597142,-0.73161423,2.112104,10.280655,2.1119435,-8.51268,2.232071,9.72007,2.081037,-8.645169,2.3013399,15.910896,2.309745,11.040424,2.4433346,-4.909421,2.22241,0.05954374,0.5587705,0.001767804,0.94458663,-0.007279715,0.57877654,-0.016122766,0.35315245,-0.0019438193,0.41692236,-0.028505553,0.37220344,-0.008010358,0.44542566,0.028475754,0.36791518,0.011691404,0.3807665,0.018265877,0.38163024,0.0055144364,0.42328432,-0.0016238538,0.3154512,0.027201315,0.32897136,0.011871592,0.3757789,0.024433672,0.359712,0.01110971,0.33329517,0.00789936,0.29354382,0.046230875,0.4005718,0.04145973,0.44748613,0.012344234,0.4075741,0.0163202,0.33046955,0.1956134,0.67011905,0.09314443,0.42790875,-0.028497206,0.2846979,-0.054523047,0.38886663,-0.045756962,0.2853382,-0.06245274,0.32952634,-0.042059965,0.29151565,-0.024382124,0.2589799,-0.04586761,0.27115348,0.0065403786,0.30027038,-0.0010296806,0.2555718,0.03243819,0.27707195,0.013030765,0.31244147,0.017995017,0.25597617,-0.015187409,0.27832475,-0.03455572,0.2706379,-0.031736042,0.25091162,-0.042040143,0.2689121,-0.052796107,0.32373804,0
-170.54047,2.791705,55.97198,4.7150426,-31.551315,3.2571878,-15.496765,2.2802467,9.362537,2.6350305,-7.4510126,2.0266895,-6.488044,2.0801456,-14.561826,2.5052037,-3.3924038,2.3341663,14.612386,2.0502965,31.784164,2.0475538,18.241154,1.9775953,-2.0114822,2.243686,10.377687,2.541229,-8.502723,2.0919428,9.979531,2.29683,-6.057048,2.2364979,16.97862,2.2395399,13.359305,2.2343278,-4.347798,2.2170272,0.04644006,0.48941752,-0.012876584,0.8860908,-0.0313577,0.50150746,0.031588282,0.33515155,0.038356364,0.42992836,-0.013235319,0.27620104,-0.040772796,0.28225282,-0.010600523,0.38612884,-0.015899204,0.41018036,-0.005480931,0.3619938,0.052594785,0.35063952,0.008012462,0.30151463,-0.0059731887,0.34757105,-0.012518733,0.4321732,0.0061652814,0.40346134,0.01590808,0.40034595,0.008605163,0.35305148,-0.013356201,0.4127231,-0.01563937,0.4111312,0.057464547,0.40982366,0.045791294,0.36986527,0.18874882,0.70172626,0.120611854,0.53685135,0.022686984,0.2935499,-0.041644685,0.37614542,-0.035366204,0.24340837,-0.010856489,0.25486314,0.006192922,0.2633376,-0.013250797,0.28783777,-0.029341023,0.23711354,-0.03941634,0.29578432,-0.028542232,0.2650982,0.010770693,0.30267665,0.01899525,0.33745253,0.01974386,0.30269998,-0.01625218,0.30746365,-0.06172286,0.3422942,-0.0595552,0.3470359,-0.015153796,0.3244918,-0.050337452,0.3409945,0
-171.76968,3.0661216,54.65471,4.522416,-32.854855,3.0816936,-14.96602,1.9856334,10.09575,2.843739,-8.523445,2.6653664,-4.9889855,2.5906897,-16.45626,2.0722275,-3.9175222,2.4651408,17.919851,2.1329045,32.778717,2.3119357,18.690042,1.8442981,0.12477395,2.4311907,10.101474,2.0986502,-9.193712,2.124522,10.310005,2.4158158,-8.158969,2.3031282,15.6607685,2.222235,11.243277,2.2626333,-4.995738,2.4548705,-0.011560433,0.52886623,-0.026283748,0.76929927,0.042298555,0.4767081,-0.014222539,0.32305908,-0.02521727,0.460643,0.02885375,0.4253799,-0.01521335,0.45166793,0.032321602,0.33679172,0.037212398,0.44926748,-0.045757227,0.35718843,-0.017608738,0.30529615,-0.0008787027,0.27422014,-0.010776677,0.3761636,-0.021931166,0.33133277,0.0004142249,0.31320414,0.004685556,0.35401103,-0.016587958,0.37133077,-0.00023502937,0.39331827,-0.020191768,0.38211066,0.028908623,0.40337333,0.05120434,0.36649922,0.1640142,0.6120184,0.09708983,0.44855776,-0.016982805,0.264949,-0.090539575,0.49513263,-0.06415736,0.32759747,-0.036257554,0.2816716,0.0013331454,0.28476906,-0.032647002,0.31442675,-0.039260622,0.27599636,-0.028883334,0.3221472,0.03037283,0.22891495,0.03956249,0.33942795,0.015069131,0.29809812,0.019813178,0.27150226,-0.008378349,0.2526639,-0.02177876,0.2633474,-0.049771726,0.2785256,-0.05661003,0.2937364,-0.03427504,0.36932868,0
-172.22586,2.6887107,55.14068,4.448288,-32.225792,2.9183118,-15.645122,2.289011,8.812791,2.5417626,-8.417948,2.3409991,-4.878799,2.854975,-15.17974,2.6608124,-4.4453163,2.482158,16.576866,2.1972368,32.310894,2.011222,18.153103,1.8190591,-0.8992492,2.3046885,10.492947,2.1085336,-8.552123,2.0913498,10.413361,2.1990042,-7.8205113,2.1404862,16.351187,2.2065551,11.865976,2.4125228,-4.4148483,2.5280106,0.0016520501,0.4283126,-0.0091136275,0.7469409,0.002881219,0.45078838,0.04021369,0.3507847,0.05352477,0.46726447,0.034042947,0.44881135,0.0054505714,0.48996472,-0.041558366,0.54061675,-0.008340705,0.358986,-0.0193469,0.33644053,-0.008884076,0.3163585,0.004112341,0.3055442,-0.031326625,0.36730027,0.02248177,0.31976485,-0.0059714043,0.35650212,-0.055672366,0.41853043,0.0030433398,0.3487508,0.056111183,0.35126707,0.014263916,0.38565817,-0.007425034,0.38297978,0.04511858,0.37712866,0.17945641,0.64439905,0.0830302,0.4433015,0.028462013,0.28858566,-0.044777736,0.33371258,-0.056189645,0.3349789,-0.05921327,0.339472,-0.050565228,0.3711183,-0.026164297,0.37622932,-0.036909755,0.2871535,-0.029776137,0.27454907,-0.0056108637,0.26907822,0.010874059,0.29703963,0.014074407,0.30016986,0.007868604,0.33051655,-0.032948956,0.24992217,-0.039132953,0.32065177,-0.03967623,0.32164004,-0.05164193,0.31742343,-0.042548392,0.33400556,0
-171.80585,3.3598585,55.159775,4.1429467,-31.277514,3.116202,-14.909277,2.4126973,7.908519,2.8339052,-8.451807,2.2789445,-4.606768,2.3202076,-14.419432,2.115004,-5.549849,2.3837407,15.959439,2.350003,33.184097,2.1869256,18.087605,1.9259659,-0.7324328,2.2876263,10.270339,2.287741,-8.396133,2.3120413,10.957619,2.525106,-8.0082035,2.2833145,16.116638,2.4594316,12.372503,2.565337,-3.6099997,2.0832222,0.0702508,0.6346292,-0.067156956,0.81143826,-0.07817002,0.6111254,-0.07051345,0.471999,-0.060441427,0.45433283,-0.015077606,0.36786276,-0.016942196,0.40529612,0.03739036,0.35078207,0.02397117,0.3571508,0.020776048,0.44008407,-0.035280135,0.40521687,-0.039605033,0.31512615,0.071030945,0.3914045,0.05455335,0.3937364,-0.014130528,0.36806175,-0.04712379,0.44595164,0.026871035,0.32729325,0.050270617,0.3932035,0.010477047,0.4296467,-0.023489887,0.35140362,0.068338364,0.43127444,0.13344273,0.51339227,0.05064023,0.35026836,0.010914768,0.33588934,-0.035104394,0.41914275,-0.0230117,0.2881829,-0.034806885,0.32706565,-0.038799897,0.30818152,-0.0458848,0.33707052,-0.05370174,0.327078,-0.024159363,0.28269178,-0.008444777,0.26345977,0.031418577,0.28510657,0.052233208,0.31835046,0.02644182,0.34222403,-0.056636386,0.299053,-0.05085055,0.37103942,-0.058046706,0.3301143,-0.04393723,0.36377722,0.008601018,0.32132187,0
-171.98714,2.530283,55.353172,4.5635757,-31.336277,2.876693,-14.912241,2.1591794,7.9618726,2.725225,-8.015932,2.0727625,-4.241637,2.5037794,-14.378028,1.9935052,-5.1569157,2.2051308,15.94348,2.570081,32.904297,2.6345665,18.244516,1.8486193,-0.798943,2.3240914,9.983081,2.4252687,-8.257852,2.125783,11.104243,2.2438335,-8.136831,2.2233558,16.47292,2.0861566,13.456566,1.9579674,-4.44689,2.1097672,-0.034127865,0.52986366,0.026948312,0.8266723,0.027875755,0.49741828,0.041383967,0.39016923,0.039209012,0.4355089,0.0026205669,0.33430746,0.008728593,0.45223498,0.009652376,0.37455758,0.0053604264,0.3323664,0.012813873,0.4000013,0.032159142,0.4373211,-0.019061284,0.2720014,0.0039258334,0.37838006,0.01096326,0.37011236,-0.028194483,0.38343832,-0.0063042953,0.34220865,-0.0012475436,0.41314402,-0.00087121816,0.38274434,-0.0071285944,0.31917247,-0.009041798,0.36227304,0.05209897,0.2940632,0.15982138,0.5576516,0.06891512,0.38245356,-0.0046828,0.31347147,-0.048009343,0.4108099,-0.015015364,0.27667788,-0.07203445,0.36860144,-0.018279208,0.28828576,0.020009628,0.31827655,-0.049161945,0.35083622,-0.07654623,0.35615686,0.0034888487,0.22400546,0.03892899,0.3022116,0.02718577,0.3350525,0.0135228615,0.2728476,-0.061762273,0.34649637,-0.056754354,0.34733367,-0.037575584,0.30595267,-0.0106439805,0.27423242,-0.0012563146,0.28783005,0
-171.1282,2.8543863,55.530685,5.2684565,-31.736906,3.4042127,-14.519176,2.3971412,8.244788,2.7507892,-7.8652854,2.241676,-4.190768,1.9706788,-14.390627,1.7291393,-4.3850327,2.0754828,15.981564,2.081184,32.117447,2.3853307,17.215515,1.7828931,-0.93316597,2.482851,10.354947,2.345297,-8.727684,2.0526361,10.816538,2.3228006,-7.833929,2.8133783,17.052958,2.54668,13.61189,2.2920218,-5.0359488,1.7990781,-0.0033409595,0.46764016,-0.025146946,1.0233643,0.066046886,0.63051736,0.0461286,0.4048229,-0.007517224,0.5078051,-0.008134007,0.33008498,0.02409728,0.3539228,-0.023492446,0.28245905,-0.019919986,0.372676,-0.0053414823,0.32096598,0.019641222,0.33524314,-0.013292693,0.2666884,-0.008254748,0.3853307,-0.021845996,0.39819744,-0.015467609,0.38351375,-0.01963752,0.3569998,0.0073154964,0.5326536,-0.017973687,0.44483292,0.02120142,0.3763522,-0.045759216,0.3246593,0.027800523,0.33203655,0.20905797,0.7139875,0.13559327,0.511481,0.033926927,0.37056687,-0.045951422,0.37033865,-0.050306056,0.3504242,0.003724377,0.24455313,-0.013465591,0.26484522,-0.021453967,0.24366768,-0.051345672,0.26425248,-0.06832537,0.3900405,-0.029979138,0.2804814,0.03489548,0.32967204,0.019689623,0.30968538,0.01836972,0.2857892,-0.041907575,0.30869877,-0.090192355,0.42354888,-0.07456772,0.34883195,-0.05254314,0.37387246,-0.021341141,0.21897759,0
-170.63751,2.2504218,55.333984,5.334692,-32.611637,3.7279477,-15.315699,2.1597185,8.844462,2.3473163,-7.5355253,2.2967055,-5.6303263,2.1556199,-15.009378,2.067769,-3.9226396,2.1506307,16.988136,2.4112105,31.439781,2.3422956,16.268806,1.9884671,-0.40262777,2.3478377,11.165105,2.6361516,-8.239677,2.0546575,10.238134,2.2820306,-7.38475,2.5951006,18.237688,2.437937,14.0539665,2.218394,-5.973845,2.28931,-0.007967599,0.32300624,-0.031889167,1.0262417,-0.036433395,0.74693835,-0.04601154,0.40832534,-0.021507408,0.40878764,-0.013321169,0.34270427,0.031166278,0.40052685,-0.012120317,0.31662798,-0.023408696,0.3560025,0.03700715,0.46100086,0.019330816,0.36488977,0.020433389,0.3403814,-0.0025141514,0.3560698,0.044721376,0.38760912,0.037747193,0.3270258,-0.002638971,0.34426543,-0.010866213,0.372211,-0.016249685,0.41828737,0.03208115,0.39790604,0.019242994,0.47125655,0.015706182,0.294748,0.21832831,0.72916776,0.11061758,0.4970425,0.01591972,0.31953028,-0.034336135,0.31198674,-0.052077588,0.32195753,0.003897379,0.32857883,0.0020720023,0.27691135,-0.028053299,0.27740133,-0.04398049,0.2960342,-0.03673673,0.29371142,0.021486213,0.27218243,0.053063355,0.35673913,0.036845773,0.3150471,0.023839822,0.27029917,-0.009126988,0.22532663,-0.058248468,0.33495432,-0.039273314,0.32938996,-0.044527292,0.28049535,-0.023986142,0.3180507,0
-170.51292,2.461918,55.511414,4.7904215,-33.313774,2.6750336,-15.259961,2.0552115,9.280506,2.507731,-7.7899003,2.3977246,-6.1913238,2.4821692,-15.22761,2.2702153,-3.2903152,2.1145782,17.665434,2.1547406,31.516977,2.4943104,15.6873045,2.0754533,-0.6973121,2.428155,12.152511,2.4584584,-9.101786,2.0649378,9.448608,2.063601,-7.484909,2.4722195,17.866526,2.3403962,12.990626,2.3246872,-5.2756195,2.3529913,-0.0024962425,0.37452975,-0.08643192,0.9140531,-0.056919895,0.5145856,0.009673995,0.34890497,0.014632808,0.45306867,-0.0100275185,0.37534115,-0.051860012,0.38549167,-0.042402744,0.39336246,0.0046184813,0.35367996,0.01862949,0.3514941,0.01975387,0.3656639,0.019908682,0.3415016,0.039435018,0.36273044,-0.01623472,0.34203154,-0.040638328,0.294836,0.028040886,0.30505335,0.058753252,0.39356893,0.049225815,0.43467012,-0.0070334524,0.38189563,-0.016366648,0.40316245,0.044141814,0.32872248,0.18018198,0.6809897,0.057584535,0.34866595,-0.015958358,0.25998792,-0.06874959,0.33100605,-0.050790202,0.30644703,-0.03554762,0.33116964,-0.008793123,0.2987458,-0.010884889,0.2611297,-0.0361209,0.3088503,-0.043709263,0.33439177,-0.0089259995,0.27940604,0.031009682,0.36438096,0.04846629,0.3097191,0.027248843,0.26879326,-0.014116541,0.27174017,-0.037382014,0.38182753,-0.073515914,0.3529499,-0.03233999,0.33485532,0.0029253908,0.32832053,0
-170.9711,3.0348508,55.791954,4.4893413,-32.824226,2.684323,-14.986135,2.27478,9.496865,2.4330497,-8.254188,2.2464705,-6.360176,2.3537495,-15.128061,2.4194562,-2.82954,2.3869286,17.59139,2.1838248,31.450455,2.6784327,16.396935,2.2114258,-0.17269865,2.789216,11.942032,2.253641,-8.973072,2.0114477,9.275177,2.028308,-7.6059465,2.2155025,17.71712,2.0766902,12.076876,2.4397445,-5.4944177,2.3117025,0.030136526,0.42478237,-0.029632883,0.71787584,0.026102077,0.43795678,0.012818009,0.40201446,-0.010754082,0.4190964,0.0021797768,0.36561728,-0.025132403,0.37103307,0.011330881,0.3935788,0.014218956,0.37117067,-0.057352565,0.46767983,-0.043155152,0.45015886,-0.010976761,0.42087364,0.012227278,0.49560001,0.019225247,0.32636735,0.027675137,0.34444475,0.0011963496,0.34093884,0.009905164,0.3905173,0.0021162236,0.33468562,-0.02894213,0.48707986,0.010322686,0.41653547,0.04288538,0.4080829,0.16263053,0.6092884,0.06519883,0.36434618,0.0012856062,0.35385102,-0.04182304,0.35487327,-0.032815076,0.25808042,-0.054352056,0.30600435,-0.027100358,0.2949276,-0.0117956605,0.3562124,-0.03025159,0.26924872,-0.048014794,0.32146573,0.02834202,0.3116492,0.05693541,0.3650829,0.048734855,0.3132496,0.023128817,0.25947896,-0.029270269,0.29533204,-0.036948517,0.3207098,-0.046065327,0.25968605,-0.04086605,0.34477976,-0.011209022,0.34082317,0
-170.9653,2.504526,54.916218,4.670725,-33.442406,3.3029199,-15.142142,2.3489425,9.496383,2.8061223,-7.738839,2.5791152,-7.013595,2.346764,-15.79434,2.1764069,-2.734581,2.3938415,17.266993,2.6933727,31.024612,2.1626318,16.48661,1.9481367,-0.17337415,2.3349342,12.254707,2.0794055,-9.374431,1.9733672,9.448109,1.8919469,-7.226848,2.3347511,18.239588,2.4395535,12.999755,2.8142529,-5.6492224,2.5286546,0.022612792,0.3452274,-0.023220312,0.76344585,-0.011137228,0.6520004,-0.020178746,0.3563116,-0.05810806,0.51648223,0.021760618,0.44001946,0.023997808,0.41406372,-0.017825915,0.37416565,0.010235622,0.37346175,0.004198309,0.4805191,0.024383677,0.33019015,0.023404188,0.33001363,-0.009176759,0.3784375,-0.017393816,0.33096442,-0.019430252,0.26722097,-0.004176207,0.2713212,-0.013857157,0.4216526,0.01782784,0.42505997,0.022975346,0.48883757,-0.029736508,0.50668687,0.046294544,0.32786614,0.16928566,0.6215478,0.082796395,0.4001904,-0.01845956,0.3514261,-0.049374722,0.35697836,-0.026946029,0.2805872,-0.061735827,0.37301862,-0.03407497,0.3486815,-0.030062202,0.35906145,-0.052738447,0.35169497,-0.029875897,0.29026634,0.032676216,0.27417767,0.047088448,0.31490055,0.02109594,0.29030648,0.01656589,0.29050398,-0.01157113,0.29539147,-0.038001753,0.35813582,-0.06353926,0.3264029,-0.06265134,0.43106723,0.011733732,0.3732566,0
-170.55742,3.0495067,55.212425,4.8693624,-33.561665,2.7428486,-15.144506,2.2261367,9.447616,2.4588156,-7.195874,2.2500842,-7.256769,2.5838194,-16.39586,2.080807,-1.994038,2.2223706,17.122766,2.1483812,31.28626,1.9558402,16.582613,2.05991,-0.8632051,2.327205,12.655853,2.1953788,-8.999709,1.837322,9.529735,2.3376064,-7.3119073,1.9994434,18.214127,2.3381672,13.467116,2.896968,-6.2336173,2.5270832,0.026955063,0.55028737,-0.02342145,0.86151487,0.015168311,0.49013472,0.06129802,0.3863105,0.0067903996,0.38706064,-0.015298293,0.43008676,0.0622109,0.5611382,-0.011366475,0.33196402,-0.044447448,0.36489937,0.051742196,0.37972027,-0.0035626576,0.30166376,-0.030261395,0.31852457,-0.01021642,0.33778176,-0.013729943,0.33583122,-0.012223678,0.26990765,8.2463484e-05,0.43993127,-0.007507644,0.3314705,0.0077238376,0.34208998,0.040443912,0.564779,-0.03297189,0.42362764,0.06949843,0.41586807,0.20010863,0.7168918,0.08734426,0.40718973,-0.0188039,0.3095153,-0.07507279,0.39603525,-0.063858055,0.35552895,-0.028677275,0.3099646,0.0148459785,0.3043977,-0.024323067,0.31830764,-0.03703015,0.32074508,-0.049876567,0.30995283,0.01115673,0.31985247,0.041252438,0.34065112,0.022697521,0.28688353,0.022742415,0.25064692,-0.021460276,0.29563856,-0.025414273,0.26679653,-0.0681449,0.30115953,-0.062431533,0.3606536,-0.010437069,0.3290773,0
-171.16747,2.6526453,55.282753,3.9980164,-31.449263,2.7090979,-15.300666,2.335655,8.174241,2.8578658,-7.729756,2.7561326,-6.06002,2.2995245,-14.543549,2.0268276,-3.6829984,2.7012892,14.499046,2.256806,31.921026,2.011887,18.437838,1.9087977,-2.0179489,2.6503434,10.371519,2.2945402,-8.537545,1.8980882,9.508349,2.2948616,-6.7965126,2.0541606,16.772411,2.3092318,12.813978,2.4419775,-3.5341885,2.3970523,-0.0009837261,0.39990342,-0.03636762,0.72723633,-0.0033502541,0.4358429,-0.025700767,0.3580375,-0.036274932,0.5021979,-2.0716741e-05,0.46460855,0.02724863,0.37965366,0.012966974,0.32281482,-0.0052922596,0.49962303,-0.023322528,0.39276424,0.028639905,0.33355942,0.052590247,0.3520432,0.01918952,0.52154934,-0.023525767,0.3397984,0.030735072,0.33647344,0.026434066,0.3918006,-0.019631825,0.38149604,-0.005586716,0.32700294,0.022001803,0.41323507,0.044490043,0.45167035,0.03791588,0.35581926,0.14750464,0.5526019,0.08980303,0.39697686,0.013854923,0.3159571,-0.045857057,0.3717672,-0.06788281,0.38216627,-0.07493434,0.3883427,-0.01478277,0.27268094,-0.0022038973,0.38227075,-0.046038985,0.35295784,-0.037879806,0.2556361,0.020425223,0.27869532,0.04394811,0.3260399,0.0037410168,0.29110998,0.017071377,0.28042018,-9.512168e-05,0.265017,-0.011248842,0.28559062,-0.047500573,0.3233004,-0.04948754,0.3235446,0.006741336,0.33084562,0
-170.03198,2.8117058,56.338463,4.5679355,-33.27805,3.1392574,-15.7971,2.2141511,9.7216625,2.6154351,-6.13134,2.5180316,-6.824386,1.8010973,-15.707309,2.0369196,-1.5587932,2.493559,16.9082,2.2701259,31.313185,2.3288312,16.052036,1.738175,-1.6795473,2.504227,11.084183,2.4829133,-8.091849,2.0541935,9.991692,2.0421975,-7.6665583,2.75752,18.13392,2.4641232,13.659675,2.4136758,-6.1031117,2.0200255,0.04834842,0.42525688,-0.018354813,0.75129634,-0.06313778,0.5643038,-0.028016666,0.39028406,0.023656428,0.43922144,-0.0011725811,0.38401493,-0.037630655,0.2842249,-0.016097622,0.34479046,0.061040185,0.38259467,0.02412216,0.32685298,-0.004494304,0.36191487,-0.013893574,0.27816752,-0.0134701505,0.41361344,0.0064549684,0.38813487,-0.0007014348,0.39373335,0.011161123,0.2988106,0.02614282,0.45757788,-0.015678765,0.41412488,-0.013144321,0.48656556,-0.007188827,0.31198773,0.050503593,0.3500416,0.17796576,0.685168,0.099149734,0.4053676,0.006827695,0.29897225,-0.057709634,0.35642737,-0.07517684,0.3960823,-0.034462105,0.27141806,0.010953708,0.2698186,-0.02633429,0.3303895,-0.038225412,0.3416255,-0.06168144,0.34678504,-0.025569465,0.26167092,0.059799213,0.37636328,0.042151112,0.3299834,0.0022955767,0.24844484,-0.0433387,0.2986257,-0.063344635,0.33909425,-0.048980203,0.2622154,-0.019527117,0.32180253,0.0021292586,0.2835812,0
-169.85191,2.2947397,56.327457,4.1348634,-33.988064,2.2549121,-16.221024,1.8360245,10.144001,2.5702279,-6.5599494,1.9638838,-7.3087234,2.1512454,-16.277971,1.6314182,-1.2003534,1.9861535,17.589739,2.2073314,30.344456,2.5706673,15.706374,2.2086654,-2.006156,2.5763009,11.4469385,2.6400378,-7.3719735,2.1887112,10.049191,2.233385,-7.3718157,2.4612412,18.275305,2.4394517,14.65369,2.4568384,-6.029128,1.9240487,-0.022874223,0.34551233,-0.009795416,0.745571,0.018997658,0.34956944,-0.013232305,0.27373257,0.009319639,0.4252442,-0.017030625,0.3270381,-0.009305884,0.33510828,-0.0021136696,0.27043653,-0.0059020165,0.35870588,0.02593937,0.42130685,0.005303379,0.40383512,0.028101765,0.45682165,-0.0064780824,0.42989787,-0.0013104182,0.43902233,0.023094863,0.3024502,0.030387232,0.36011723,0.042351868,0.39433375,0.0028086186,0.42141795,0.0411524,0.39244688,-0.008972768,0.3119499,0.03983783,0.28829896,0.15078168,0.5341918,0.04409715,0.2573166,-0.031418044,0.2669553,-0.07019138,0.36776125,-0.025783712,0.2533957,-0.03128628,0.29199326,-0.022001997,0.19806187,-0.024548037,0.27064955,-0.04466518,0.2718516,-0.045106534,0.29891738,-0.0071228705,0.34038097,0.052453414,0.26173863,0.026818305,0.33462664,0.042048573,0.31804582,-0.041834235,0.30565646,-0.06336755,0.37427416,-0.059766952,0.31992248,-0.039777737,0.2839425,-0.0025934156,0.27565017,0
-169.89388,2.5349455,56.17445,4.539121,-33.611042,2.4437656,-16.17889,2.1779003,9.920458,3.1226263,-6.064867,2.4324374,-6.4642525,2.0450184,-16.629633,2.0159178,-1.609394,2.5017166,17.683361,2.2881374,30.684292,2.4582655,15.957499,2.1535408,-2.5676715,2.3757942,10.531651,2.3255615,-7.341952,2.2101698,11.041684,2.074993,-7.154759,2.9606278,18.091114,2.48485,14.233123,2.2143798,-6.27356,2.1588666,0.024699107,0.38742658,0.01964291,0.83341634,0.029761003,0.40930855,-0.0019175942,0.33163452,0.055143144,0.5694424,0.03485457,0.427758,0.013096454,0.36173412,-0.014287565,0.32828858,-0.01360691,0.40449148,0.003150309,0.35498938,0.002270198,0.39975297,0.028306823,0.3177813,-0.034691844,0.401703,-0.07013096,0.38100114,-0.031808417,0.4213293,-0.016889077,0.3404236,0.028547352,0.5161315,0.0067909826,0.32260078,-0.027560169,0.35823777,-0.042796906,0.31865564,0.045278683,0.2822271,0.1729343,0.6143953,0.06517247,0.33997902,0.01794816,0.3028744,-0.07668223,0.40580112,-0.059459686,0.37110287,-0.0052214377,0.25529718,-0.013607924,0.29147527,-0.03519358,0.3234347,-0.030618027,0.31369847,-0.044648375,0.28448573,-0.023199743,0.3037292,0.028002607,0.32124755,0.021689225,0.24477816,0.024574118,0.31181154,-0.028161295,0.2943652,-0.0570533,0.38679004,-0.054036964,0.3578722,-0.022761963,0.33055398,-0.014884558,0.27612996,0
-170.77771,2.937481,56.170506,5.216271,-32.354763,3.401311,-15.571336,2.0666962,8.934417,2.7929976,-7.0065536,2.1084852,-6.3249707,2.0037127,-15.578541,2.256885,-0.3539361,2.0919755,17.0694,2.2378926,29.583128,2.2784321,15.674344,1.9095803,-1.598899,2.18313,9.881313,2.4004784,-6.7407985,1.9328146,11.338786,2.085775,-6.20274,2.2636442,17.823885,2.644119,13.801911,2.506814,-5.8965116,2.0898273,-0.01079534,0.53637564,-0.058499306,0.9706372,-0.006161059,0.5598035,0.041871455,0.36171436,-0.01645191,0.4106519,-0.019771699,0.34242696,0.0025552067,0.29043874,0.023462003,0.3669477,-0.009696894,0.32207423,-0.0022897683,0.3656088,-0.032151427,0.36631885,-0.031233847,0.36729956,0.02270051,0.38246953,0.034887593,0.34049428,0.0009587499,0.30055553,-0.007691189,0.2898363,-0.024862459,0.34074718,-0.015273424,0.39437854,0.004089823,0.39732078,-0.003298312,0.4442117,0.038738526,0.39348203,0.192497,0.6604776,0.09082068,0.44653806,0.015744746,0.26733738,-0.034721352,0.38034138,-0.006912149,0.2964722,0.004373037,0.26310754,-0.023248475,0.31836268,-0.032575436,0.3340594,-0.03345675,0.24812755,-0.06192103,0.32803115,0.006237887,0.2729806,0.04294389,0.31347457,0.03059104,0.31889707,-0.004083519,0.21676841,-0.017307429,0.25240877,-0.071321525,0.3206425,-0.07186217,0.34888273,-0.051831163,0.32801327,-0.019403087,0.29514366,0
-170.33643,2.460758,55.64846,4.9296427,-32.27612,3.3594337,-15.940145,1.9234638,8.362105,2.8032677,-6.695173,2.0307508,-5.702847,1.9001074,-15.5227165,2.040481,-1.1287638,2.6431992,16.992537,2.3379846,29.83632,2.3454354,15.654641,1.8016615,-2.1465662,2.0157342,8.98373,2.2529233,-7.1240606,2.0842469,12.079625,2.3056645,-5.0590463,2.7293856,17.675955,2.3870404,13.124455,2.2401738,-6.4005475,2.2360332,0.039082844,0.4635322,-0.020983182,0.9465971,-0.01528759,0.6494507,-0.0110979695,0.35128284,-0.03444653,0.4987444,0.0020861332,0.34318045,0.013918376,0.31312352,0.0048004645,0.3405378,0.03730715,0.4499779,0.024136197,0.32695657,0.022012994,0.4142967,-0.010181383,0.27422842,0.003427023,0.3568747,-0.037850507,0.40010488,0.0045598433,0.33877745,0.04913809,0.34408495,0.025566768,0.47076598,-0.018996961,0.36942315,0.012274889,0.40090957,0.01200183,0.36872366,0.029099545,0.30441582,0.17923585,0.6237267,0.09399329,0.41492954,-0.0082706725,0.26798803,-0.09001254,0.45920226,-0.045331933,0.31173795,-0.011093457,0.26174593,-0.027593661,0.3022768,-0.037716452,0.39293554,-0.056015104,0.31205276,-0.04052,0.30424428,-0.0015448731,0.2388342,0.024132377,0.2546522,0.027882215,0.29280415,0.03194027,0.2754075,-0.032472298,0.29791415,-0.054071974,0.3354974,-0.049778182,0.25822452,-0.028571563,0.3061023,0.017780047,0.31637043,0
-170.21277,2.684495,55.433872,4.2656612,-32.001286,2.8665798,-14.724989,1.8302622,8.671,2.5315049,-7.214734,2.2955296,-5.9672995,2.1707642,-14.505005,2.3160534,-0.6988469,2.2274504,16.157148,2.2758584,29.472548,2.4535315,16.38373,2.1645243,-2.0272202,2.49786,9.592039,2.35081,-7.1847486,2.1159024,11.411512,2.1411734,-5.9248986,2.6420598,17.889013,2.3794923,13.064774,2.387381,-6.033894,2.162183,0.012952137,0.5425416,-0.06390225,0.7989396,0.012169369,0.4922797,0.022610873,0.29509926,-0.048853774,0.45552078,-0.024567286,0.38804114,0.022708787,0.36715248,0.04213298,0.40863898,-0.017304918,0.35292768,-0.0045436714,0.43173006,0.048232853,0.4297163,0.01776659,0.26336718,0.0033186546,0.39025214,0.04492414,0.3456187,-0.007614026,0.2850633,-0.025178134,0.34775567,-0.016078169,0.37572458,-0.0054115406,0.4095156,-0.0336431,0.44684273,0.002764434,0.36342365,0.011683532,0.33172095,0.15462479,0.5441195,0.08230939,0.41134596,-0.005305597,0.22729716,-0.06582813,0.35063007,-0.049317684,0.3092943,-0.035228454,0.28476998,-0.021384064,0.30110952,-0.019572128,0.343867,-0.043260694,0.30634454,-0.01303537,0.3499666,0.0048838938,0.2722681,0.015384562,0.3027756,0.054699566,0.30983862,0.044754975,0.31538033,0.0077415137,0.27032393,-0.045258548,0.36455366,-0.05218808,0.308347,-0.044874214,0.34539583,0.007713714,0.28813148,0
-170.76683,2.5293145,55.171543,3.866208,-31.708838,2.5515397,-14.840649,2.1320317,7.9059343,2.5731568,-7.7500286,2.2363374,-5.673317,2.7854962,-14.418017,2.2851875,-2.2405787,2.2859697,16.156616,1.9579296,30.283,2.5132577,17.151096,2.0903735,-1.4969369,2.7780209,9.560376,2.3057451,-7.5228596,2.2458727,11.6932335,2.3642514,-5.7026396,2.3782005,17.847292,2.3742378,13.051028,2.093392,-6.1621656,2.0944993,0.036931653,0.42987832,0.014608156,0.64281934,-0.026573768,0.50279003,0.017546147,0.3434941,0.07966888,0.5106557,0.03581906,0.508628,-0.059511907,0.5077466,-0.057473205,0.4486008,-0.0019713365,0.34859267,0.0042636944,0.31206813,0.04682667,0.45307723,0.0056090932,0.30961102,-0.0034701899,0.52104217,-0.011795216,0.3695627,-0.036685843,0.3328489,-0.0055017727,0.37511972,0.052892677,0.37030476,0.06816562,0.42879602,-0.0053215777,0.35344228,0.0037810106,0.30990705,0.020762952,0.35250813,0.14586107,0.5695705,0.049452323,0.33353323,-0.012589874,0.31544346,-0.041018743,0.3052833,-0.039495103,0.28174207,-0.067685835,0.35090357,-0.043530554,0.3358594,-0.016982276,0.30591157,-0.045413934,0.28063878,-0.046367593,0.35644352,0.027294453,0.28526863,0.07340414,0.36212665,0.058278296,0.3012057,0.0018889189,0.30075434,-0.03077331,0.33159393,-0.012177585,0.27896038,-0.030481244,0.31044444,-0.040168867,0.2924963,-0.007240268,0.2602219,0
-171.2145,2.8819735,55.142704,5.074486,-31.726124,2.6752317,-14.598159,2.1086009,8.265127,2.4390671,-8.030874,2.0120537,-5.5846953,2.0853605,-14.075179,2.2919085,-3.3376753,2.1906526,15.6583605,2.223615,30.787834,2.4948611,17.40094,2.2707999,-1.7946063,2.013419,9.356665,2.286073,-7.474401,1.9231958,11.48845,2.3614345,-6.40544,2.1129808,17.673231,2.3655572,12.76857,2.4698822,-5.957695,2.0440035,0.038390614,0.53232133,0.017133258,0.8824073,-0.018945528,0.45948607,-0.0043671057,0.33929494,0.01716742,0.4935825,0.029587794,0.34818643,-0.0044903937,0.3257028,0.031774916,0.41481373,0.036047217,0.34593472,-0.0006820908,0.41832379,-0.037877202,0.47301906,-0.01622751,0.45984504,-0.014779184,0.27425742,0.050204914,0.3991364,-0.032689206,0.3157982,-0.06251882,0.41582295,-0.02345044,0.35656023,0.008440583,0.43889347,-0.0077189887,0.4425104,0.014044311,0.3825471,0.043897856,0.35423723,0.18900017,0.6748257,0.048382297,0.2637495,-0.0031412987,0.2580248,-0.014302542,0.3095648,-0.037714474,0.23323017,-0.04856653,0.2938216,-0.03187597,0.28336164,-0.027347097,0.28885245,-0.038806237,0.2557052,-0.020359913,0.345881,-0.0036874358,0.3094804,0.027625384,0.25744203,0.03143208,0.27686346,0.019230874,0.24588956,-0.014954831,0.3117043,-0.018268527,0.25365746,-0.046046786,0.29671416,-0.052348446,0.33692136,-0.0037475517,0.27595884,0
-171.083,2.3882778,55.481678,5.018448,-31.112,2.750229,-14.573601,1.9911425,7.920132,2.5778735,-8.071384,2.1099033,-5.212348,2.0005202,-13.668671,1.7175459,-3.5750883,2.208818,15.10347,2.0441797,31.534842,2.2221277,17.745792,1.6569875,-1.5320495,2.404989,10.031504,2.3771698,-7.055076,1.9011006,10.876125,2.2781796,-7.1435375,2.593878,17.264465,2.360451,12.740606,2.1126897,-5.5226917,2.308452,0.0139895845,0.37878206,-0.045919176,0.89548147,-0.032612134,0.4857874,-0.0002115268,0.38631713,-0.037517045,0.50579625,-0.011500887,0.34907132,0.016192257,0.37596306,-0.0015511411,0.2851807,-0.00043140558,0.37334055,0.01562804,0.3210519,-0.0012234028,0.34463626,0.0080448305,0.28873163,0.02193041,0.36664605,-0.0043067564,0.3707896,0.023567611,0.3572388,0.055728268,0.36037058,-0.033122633,0.57167345,0.0042426144,0.37566647,0.04756481,0.3893886,-0.027245317,0.40961543,0.046616394,0.30159956,0.19275339,0.67085236,0.075335026,0.37576908,-0.0147593515,0.2788622,-0.045126017,0.30542153,-0.027163057,0.2996869,-0.0262063,0.29599786,-0.018592633,0.21276121,-0.011013354,0.2678209,-0.049178604,0.29398677,-0.052826323,0.3288213,-0.00806233,0.2320046,0.046993844,0.32606816,0.05677963,0.3709924,0.010019242,0.2498303,-0.031751007,0.3139176,-0.068263486,0.36697635,-0.08521661,0.3658982,-0.019404598,0.26838627,0.0033489058,0.2987079,0
-171.44598,2.749508,55.165775,4.2177563,-31.731524,2.484592,-14.603838,2.0740473,8.235575,2.8999221,-8.02063,2.3156435,-4.4060445,2.0862935,-13.87377,2.1005661,-4.3546634,2.2775195,15.802915,2.233658,31.654556,2.5271392,17.758774,1.8933346,-1.2275444,2.4850624,9.828026,2.552541,-7.2124834,1.7934331,10.856166,2.1454935,-7.506369,2.2608616,17.651142,2.1204717,12.621262,2.243335,-5.3386335,2.2998812,-0.026598647,0.48093805,-0.06484472,0.6874605,0.014082347,0.499411,0.03877994,0.33255523,-0.02116331,0.4758349,-0.021614624,0.40760353,0.017266244,0.3848962,-0.022641843,0.3270612,-0.023226522,0.37551522,0.021352343,0.4068026,-0.027679594,0.5037444,-0.006608685,0.3072712,-0.018962134,0.54083574,0.009403722,0.45631313,0.017858084,0.30592418,-0.009557481,0.33473587,-0.028239055,0.4584446,0.022802647,0.33666793,0.031518664,0.3519598,-0.0066945627,0.4248541,0.036621206,0.3689333,0.14565791,0.5479395,0.06877548,0.32370514,-0.037447967,0.30758652,-0.080897704,0.40048167,-0.0368075,0.2602152,-0.035794813,0.28358522,-0.030428648,0.2912759,-0.01563921,0.3362742,-0.05285778,0.32668164,-0.042129222,0.29037088,0.020599233,0.2799624,0.051891867,0.29809123,0.06186048,0.3191776,0.012392865,0.2252631,-0.009008563,0.24869318,-0.047558624,0.3025688,-0.05313748,0.29049286,-0.03075475,0.27806684,-0.030430445,0.28758523,0
-171.74261,2.6072114,55.414608,4.2205863,-31.546192,3.1284885,-15.823618,2.1707234,8.800337,3.7462835,-7.496105,2.6744945,-5.9295664,2.9125576,-14.820578,2.3217866,-4.0155807,2.410608,14.732823,2.571042,32.51914,1.875596,18.638985,2.0983005,-1.9661403,2.5350485,10.732063,2.3828201,-8.336064,2.418892,9.595242,2.2813559,-7.293773,2.3373415,16.910934,2.3700483,13.224187,2.2112567,-3.665183,2.2405136,0.0019764663,0.4006789,0.011530076,0.7090627,0.014114156,0.49353594,0.018979443,0.36871442,0.047823396,0.5853475,0.02221778,0.4102011,-0.01153965,0.5269707,-0.059528787,0.39915785,-0.037016634,0.32961214,0.023105217,0.43984085,0.016410122,0.27096272,-0.040931396,0.39806575,-0.009489298,0.48193458,-0.031764545,0.39411104,-0.04973328,0.37522244,-0.049001876,0.40681434,-0.01167856,0.4068456,0.012405916,0.3718212,-0.0154592935,0.41186982,-0.057016976,0.33872917,0.0096749505,0.28842685,0.16986798,0.63480765,0.08006649,0.4218235,-0.01829344,0.2839102,-0.06947386,0.45117277,-0.041522224,0.29082674,-0.051438663,0.4162084,-0.005122775,0.27704015,0.0049668816,0.30054942,-0.044429332,0.34181762,-0.015304382,0.23029612,0.021500554,0.2876984,0.081036285,0.37140894,0.054459624,0.30868772,0.04196812,0.35167056,0.010989265,0.33197758,-0.029323746,0.37502825,-0.02978216,0.34805566,-0.011387945,0.27450672,0.004404677,0.31499422,0
-171.28975,2.4385915,55.395004,4.2183356,-31.464003,2.6564457,-14.8544445,2.4036527,7.6049786,2.553876,-7.8963246,2.6483827,-5.015562,1.9934797,-13.913142,1.8410606,-4.147173,2.4842749,15.39984,2.1778018,31.811445,2.0881746,18.0572,2.1746256,-1.2337955,2.0565906,10.2514,2.3324077,-6.3916526,2.2644377,11.011967,2.1204011,-7.2056894,2.0832613,17.759079,2.4221072,12.791808,2.5612423,-4.835863,2.4566593,0.027261257,0.3525808,-0.01630544,0.78553027,-0.044579532,0.49461743,-0.059700474,0.46746847,0.013799475,0.43608087,0.03457412,0.4436551,-0.020703001,0.35205865,-0.012388177,0.3058853,-0.029496409,0.44325033,0.0146656195,0.34981745,0.03935026,0.37505987,-0.014315149,0.37425658,-0.017102778,0.32424033,-0.006267299,0.3458807,-0.029258683,0.37166342,0.01781197,0.33170867,0.025965292,0.2958098,0.008135697,0.40686518,-0.023201479,0.51686335,-0.008813067,0.43826258,0.015556311,0.36080155,0.17078306,0.60310906,0.06826069,0.420625,0.005931337,0.3559908,-0.05775127,0.3679255,-0.08247318,0.38973096,-0.021187972,0.20869021,-0.025000682,0.23917378,-0.013594386,0.33321247,-0.034201883,0.29541805,-0.006654963,0.2917077,0.024558311,0.30116886,0.028005473,0.25478536,0.032018945,0.3439408,0.002036597,0.3189073,-0.012286086,0.27072155,-0.0467127,0.35833496,-0.040657226,0.305108,-0.035825357,0.3153198,-0.019612195,0.38597217,0
-172.29445,2.7967415,55.407856,4.8462877,-31.112036,3.1561637,-14.401007,2.1724646,8.410098,2.48481,-7.9805193,2.3156989,-4.698294,2.3647044,-13.552566,2.0538673,-3.9841948,2.286796,15.01174,2.0112958,31.473919,2.3145173,17.840103,2.0390868,-0.6046933,2.367063,10.401452,2.3235495,-7.326738,2.1744816,10.8429165,2.1748705,-7.4204383,2.0682151,17.82701,2.4238405,12.233996,2.2161517,-5.5831337,2.5579765,-0.011130435,0.500811,-0.039219234,0.8475659,0.023003787,0.5159883,0.0058754166,0.42070344,-0.012526072,0.42541707,0.009191654,0.39822933,0.0315999,0.42453244,0.009214914,0.32871962,-0.010058539,0.38119274,-0.017400557,0.3082466,0.025080102,0.38535443,0.027510988,0.33600917,-0.000596228,0.36991307,-0.013696755,0.41094044,-0.0008261167,0.36501774,-0.0034582927,0.3085724,-0.006419092,0.37374845,0.0082625905,0.42048606,-0.0022241666,0.3777874,0.0014006798,0.4846789,0.062230933,0.41727656,0.20822847,0.75617546,0.05911139,0.41121957,-0.042231016,0.33310294,-0.022608697,0.37093863,-0.01572926,0.27263373,-0.056333497,0.31482863,-0.0073229484,0.23258092,-0.018248765,0.26374012,-0.0029206083,0.27187774,-0.014156669,0.31465712,-0.009167504,0.28888568,0.009501193,0.2894645,0.035311025,0.3042298,0.036636382,0.32863832,-0.035194557,0.3210113,-0.03746382,0.2832849,-0.044117324,0.31462607,-0.0110641625,0.2612305,-0.027023155,0.36589324,0
-172.88203,2.617208,55.273655,4.421786,-30.557524,2.9799569,-14.45352,2.2065969,7.593626,2.7244525,-8.644467,2.015573,-4.6163664,2.2857578,-13.747842,1.8882673,-4.184548,2.0581112,14.790332,2.1451135,31.66857,2.24875,18.263838,2.1106415,-1.0225868,2.0769265,10.44086,2.5326102,-7.7712603,2.0830257,10.488492,2.3563342,-7.3288975,2.5351148,17.585863,2.3457782,12.252958,2.1469674,-5.719718,2.1815438,-0.023423333,0.44251052,-0.0569214,0.8284485,0.00050541805,0.5649684,0.011613728,0.39628446,-0.049328838,0.5172321,-0.02471921,0.3596754,0.038297288,0.47872564,-0.0071679885,0.30992854,-0.022736125,0.35388324,-0.0341345,0.3927001,-0.020007687,0.3871522,-0.04080229,0.4039893,0.016228529,0.3563948,0.028130395,0.47285646,0.009476255,0.3024868,0.00818027,0.42099354,-0.06626318,0.41251963,-0.023243722,0.47396535,0.0069381297,0.3284003,0.027425785,0.3699285,0.048135437,0.35040432,0.1691438,0.58006895,0.05675059,0.29638624,-0.03100038,0.30966642,-0.08210094,0.35286182,-0.040856592,0.2446892,-0.017430956,0.3342531,-0.026098743,0.23490326,-0.010620139,0.29791492,-0.030362973,0.21938002,-0.047973532,0.3260149,0.019544093,0.29374635,0.04339758,0.2497668,0.043925818,0.3407276,0.027744623,0.3087131,-0.0018707748,0.3077448,-0.04896004,0.3097803,-0.054145448,0.33086285,0.0016908972,0.27418998,-0.021357838,0.289084,0
-173.13043,2.7072663,55.343727,5.0752177,-30.899204,2.8991408,-14.749328,2.2286565,7.279079,3.1616197,-8.710028,2.408706,-4.1627045,2.1358504,-13.568685,2.0009472,-4.7424684,1.9232647,14.767605,2.4144924,31.834051,2.2346,18.221762,2.0060606,-1.2567618,2.2888644,10.065253,2.681893,-7.3959093,2.2410374,11.13202,2.51739,-7.691648,2.618897,16.815825,2.5751286,12.319127,2.3701372,-5.1280394,2.1398683,0.0071167103,0.48592353,0.012321223,0.9118431,-0.012564307,0.40667564,-0.03431044,0.39819026,0.06837387,0.5880995,0.025018703,0.36725295,-0.03286946,0.35691932,-0.021944482,0.3284219,0.026366364,0.38001055,0.044889443,0.37879464,-0.0059740692,0.3138962,-0.0026279632,0.3356671,0.031512648,0.36861995,-0.014411187,0.4028372,-0.00941343,0.39783138,0.006423638,0.423143,-0.020568844,0.47611338,-0.0055117533,0.43269897,0.031365667,0.35910448,-0.008710232,0.38412577,0.014559499,0.30788514,0.19834791,0.6905938,0.089675955,0.4003953,-0.03865564,0.32851842,-0.08593813,0.41359925,-0.03854162,0.303109,-0.0018304449,0.2598451,-0.0024304532,0.2326981,-0.028542696,0.24225762,-0.05249931,0.3248739,-0.03743483,0.26982063,0.009958524,0.2585754,0.030522263,0.33437803,0.075397484,0.41683924,0.034473382,0.28170255,-0.06189119,0.36636174,-0.059567247,0.34660345,-0.07123126,0.31589496,-0.029194212,0.26411283,-0.0106508145,0.33980998,0
-173.30902,2.843176,55.40718,4.646995,-29.928577,3.3219056,-14.280321,2.24149,7.1329627,2.843355,-8.764923,2.2159956,-3.2710097,2.273027,-12.975987,2.330157,-4.9994993,1.8004607,14.938305,2.4552794,32.252113,2.2727842,18.65558,2.2298996,-1.2362673,2.4492424,10.126607,2.365998,-6.8882194,2.080053,10.94068,1.8890883,-7.548341,2.3020284,16.816813,2.3559337,12.472544,2.5870793,-4.1894464,2.325757,0.049121395,0.44759974,0.0023553702,0.88570935,-0.084300734,0.6052693,-0.024358919,0.38639906,0.002026415,0.44184992,0.019957595,0.39983168,0.017308833,0.33988336,-0.02209309,0.33227673,0.0003067796,0.27411696,0.02231007,0.45010498,0.0099173505,0.38802817,0.009931114,0.38267067,0.043402176,0.43809217,-0.006835277,0.35883665,0.026663678,0.38461515,0.0066677267,0.32306492,-0.006673391,0.3880175,0.025603632,0.41108862,0.02691644,0.44740424,0.03322024,0.4379794,0.056085527,0.39672673,0.15756544,0.5691393,0.03296123,0.29555365,-0.022399565,0.29985288,-0.07776397,0.364457,-0.051309403,0.26224172,-0.023142308,0.28637344,-0.008047811,0.27878127,-0.020490967,0.2489934,-0.057810754,0.3374694,-0.043489464,0.2955462,0.005019232,0.262407,0.07284084,0.41950387,0.05293819,0.33300266,0.008306594,0.31526744,0.0046061743,0.25108105,-0.023720218,0.30212954,-0.056275956,0.28070945,-0.050448813,0.3454619,-0.012333354,0.35034385,0
-173.40352,3.0915031,55.55389,4.4433594,-30.753906,2.6857638,-14.523162,2.1565511,7.420404,2.6289935,-8.713154,2.4427152,-3.0291128,2.088604,-14.144845,2.1881666,-5.4122868,2.6822774,14.990548,2.1720624,32.597935,2.4562304,19.124205,1.8069215,-1.8433284,2.7632015,10.162742,2.1889224,-7.018395,2.145815,10.994214,2.0889597,-8.05492,2.2137477,16.08115,2.6380541,12.489671,2.267306,-4.6296406,2.3404353,0.02615482,0.5189207,-0.052056238,0.714098,-0.0028787833,0.43997878,0.018254247,0.36876503,-0.019512994,0.43926883,-0.019169448,0.34746963,0.0024681035,0.33578542,0.020961817,0.44600144,-0.003473102,0.43598408,0.0054712314,0.34298262,0.048829906,0.5014733,0.012051276,0.2997194,-0.024845082,0.5764597,-0.022226224,0.3227138,-0.0022432567,0.33182427,-0.0031667398,0.37861833,0.0066716103,0.39911014,-0.01183812,0.4403525,0.0051220087,0.41098776,0.022676175,0.38124752,0.058440287,0.43319738,0.16568081,0.59361404,0.047686934,0.37494257,-0.04332621,0.30598623,-0.05997488,0.3937128,-0.043422237,0.32055178,-0.0073178876,0.31342086,-0.011153151,0.2609152,-0.042434547,0.40205094,-0.049792442,0.34879792,-0.034983568,0.30989414,-0.010615947,0.2550386,0.07252611,0.325393,0.058630105,0.33767763,0.021416724,0.24089481,-0.01865833,0.31708983,-0.058847543,0.36066833,-0.08064226,0.35544303,-0.034932617,0.3422543,-0.018643474,0.256196,0
-172.68733,2.9950469,54.385357,4.048688,-31.558857,2.291092,-14.171633,2.508321,7.397743,3.248152,-8.430115,2.825635,-3.3302963,2.4012065,-14.7692175,2.1304114,-5.490496,2.2456007,15.890495,2.1109176,33.378166,2.285584,18.450441,1.8767409,-1.5366223,2.5692453,10.43676,2.8225813,-7.176328,2.3507476,10.882088,2.1243544,-8.306478,2.2166092,15.11548,1.9412191,12.628525,1.9789253,-3.68735,2.379794,0.038264953,0.58922666,-0.026401402,0.7564775,-0.0112189725,0.35897928,0.017136915,0.3794673,-0.006914377,0.46524444,0.01695969,0.41461718,0.012743299,0.4971716,-0.006708761,0.40994582,0.03579999,0.4243184,0.01603522,0.3019394,-0.013229917,0.37001032,-0.0010064758,0.29814246,0.01312696,0.45351055,-0.016045589,0.43559602,-0.005143683,0.3699484,-0.014934975,0.4143587,0.045370992,0.362711,0.03991424,0.34886256,0.0054547936,0.28756574,-0.01221301,0.43665624,0.05518546,0.363467,0.14427614,0.51482934,0.03974351,0.31658724,-0.05955391,0.36034173,-0.11362123,0.50233686,-0.08598809,0.4132969,-0.044081092,0.34164867,-0.012645012,0.25377163,-0.023571173,0.32277274,-0.03091661,0.27917647,-0.026955392,0.3121262,-0.011125646,0.27356678,0.030475112,0.290652,0.044234022,0.3718419,0.057793982,0.37380338,0.0035244904,0.3017373,-0.00046911743,0.2858866,-0.022060936,0.25818157,0.024679799,0.3143601,0.020120338,0.30565125,0
-171.9747,2.919969,53.95072,4.691309,-31.932663,2.5230443,-14.38844,2.4273949,7.2182927,3.4685194,-8.630098,2.7052143,-3.0768254,2.1025171,-14.82152,2.1922922,-5.7149854,2.706727,16.724167,2.389831,33.50279,2.5483212,18.701761,2.0726845,-0.48322934,2.5683432,9.83205,2.7063906,-7.3192816,2.294876,11.9081,2.5039032,-8.926775,2.2717621,15.028511,2.455115,12.498159,2.4605227,-4.474113,2.236781,0.02199909,0.5588203,0.0054240376,0.76038444,0.00477219,0.35936254,0.019544123,0.38098186,0.026545363,0.5225771,0.03566034,0.35609233,0.019063594,0.3672661,-0.009416164,0.34750432,-0.022978522,0.4037967,-0.015296707,0.3774299,0.026428446,0.4737272,-0.011280022,0.33134544,-0.029205244,0.40578842,0.008214313,0.47227728,0.0072331647,0.45114258,-0.021791907,0.47733784,-0.021792073,0.4257123,-0.024607161,0.38294685,-0.010793599,0.3990736,-0.035288133,0.32319096,0.06286148,0.3836475,0.17887719,0.6653188,0.024843352,0.37093025,-0.034866475,0.32888615,-0.08234889,0.4368926,-0.05102012,0.42545086,-0.027958542,0.2796971,0.0009360937,0.28926042,-0.0037426585,0.25456813,-0.038440242,0.27913445,-0.055914167,0.41548285,0.015173767,0.29685476,0.0479544,0.3329233,0.03188683,0.3668644,0.03876026,0.31831592,-0.02372986,0.35087267,-0.011945175,0.2982853,-0.052207842,0.36067235,-0.0471159,0.3830607,0.01437628,0.27614897,0
-170.89012,2.75651,54.57992,4.985106,-32.24356,3.4803267,-13.956268,2.5541446,7.648796,2.8344073,-8.3465805,2.2185879,-3.2276385,1.8727454,-14.382185,1.994224,-5.8169684,2.4909077,16.62829,2.2284336,32.316017,2.245358,17.539728,2.0713599,-0.31114545,2.4274328,10.901226,2.3919163,-7.681782,1.94276,10.836527,2.3242266,-8.566114,2.1062381,15.751754,2.2084002,12.877701,2.3662002,-5.542922,2.411197,0.01806027,0.47668457,0.011839471,0.9753011,0.018242389,0.62686294,0.04592807,0.4464032,0.054590695,0.49757108,-0.032453533,0.36488244,0.014559137,0.32032666,0.013517851,0.31729633,-0.043959774,0.43637,0.005379182,0.35269356,-0.00093301624,0.37190178,-0.02893784,0.32522187,0.0013930431,0.3490765,-0.021854123,0.4494852,-0.013263786,0.32680532,0.04265142,0.43128607,-0.013228192,0.34154963,-0.012857901,0.32614,0.025789693,0.41468456,0.008989896,0.37306532,0.054194488,0.35899642,0.17893459,0.5922278,0.10937794,0.44640052,0.016008941,0.38061732,-0.060199913,0.40883142,-0.04862298,0.32060733,-0.018153723,0.2476961,-0.00814763,0.29888248,-0.011145582,0.32276103,-0.03160907,0.31248143,-0.05154929,0.338567,0.012435793,0.25760385,0.052526936,0.36984023,0.023902629,0.31792244,-0.004376716,0.28863022,-0.04424803,0.36686826,-0.019991398,0.3348075,-0.04227151,0.2941516,-0.056884743,0.38864005,-0.025442338,0.2975885,0
-170.69638,3.1556392,55.443394,5.71074,-32.317406,3.0975893,-14.291063,2.5678074,8.168265,2.368743,-8.687271,2.4301872,-4.042766,2.2061572,-13.961831,2.126431,-4.662842,2.2059913,16.274786,2.6402316,31.849182,2.6235545,17.622732,2.1499083,-0.029160988,2.1745155,11.3436165,2.2417653,-8.063041,1.7730892,10.465328,2.263992,-7.7074523,2.4342978,16.331318,2.496096,11.832556,2.3220944,-5.488905,2.1990893,0.013363208,0.53182375,0.011884733,1.0140215,-0.002200842,0.5009915,-0.019566594,0.410848,-0.028529901,0.44828635,-0.0053328183,0.39259148,0.0402045,0.3742495,0.038879313,0.39187568,0.0076600444,0.41341022,-0.027802223,0.42475462,-0.0015390177,0.4252845,-0.0046674544,0.31171784,0.020953594,0.29029873,0.0056254333,0.34584436,-0.020427277,0.28126454,-0.0017007388,0.34692308,0.01951931,0.45277354,0.0138321,0.4386446,-0.015899,0.42974547,-0.016826972,0.3815301,0.05634089,0.33676368,0.21952757,0.7423995,0.11083288,0.4833463,0.008807268,0.33334258,-0.030255122,0.28003824,-0.05442741,0.29224765,-0.034835,0.32887563,0.00940595,0.25443268,-0.034641445,0.29637167,-0.07504413,0.3804303,-0.058503326,0.37886056,-0.001369535,0.23799445,0.034863897,0.3039838,0.021551665,0.3100815,-0.013227535,0.22932059,-0.06159062,0.35741574,-0.050100543,0.33568767,-0.0713323,0.31300247,-0.04653522,0.32808504,-0.007969421,0.29837584,0
-171.36833,3.2471554,56.01612,4.788567,-31.475613,3.2336473,-15.799109,1.8262783,9.045441,2.9054086,-7.3248405,2.5653384,-6.118153,2.1731377,-14.503443,2.702326,-4.072465,2.2943017,14.690306,2.676309,32.30573,2.267715,18.809258,2.0293963,-1.7952535,2.2840087,10.615401,2.0144887,-8.744077,1.931731,9.450054,2.0755007,-7.0394177,2.4203792,16.588684,2.3827028,12.080617,2.3439846,-4.220362,2.7180629,0.009158267,0.5616836,-0.03224706,0.90031517,-0.037969586,0.48537627,0.0083238855,0.2657096,0.056748275,0.37631178,-0.0042101364,0.35059983,-0.0025709262,0.3276218,0.032052178,0.4063767,0.036665775,0.39564997,0.007624662,0.40871805,-0.050509967,0.34687805,0.0013521718,0.34643894,0.038601805,0.3495129,-0.01641322,0.37122783,-0.01032153,0.26764268,-0.026352255,0.34547788,0.016638765,0.4438327,0.016081987,0.34187594,-0.013327607,0.40387568,-0.046735495,0.47706693,0.06344228,0.45101184,0.17511658,0.6304437,0.07442467,0.40136898,-0.008871347,0.205577,-0.039608747,0.3362877,-0.04249869,0.29574713,-0.056743417,0.31634912,-0.033462137,0.30047426,-0.011177684,0.3162157,-0.023278287,0.3592765,-0.016555922,0.28754354,-0.00075065723,0.29072526,0.011074055,0.28545278,0.008550258,0.28724033,-0.0071319407,0.23418969,0.015836576,0.27347893,-0.026097389,0.28732038,-0.065069616,0.33755964,-0.04622934,0.3221657,-0.00672835,0.4105833,0
-171.77943,2.936503,55.446747,5.068708,-32.236683,3.211401,-14.501205,2.5009763,8.968527,2.6782296,-8.375708,2.0975971,-4.6083684,2.1621034,-13.983301,2.120847,-3.7946384,2.2289855,16.462027,2.6015596,30.561272,2.4233215,17.034615,1.9779048,-0.508353,2.375311,10.887654,2.4437478,-7.7894154,1.9611118,9.974512,2.5534587,-7.532309,2.7374284,17.512474,2.700643,12.697845,2.3503628,-5.264636,2.1634965,-0.042876653,0.47296804,-0.06554673,0.8930529,0.012590812,0.6457361,0.04813407,0.47425237,0.03211482,0.39529946,-0.024718713,0.33135965,0.008331038,0.36648622,0.015959129,0.3391107,0.007650301,0.30330735,0.040726908,0.4481495,0.058285896,0.3713158,0.027332993,0.32578242,-0.0131591875,0.37762347,-0.03513246,0.37739244,0.010489259,0.35424143,0.029827654,0.3941567,0.03601914,0.4549418,-0.014671331,0.46725684,0.0012160154,0.43327326,0.008881463,0.42577127,0.057417497,0.37099326,0.18421707,0.6602597,0.09421764,0.44967395,0.003793759,0.36490762,-0.05068966,0.33417267,-0.02063671,0.25590014,-0.028456673,0.32063776,-0.025122283,0.27055916,-0.053132866,0.32457006,-0.053680163,0.32952276,-0.039940894,0.3119367,-0.015234503,0.28018183,0.03927815,0.364417,0.02808554,0.30420664,0.009359178,0.28224435,-0.04141312,0.3437082,-0.070064954,0.45143276,-0.070556514,0.33534732,-0.047383904,0.33408663,-0.008929381,0.29268968,0
-171.00378,2.4624472,55.60709,4.469463,-32.11498,2.8253806,-15.289665,2.404059,9.340381,2.6416602,-7.4959464,2.938529,-5.720284,2.135633,-14.110449,1.866877,-2.3594582,2.2314858,16.316605,2.329201,29.863432,2.185916,17.005627,1.941568,-1.0718578,2.5266378,10.438549,2.3118498,-7.024605,1.9983516,10.708941,2.6263797,-6.1059403,2.4321854,16.986755,2.3508062,13.354046,2.5063093,-5.60215,2.2463949,0.016231,0.36224127,0.0013188436,0.7939285,0.008612875,0.49616957,5.841622e-05,0.35987908,0.020093711,0.419355,0.0009836197,0.5637679,-0.029024838,0.36469766,0.021611892,0.3077299,0.030137645,0.30392477,0.047562547,0.38830584,-0.03167483,0.3174115,-0.047921572,0.327194,0.023193354,0.35817453,-0.0046066577,0.37070197,0.020323543,0.2961922,0.008084863,0.42002004,0.0485615,0.45036834,0.042788494,0.4277961,0.007025227,0.377782,0.030849388,0.37222978,0.019690216,0.3153431,0.17903486,0.6229815,0.091704205,0.40898004,0.0030577844,0.3427745,-0.046064522,0.3125895,-0.058225196,0.36591664,-0.020685336,0.30577973,-0.031226669,0.25360307,-0.035668213,0.3090884,-0.03683372,0.32819802,-0.013750672,0.24719697,-0.02022896,0.26784426,0.04484044,0.35592085,0.040331475,0.28950587,-0.018360946,0.26568735,-0.029413428,0.33991027,-0.02490807,0.3431712,-0.057855383,0.31848192,-0.048505157,0.37291816,-0.0589204,0.3337186,0
-171.45834,2.3315623,55.660614,4.1489015,-30.819363,2.8304133,-16.71523,2.547359,8.598266,2.981175,-6.6911163,2.7547243,-5.581877,1.9936631,-13.973706,2.3229902,-1.4922798,2.1951442,16.984327,2.1531296,29.643257,2.1621752,15.234683,2.048112,-2.5321374,2.3508744,9.607758,2.17287,-5.437658,1.8839455,11.027282,2.1804368,-5.2201114,2.304224,17.460255,2.0710952,12.618168,2.2328904,-5.3346066,1.9500163,0.0213689,0.39879987,-0.064105816,0.75943303,-0.038359705,0.45696032,-0.043107186,0.37617284,-0.020863518,0.5438055,0.023341525,0.4493849,-0.0035731536,0.28526795,-0.0030111605,0.33050448,0.038696434,0.36539564,0.01083585,0.3178174,-0.011353,0.32759613,0.030284682,0.3366733,0.01554977,0.33161402,-0.0022240859,0.3405413,0.012992406,0.31691995,0.016960276,0.3891056,0.031747226,0.40798548,-0.0065309196,0.4084886,0.020129263,0.34627995,0.021867812,0.32829124,0.005154756,0.27469075,0.16606131,0.6035447,0.06986178,0.35517722,-0.022132764,0.3298434,-0.07221525,0.35914892,-0.08612001,0.41757664,-0.03646703,0.26623297,0.009512025,0.29262418,-0.008115758,0.28602082,-0.03380675,0.27150482,-0.031076644,0.24379951,0.03257768,0.2515424,0.0549043,0.32671914,0.03496933,0.30734017,0.03434495,0.250852,-0.013953306,0.30313748,-0.007043248,0.28908572,-0.033179224,0.25687242,-0.06289337,0.32992157,-0.0034769976,0.26399615,0
-171.44131,2.661876,55.566883,3.7431636,-30.395557,2.3268657,-16.652176,2.2779946,8.167329,2.7883935,-6.086626,2.3663614,-5.025275,2.3511608,-14.145853,2.1394794,-0.94126964,2.229886,17.660597,2.3189325,29.528479,1.8587987,13.912447,2.1870039,-3.3983142,2.3779128,9.2853775,2.4940157,-5.0406346,2.2020917,12.145873,2.0322247,-5.7945457,2.247568,17.012796,2.1292107,12.588116,2.2489378,-5.376766,2.0923235,0.006394021,0.376005,-0.028024182,0.715913,0.04152264,0.39899763,0.00028439943,0.38945118,0.047058437,0.45401126,0.023470506,0.3657213,-0.005241148,0.40894926,-0.043677956,0.27868462,0.019298695,0.3646963,0.023637371,0.34461212,-0.022378033,0.31423995,-0.032178883,0.3286385,-0.026534887,0.37399456,-0.05254287,0.44737393,-0.0023097477,0.3946037,-0.004901189,0.32810858,-0.009451232,0.42235228,-0.00041471628,0.32064068,-0.0011387586,0.38013056,-0.029843304,0.29072532,0.0267944,0.34499615,0.11987735,0.45390898,0.03433093,0.279797,-0.026833445,0.31116155,-0.048039176,0.30032203,-0.02128917,0.27863863,-0.034743845,0.29299682,-0.021068137,0.23767312,-0.024965491,0.34052882,-0.030407406,0.28220958,-0.009253443,0.2487249,0.035308596,0.3225679,0.034919586,0.29324317,0.04591883,0.3075677,0.04883443,0.2941981,-0.023754355,0.2405628,-0.029629238,0.34608623,-0.04382858,0.31765014,-0.036872122,0.33335084,-0.008319621,0.22702529,0
-170.35216,2.6176453,54.886364,3.860218,-30.582699,2.9153962,-15.808691,2.138212,7.424848,2.6269033,-6.0388155,2.3634515,-3.666577,2.3818858,-14.786007,2.0274065,-0.6737245,2.3635097,18.472036,2.4668899,29.765469,2.063235,12.5695,1.978718,-3.830364,2.4489586,9.268793,2.0833592,-4.8986883,1.8379651,13.593006,2.0607114,-5.940611,2.223943,17.132904,2.0952938,12.191879,2.319646,-6.3856964,2.1337745,0.008410757,0.42045066,-0.011673231,0.6972512,0.0012683171,0.5157254,0.019500481,0.34515247,0.04894611,0.5159697,0.01791679,0.36893404,0.024158735,0.39926776,0.0039492315,0.3723965,0.026739756,0.401613,0.00013754185,0.39970177,-0.03321282,0.31539676,-0.021150725,0.32611257,0.016264973,0.40495166,0.02565606,0.33852538,-0.00090600894,0.27231148,-0.00041510692,0.30767745,-0.042677484,0.39150774,0.0046711424,0.34268743,0.025297271,0.3932642,-0.0019768567,0.3599722,0.016276473,0.3509235,0.15050355,0.53263915,0.075804986,0.3750398,0.008751477,0.28276065,-0.034442734,0.33299768,-0.050864406,0.30006358,-0.04411931,0.30954555,-0.0199416,0.25434598,0.019262493,0.2591655,-0.0108734155,0.3140441,-0.01344638,0.26063043,-0.0046648793,0.23116073,0.016653916,0.31517467,0.0016990418,0.23015727,0.009423549,0.25309387,-0.007339617,0.23107758,-0.02072559,0.2659321,-0.04013862,0.24855365,-0.04051233,0.32939836,-0.038344823,0.3287546,0
-170.39655,2.6897361,54.027756,3.9583185,-31.36153,2.7176354,-15.3134575,1.9473277,7.1524224,2.820035,-5.6909337,2.9246635,-2.2479432,2.3422368,-14.842194,1.987778,-0.7969004,2.350734,18.85877,2.3809428,29.237513,2.2312167,12.591767,1.8739407,-3.9416542,2.2140028,8.558128,2.3650424,-5.2024865,1.7369052,13.600703,2.2546103,-4.8489556,2.3656921,17.538916,2.778192,12.379594,2.1820323,-7.505529,2.3275917,0.084147535,0.4933092,-0.0025440217,0.7275379,-0.024593838,0.49171045,-0.036092162,0.27699924,0.009478488,0.4335566,0.06135847,0.538512,0.043143686,0.44316995,0.04762081,0.36592487,0.014955267,0.38344643,0.00923145,0.36459202,-0.02114855,0.39719132,0.0138417855,0.33975932,0.003666276,0.4076144,0.00791655,0.36399418,0.034241196,0.29136986,-0.019034948,0.4177905,-0.06109374,0.40641898,0.031212917,0.39907995,0.025702003,0.36050925,0.008827439,0.43308315,-0.0059471442,0.32689896,0.12841113,0.46712276,0.06599237,0.36641312,0.012091281,0.21275035,-0.06507376,0.34894595,-0.06787971,0.42125222,0.014062323,0.30508214,0.01541747,0.24249868,0.0068714344,0.29283303,-0.036259174,0.32403728,-0.052065574,0.3350379,-0.016801817,0.2545813,0.03306502,0.25934654,0.052117463,0.34818706,0.018768644,0.1730373,-0.054077484,0.31591403,-0.03743388,0.25733253,-0.052066546,0.34989396,-0.0374807,0.25622976,-0.012089412,0.3191164,0
-170.75713,2.7503302,53.548267,3.8118243,-30.290113,2.8613179,-14.161786,2.6403234,6.667923,3.2158363,-6.4821734,2.8271894,-2.3656821,2.1376,-14.515806,2.1999562,0.18820408,2.6128864,18.954308,2.2652566,27.87464,2.4868574,11.507266,2.3870435,-2.7070858,2.3025956,9.421385,2.8082144,-4.832047,2.210807,12.791184,2.6482043,-5.341672,2.687547,17.233921,2.3627982,12.029692,2.033841,-8.007187,2.2995257,0.012888975,0.43296713,-0.02495082,0.617698,-0.0090876175,0.52578026,0.03481053,0.50217056,0.011784836,0.60742307,0.0011524769,0.48570755,-0.040384237,0.36299565,-0.048368197,0.41341606,-0.0070194574,0.45369107,-0.0045818496,0.44445163,0.024383008,0.37854686,0.02639129,0.40226388,-0.04208723,0.39981607,-0.084831476,0.4647216,-0.005431286,0.3969845,0.07668996,0.47172394,0.03715701,0.38915047,-0.0057859495,0.48214796,0.004129694,0.2767138,-0.031573895,0.3602729,-0.026835572,0.37978503,0.13636029,0.5535619,0.09174171,0.41989005,-0.018283784,0.3576176,-0.10093754,0.4647467,-0.026333632,0.35917392,0.014458526,0.30700544,-0.016065195,0.27251714,-0.024430202,0.35271508,-0.006961795,0.32022774,-0.0057854424,0.30028623,0.0057251565,0.29503566,0.001995467,0.31411865,0.027705422,0.3337663,0.007762328,0.2966541,-0.014243429,0.32698035,-0.05178418,0.334803,-0.033796117,0.32955205,-0.009711752,0.27820456,-0.0046943245,0.3002645,0
-170.96625,2.8903291,53.529736,3.3107245,-30.8195,3.4985545,-14.962629,2.2694123,6.4744954,2.7861493,-6.467075,2.3975916,-1.0702403,2.1800213,-14.428841,1.8556122,-0.51936245,2.5139802,19.320374,2.739016,28.197157,2.1372504,12.048033,2.6889887,-3.5123768,2.2467172,7.6472883,2.1640491,-4.6480427,2.1006482,13.610071,2.079466,-4.0888705,2.5668151,17.342436,2.1975765,11.309559,2.1998942,-8.338381,2.2556489,0.04410202,0.48359457,0.009138554,0.5326693,-0.0014763759,0.5740155,0.02478722,0.47375718,0.013008969,0.4315741,-0.0138500035,0.3966223,0.050896242,0.3456306,0.022181455,0.29895493,-0.028335806,0.38954896,-0.01987357,0.5369767,0.02168156,0.32262397,0.015546593,0.51017123,-0.05421363,0.36642,0.013778494,0.3970564,0.03419681,0.43465587,0.025876364,0.35608825,0.014778377,0.4712512,-0.028038835,0.36048716,-0.011518635,0.35850152,0.005820245,0.43153235,-0.04062757,0.37852868,0.10320812,0.46330863,0.110084035,0.49655065,0.00030630094,0.3060178,-0.09069698,0.4401205,-0.050960317,0.3514283,-0.0136165125,0.24170195,0.008893829,0.2621522,-0.040684517,0.31120858,-0.0418524,0.38023162,0.019938061,0.25579116,0.027997931,0.3480765,0.0033221373,0.25735748,-0.016933542,0.2863984,-0.008465675,0.29232565,-0.015048038,0.2742128,-0.02690078,0.34737444,-0.04184729,0.30914536,-0.055908147,0.35918948,-0.029596148,0.26722276,0
-171.18724,2.5625508,53.434864,3.703407,-30.819204,2.7799485,-14.751306,2.2536514,6.206388,2.6192617,-7.230931,2.3671901,-1.4991598,2.2574115,-14.829694,1.9032358,0.113424525,2.139135,18.997122,2.2882402,27.310547,2.1061633,11.64322,2.3449214,-2.96301,2.3971484,8.491837,2.4956355,-4.469276,2.036284,13.47403,2.5443668,-4.861977,2.6327994,17.243494,2.9036582,12.319055,2.3155046,-8.30134,2.1800508,-0.0150582,0.3456628,-0.044005908,0.6422997,-0.028775645,0.45752904,-0.015814766,0.3967949,0.032476198,0.4527414,0.0020765744,0.40576106,-0.033903144,0.42656988,-0.010809717,0.31657642,0.033131506,0.38682625,0.02342354,0.38053966,-0.04042375,0.3698231,-0.0011677853,0.39879295,0.01821281,0.47716382,0.079279885,0.44260752,0.051932935,0.38253444,-0.06367472,0.3853035,-0.051026687,0.4371868,0.03314852,0.5172475,0.037987296,0.36350855,0.018190172,0.37071958,0.018431816,0.3450716,0.1355328,0.54022044,0.055168014,0.30669764,0.0036930973,0.2833702,-0.010430081,0.25320405,-0.021304872,0.27938205,-0.017277341,0.24590749,-0.007999353,0.23598076,-0.010868654,0.30148533,-0.04158665,0.295101,-0.0026220165,0.20079613,0.013237248,0.23411867,0.03879202,0.26582474,0.022631656,0.25123245,0.007865379,0.25408158,-0.0015362414,0.3123027,-0.032131035,0.29802877,-0.08564517,0.42035276,-0.055955853,0.33529618,0.022784563,0.2839048,0
-170.73682,2.554789,54.03112,4.0784464,-30.521122,2.6415122,-14.639498,2.328942,6.8054023,2.4241707,-6.396993,2.464682,-1.1969762,2.5495067,-15.437691,2.1151497,-0.2737229,2.6426358,19.946095,2.2664342,28.12615,2.321021,11.240811,2.3280337,-3.4852023,2.5439022,8.542279,2.7601464,-3.7703087,2.144793,12.954532,2.5986605,-5.6194973,2.964232,17.127869,2.9047732,12.018019,2.1249626,-8.315674,1.9594575,0.016930299,0.3404648,0.004022965,0.7604704,0.016010845,0.4727634,0.014404981,0.34634897,0.012200818,0.43937114,0.023818107,0.2902683,0.049176384,0.49737424,0.017977593,0.33008695,0.016203396,0.4646114,0.011031145,0.37881225,0.0260923,0.31611383,-0.043591876,0.39283076,-0.040213168,0.35291734,0.001486151,0.5695199,0.041177444,0.4359042,0.047615685,0.5241203,-0.013309104,0.5664438,-0.0144282235,0.49629453,-0.03623137,0.33438915,-0.03673308,0.3387098,-0.0005208235,0.2948415,0.13794623,0.49252912,0.055706676,0.33560526,-0.009323191,0.27275038,-0.017519796,0.33392447,-0.038586088,0.31329864,-0.047849637,0.34477547,-0.019116018,0.26528794,-0.03244105,0.34611613,-0.05034416,0.28420323,-0.039561853,0.25178793,0.021033442,0.3066045,0.061683316,0.36864406,0.062198743,0.37350908,0.029541265,0.29898357,-0.03245335,0.28515166,-0.06526501,0.36477524,-0.093402,0.45270854,-0.05483731,0.33182874,0.02515575,0.22807162,0
-171.82184,2.5352943,55.773106,4.1344323,-31.616804,3.186288,-15.768036,2.0244644,8.736063,3.2384324,-7.9323983,3.0073028,-5.99173,2.4591877,-14.095443,2.236536,-4.0525904,2.4241636,14.766686,2.2883623,31.50631,1.9764895,18.323292,2.2569642,-1.3914837,1.9882784,11.016523,2.3954391,-8.804768,2.408405,9.193053,2.389479,-6.7370033,2.448013,16.997768,2.2308638,12.36203,2.4467409,-3.998383,2.6968293,0.02989155,0.41664568,-0.05146882,0.6895139,-0.021978803,0.5206337,-0.010305111,0.3665394,-0.05003007,0.49491227,-0.010953885,0.49637586,0.008818689,0.39972818,-0.00672315,0.32654095,-0.0029029332,0.38095737,0.011917393,0.37522572,0.019115126,0.33215836,-0.0221169,0.35000718,0.0069721406,0.3556791,-0.021066613,0.3821837,0.009551028,0.40441012,0.050680675,0.420348,-0.019300424,0.41777402,-0.01423312,0.32688567,0.024048906,0.40436718,0.032379497,0.5258974,0.015226514,0.36649767,0.15520404,0.5718892,0.110615164,0.44451243,0.007399402,0.29523382,-0.080383025,0.40597275,-0.072456084,0.39470676,-0.01265484,0.2957454,0.00337852,0.29790884,-0.028994894,0.2593374,-0.0016409296,0.24798073,-0.022190912,0.22056393,-0.008767242,0.34998262,0.019051425,0.27953562,0.008008413,0.26266393,0.021042744,0.29481605,-0.033605553,0.3159644,-0.043668885,0.35187843,-0.04008032,0.3071672,-0.044647187,0.31874868,-0.0307768,0.37446484,0
-170.87447,3.0952563,53.795357,3.739794,-31.008913,2.8777475,-14.860214,2.2706957,7.3290076,2.7486339,-6.3163557,2.3350666,-1.7277895,2.0929286,-15.4011345,2.151947,-0.29398155,2.4138486,19.964441,2.7389495,28.336239,2.4549332,10.891373,2.3436317,-4.4660535,2.223263,9.278617,2.8455663,-3.1863408,2.2232306,12.3103695,2.7735636,-6.163805,2.900644,17.336039,2.8849394,12.591034,2.1965885,-7.5742674,2.5083992,0.009866145,0.5406586,-0.06301479,0.7199706,-0.04266976,0.48504245,0.0015133943,0.37012428,0.019390862,0.40458897,0.016707193,0.41990593,0.0048246235,0.28439698,0.04324196,0.35429546,-1.8054247e-05,0.3776763,0.020524455,0.48282528,0.01353767,0.36212906,0.026126998,0.35597625,-0.027473072,0.38208702,0.024085114,0.42107004,0.01569724,0.39768037,0.00051392044,0.46520862,0.022031425,0.5652642,-0.013371897,0.4648842,-0.015044678,0.30990642,0.043113727,0.36206862,0.03517718,0.42409796,0.1300017,0.4921234,0.050788265,0.37870285,0.0032871594,0.27918398,-0.050422624,0.35857627,-0.038786106,0.32586488,-0.023774806,0.2425172,0.0009399304,0.2521059,0.004196693,0.30029774,-0.03166354,0.35241765,-0.07574001,0.35275668,-0.020794164,0.28359985,0.045992605,0.31413043,0.057821076,0.3278339,0.039632175,0.30887085,-0.061993953,0.30672303,-0.1052213,0.42605394,-0.087944835,0.4238731,-0.017711002,0.24530931,0.039144255,0.27150354,0
-170.1219,2.7717679,53.46879,3.6504338,-31.204477,2.3437877,-14.864887,2.3852448,7.583959,2.7659009,-6.278803,2.4698856,-3.2279372,2.0952137,-15.065501,2.0402524,0.86924464,2.175171,20.08893,2.6025307,28.388323,2.378671,9.91391,2.4957426,-4.697555,2.080163,10.370204,2.5811758,-2.6109347,2.0826237,11.683754,2.6343944,-6.412211,2.8646784,17.18703,2.872283,13.032452,2.1161914,-6.7672925,2.3947482,0.011343576,0.40442982,-0.026289625,0.67992866,0.009963599,0.41942462,-0.03604811,0.4251147,-0.048768587,0.48003915,0.014323942,0.4019741,-0.011684287,0.32452685,-0.026222216,0.3480639,-0.0012125411,0.31661698,-0.007929111,0.40234205,0.047283612,0.4111237,-0.006618164,0.46023828,-0.0025867324,0.35338238,-0.0028841165,0.4479162,-0.03260613,0.36244443,-0.00080296444,0.46311563,0.006208642,0.49639305,0.031458367,0.4834604,-0.0074560503,0.31538123,-0.10191984,0.45627016,-0.0005016107,0.39921775,0.13457648,0.48597455,0.019101813,0.3083701,-0.015874477,0.30144906,-0.061488025,0.35935116,-0.044755165,0.32629856,0.0041583665,0.30726415,-0.0077528497,0.24744762,-0.034826826,0.30090708,-0.057091054,0.3803805,-0.030333167,0.33869353,0.036549106,0.37967658,0.017336415,0.26496032,0.042962007,0.36998367,0.038502075,0.29757318,-0.029893484,0.31750053,-0.04417552,0.3324008,-0.0741757,0.43813184,-0.010401393,0.2469393,0.028337795,0.29157144,0
-169.28561,2.7614517,53.526695,3.8045275,-32.12317,2.3622696,-15.769915,2.1696608,8.062415,2.7758007,-4.6545267,2.2345881,-3.4603863,2.0690312,-15.717873,1.8589828,0.76718384,2.2001278,20.59747,2.128979,29.03127,2.1288488,9.800822,2.1098168,-4.964734,2.3711545,10.563974,2.8923476,-3.3171482,2.0348675,12.313459,2.2962623,-6.109775,2.2548366,17.228655,2.4728918,13.369286,2.0804687,-7.4107103,2.1859958,-0.0049765855,0.44049826,-0.0044912705,0.6822923,0.030356811,0.38541248,0.0013810451,0.3825581,-0.0111302305,0.5271154,0.0055275,0.32413068,-0.0063612345,0.370617,0.015167762,0.26039755,0.014028423,0.38350588,-0.008039361,0.3863605,-0.0007628776,0.31350568,0.00109155,0.3293791,-0.006106307,0.40615714,0.037358884,0.49703765,0.035865344,0.39551184,-0.007323756,0.34377947,-0.0091990065,0.42921054,0.006691331,0.49601755,-0.0059675747,0.34484774,0.005834372,0.3863272,-0.021481944,0.34819058,0.123452894,0.5133988,0.03583276,0.31199417,-0.033683427,0.31714302,-0.06396942,0.33566406,-0.03674924,0.26027894,-0.003866259,0.2941724,-0.0094423955,0.22461447,-0.014895086,0.26893428,-0.05060687,0.27117053,-0.010274426,0.26151747,0.005426841,0.2613837,0.055469543,0.28503177,0.072281174,0.3945077,0.019684091,0.25607592,-0.027134545,0.3083211,-0.03591726,0.29040208,-0.052696466,0.32710624,-0.019017946,0.24787767,0.01103866,0.32774043,0
-169.71423,2.7833457,52.73789,3.470837,-31.508135,2.550183,-14.603023,2.4903753,8.143469,3.1548755,-5.323746,3.062344,-4.9797297,2.1292195,-15.689802,2.61935,1.9422331,2.517458,19.905804,2.488817,28.111483,2.1334662,9.34763,2.3438985,-3.6197321,2.5479167,11.466453,2.739684,-4.153097,2.0811226,12.451664,2.1660151,-6.608528,2.5535846,17.24257,2.4087272,13.654111,2.4028296,-7.782123,2.3067162,0.01991436,0.38563287,0.017412992,0.56373143,0.024741547,0.4852063,0.042926803,0.47358432,0.07802494,0.5958716,0.01308436,0.43474162,0.011983798,0.36358863,-0.0019904578,0.40221408,0.021161161,0.53544545,0.02603743,0.36630726,0.02466,0.27726793,0.02333358,0.37099844,0.0035797046,0.44837865,-0.040844478,0.40188542,-0.029809184,0.32174882,-0.0150529565,0.40032935,0.0088217445,0.40014774,-0.010225395,0.3633085,-0.052776866,0.38794565,-0.036019254,0.39020443,-0.017080577,0.339064,0.128999,0.51343924,0.046865918,0.3092646,-0.027664315,0.2827894,-0.06973011,0.36393887,-0.060755897,0.38112536,-0.0339136,0.25892058,-0.0128972605,0.28349614,-0.011976482,0.31585407,-0.002656541,0.22232686,-0.0032354582,0.23619714,-0.034456063,0.31237096,0.032003455,0.24909446,0.049666263,0.39234808,0.026018443,0.26814052,-0.01193247,0.29708016,-0.029352091,0.35921606,-0.031588774,0.3513097,-0.018551948,0.28965312,-0.019875726,0.3512607,0
-170.1526,2.732468,54.11818,3.140252,-31.87986,3.3430033,-15.640024,2.2853305,8.168486,2.9153848,-5.6172137,2.8080573,-5.9930725,2.4234352,-15.8210335,2.090582,0.5274711,2.062486,18.304153,2.261219,28.230942,2.1335154,13.714702,2.2784727,-1.7377876,2.6049688,9.06697,2.734814,-6.4777336,2.2687168,12.466098,2.4212098,-5.2520566,2.3245568,17.370117,2.2552853,13.041703,2.3705912,-6.898047,2.3896363,0.00995728,0.32395387,-0.047161233,0.5876751,-0.0026964701,0.48928556,-0.02396964,0.3314619,-0.042114053,0.4393002,0.018295621,0.44375136,0.015667832,0.39305383,0.00084757095,0.29354322,-0.05645486,0.3175373,-0.031912524,0.31412667,0.035171274,0.36932686,0.053328432,0.35352883,0.009742159,0.3946318,0.023419209,0.40868858,0.06508499,0.4108826,-0.011024441,0.3451707,0.03382907,0.38283706,0.0066720834,0.36389005,0.0001415161,0.42183983,0.06385443,0.41515428,0.01678419,0.3449888,0.10807896,0.4302077,0.05589168,0.43232346,-0.014715094,0.27243564,-0.02643683,0.31602237,-0.051382188,0.28314304,-0.0732574,0.3701313,0.014161033,0.2408879,0.00942883,0.26414397,-0.030449608,0.29354557,-0.016851475,0.27345455,0.014667937,0.2771927,0.084235616,0.3848027,0.05153289,0.37809193,0.032566227,0.28147745,-0.02122524,0.32224876,-0.046382986,0.31113392,-0.03494621,0.26346296,-0.031665344,0.27864146,0.010756401,0.31398717,0
-170.78716,2.3888783,54.94366,3.3664193,-31.623152,2.6711168,-16.013086,2.3744075,7.862286,3.6020722,-6.5221744,2.5697255,-5.5537825,2.0408466,-15.171913,1.9310703,0.050290965,2.3422134,17.55169,2.2600083,28.627422,2.0798335,14.523775,1.9283694,-2.1870944,2.4025478,9.686942,2.4757419,-5.7286553,2.1641285,12.10306,2.246404,-5.8238745,1.967156,18.07594,2.062614,13.385655,2.0670314,-6.46735,2.2336423,0.010853298,0.3629342,-0.02492821,0.61824197,-0.023952488,0.44534296,0.024845676,0.36531946,0.019126628,0.6523941,-0.013172157,0.43814722,0.026240923,0.32318553,-0.022496246,0.2997868,-0.0077900593,0.3583419,0.017156161,0.3680988,0.005881618,0.33647716,-0.029969614,0.2545894,0.009465449,0.41866088,-0.016513957,0.4646663,-0.004896039,0.34705746,0.0004280714,0.3909751,-0.0044015436,0.33930212,-0.0088181915,0.29232708,-0.000166904,0.32222897,-0.0065450245,0.3696231,0.019754466,0.2898124,0.10256244,0.42179292,0.024781788,0.32533485,-0.046690427,0.32002187,-0.09900822,0.42494944,-0.022037027,0.27600625,-0.0402443,0.3370388,-0.0139016425,0.2554457,-0.039039336,0.2777157,-0.03465066,0.34061638,-0.017328726,0.24709138,0.004895024,0.25278327,0.055143144,0.34730855,0.072932415,0.35514235,0.059536774,0.25224313,-0.009575864,0.30614492,-0.008522272,0.25901604,-0.04585238,0.31132698,-0.016608026,0.25356185,0.050345805,0.32561716,0
-170.57013,2.4309573,54.279984,3.7035253,-30.896748,2.131161,-15.45768,2.1332667,7.167097,2.8865433,-6.882139,2.412498,-4.343106,1.7318558,-14.542031,2.0915859,-0.20599404,2.2689133,17.376755,2.5928285,28.9057,1.9762126,13.618096,2.0488298,-2.849031,2.8227737,9.611857,2.570827,-5.0456085,2.557334,11.994116,1.8537333,-6.1787095,2.4282854,17.804615,2.255989,12.490374,2.552529,-6.8374753,2.2960484,0.015752962,0.3548357,-0.03667618,0.6049463,-0.013114969,0.3135912,0.017779151,0.32861456,-0.008731776,0.50665313,-0.01274083,0.35547346,0.04655191,0.3224214,0.040417638,0.33003765,0.0020927852,0.36150524,-0.055616718,0.45061985,-0.025776543,0.30006894,0.00022588143,0.40425476,0.0449941,0.5522873,0.0047891964,0.46467406,-0.0019070213,0.5004319,-0.015981376,0.29501644,-0.02952655,0.41761422,0.0043159733,0.380971,-0.018408878,0.48918602,-0.044060774,0.37892714,0.0479366,0.30790538,0.12902617,0.48528463,0.012972173,0.24470256,-0.044525985,0.30559152,-0.06909765,0.35334376,-0.029801274,0.28577676,-0.008690306,0.2199747,0.015175119,0.2572337,-0.02236057,0.3078848,-0.03597691,0.3859784,-0.014310199,0.23523334,0.011644227,0.29927978,0.075759515,0.3566758,0.062092062,0.35375276,0.062659904,0.40402165,0.00535699,0.21688548,-0.036476392,0.34133023,-0.060536463,0.33173937,-0.011074206,0.37004635,0.03917276,0.3385607,0
-169.88092,2.4653015,54.23894,4.241839,-30.989803,2.700983,-14.110307,2.762057,6.958468,2.9910996,-6.999787,2.4591997,-3.7206426,2.2013273,-13.340884,1.9222401,-0.5133035,2.4396744,17.146942,2.2641637,29.484045,2.328585,13.568858,2.3786013,-3.047201,2.5417917,9.40055,2.5580008,-5.7688384,2.1377258,12.173887,2.1246526,-6.2243934,1.9754225,17.839638,2.2210767,13.128378,2.1198514,-6.4496408,1.7792242,0.022839371,0.3425271,0.044064183,0.7788894,0.051372968,0.40712696,0.05081752,0.48823684,0.043634236,0.5982052,0.031684823,0.45708776,0.021266732,0.40116113,-0.027357731,0.3083719,-0.08532456,0.39866132,-0.03738837,0.4053645,0.0073725996,0.44791302,-0.0014622597,0.3819867,-0.05441656,0.44470155,-0.04237159,0.4407041,-0.01295889,0.38102987,0.0032527659,0.3245959,0.0016478406,0.33436427,-0.038919684,0.3655129,-0.038394693,0.37869322,-0.038206555,0.30397996,0.006879955,0.28937393,0.15341087,0.53948736,0.041008912,0.34630534,-0.043033805,0.4284,-0.069704734,0.36569104,-0.06598868,0.32902136,-0.005849266,0.29255173,-0.016831977,0.24493968,-0.03174581,0.28722337,-0.047049753,0.2694275,-0.03798783,0.338284,0.019851476,0.25388804,0.057222623,0.3521888,0.06332768,0.354214,0.017695662,0.2582091,-0.016893635,0.28332424,-0.019259341,0.25753966,-0.042964716,0.25373295,-0.03769579,0.2632518,0.019597707,0.25129864,0
-171.2865,2.6660929,55.155483,4.450602,-30.61809,2.8264823,-14.253915,2.2186177,6.892183,2.7255487,-7.005491,2.3061051,-4.177292,2.4915287,-14.724174,2.4121413,-2.2121367,2.4264572,16.328129,2.233374,29.811998,2.2074807,15.769512,2.0926487,-1.3111638,2.136577,9.2750635,2.009895,-6.562018,2.1875582,12.365048,1.9922526,-6.6993613,2.103041,16.883686,2.2722304,13.662251,2.3768537,-6.194925,2.1441803,-0.021640418,0.47823077,-0.10792068,0.89188683,-0.02273513,0.54096645,0.023146182,0.42412904,0.028530601,0.4920801,-0.018523473,0.36159146,-0.034532122,0.36252272,-0.028604705,0.42467144,0.004336115,0.44840977,0.025766596,0.35708597,0.011061184,0.3389074,0.03426308,0.35156915,-0.02575245,0.36394387,-0.05102631,0.3335715,0.039278764,0.37463772,0.044670813,0.318741,0.0058391,0.39064556,-0.046656072,0.44634914,-0.006038429,0.3931328,0.009289541,0.42873275,0.016915074,0.2980979,0.1631619,0.60159886,0.09003091,0.38029727,0.032679286,0.30300868,-0.037542906,0.3765973,-0.03341599,0.30903158,-0.013393567,0.29116657,-0.050801124,0.33373538,-0.0685794,0.34692186,-0.0315227,0.27581358,-0.0045899004,0.31539214,-0.008519207,0.30258352,0.03087921,0.29146257,0.028873926,0.26480108,0.029658794,0.2877939,-0.046424504,0.27762347,-0.04473653,0.2856673,-0.027544707,0.265333,-0.027293412,0.31418574,-0.014899142,0.3045795,0
-171.5923,2.2077305,55.194862,3.9571774,-30.776314,2.8709898,-14.248997,1.8611987,6.814269,2.8004353,-7.687078,2.352867,-3.795167,2.5584602,-14.799166,2.0149167,-2.095205,2.3194947,16.863783,1.9977975,29.393276,2.207574,16.066774,1.8616605,-1.7350873,2.4029145,8.927969,2.2680128,-6.498024,2.3003712,12.667811,1.9581982,-6.740605,2.2083297,17.131844,2.3019707,14.063566,2.8088934,-6.438801,2.4692664,0.008056844,0.35084647,0.0013317988,0.748995,0.004485574,0.47784984,0.022761436,0.3423189,0.020555833,0.498234,-0.019253213,0.391609,0.008365308,0.38230747,0.0077449526,0.33328742,-0.008315558,0.40984303,0.012684597,0.36619273,0.0060087168,0.37218186,-0.008190181,0.32594723,0.01580764,0.41090575,0.0057600187,0.37851113,0.0107448995,0.36486274,-0.031979628,0.32973054,-0.046031702,0.37219214,0.0064149746,0.41547298,0.0057107816,0.50743407,-0.011153861,0.4266273,0.0029984445,0.30304492,0.14895739,0.55640244,0.09086747,0.41812584,0.009384078,0.22984704,-0.01913093,0.32883933,-0.056808304,0.3059765,-0.05894542,0.304719,-0.01473122,0.24628386,-0.009452075,0.31232792,-0.004405955,0.2656113,-0.013774916,0.2626808,0.019878566,0.27629757,0.06470235,0.37938136,0.018269632,0.26898432,0.020931493,0.28511342,0.008069006,0.24008118,-0.0049424153,0.2715621,-0.05797131,0.33035657,-0.05991386,0.33680314,-0.03783634,0.37827536,0
-171.65099,2.66172,56.234344,3.9352179,-31.496422,2.554178,-15.654864,2.2787175,8.60321,2.9981775,-8.41962,2.7726326,-5.5631394,2.407406,-13.970675,2.1995637,-4.055327,2.1383846,14.741678,2.2055492,31.87565,2.0204089,18.685465,2.1094544,-1.3820664,2.3032362,10.089524,2.213787,-8.849164,2.0380015,10.3166485,2.027404,-6.1535482,1.9620346,16.096373,2.486285,12.228905,2.0818105,-4.197587,2.318204,0.024393953,0.40709114,-0.037758652,0.68509376,-0.029075315,0.50964266,-0.024535,0.4609123,0.00921201,0.501094,0.037108082,0.50167,0.006527919,0.39405227,-0.010765446,0.3824499,0.028705852,0.29859155,-0.015304215,0.36397654,0.015507135,0.34131905,-7.3681425e-05,0.33684233,0.0034037535,0.35756102,0.049030717,0.35575372,0.006721527,0.3435934,0.0035985755,0.3095338,0.017243,0.30777276,-0.03178711,0.42780638,0.01995259,0.38876164,0.015609658,0.35916844,0.050188392,0.37369496,0.14895657,0.5533644,0.055624872,0.32065073,-0.013331206,0.34371215,-0.058552243,0.41103616,-0.06296303,0.347259,-0.054700933,0.34795386,-0.02237962,0.30759928,-0.006309882,0.21585374,-0.017099582,0.29418373,-0.045172345,0.36036903,0.0014512035,0.2977632,0.0685729,0.35901564,0.013144614,0.2502239,0.0129157575,0.27720666,-0.023472691,0.31229994,-0.0069524297,0.2394208,-0.038465828,0.31792447,-0.044392306,0.25716293,-0.025873432,0.32968605,0
-170.99066,3.2256982,55.56471,4.4955115,-31.149662,2.4886959,-14.221988,1.924296,7.2561474,2.3665771,-7.869692,2.3317065,-3.6852286,2.4896085,-14.444068,2.65883,-2.3763852,2.492105,16.72503,2.1082757,29.232422,2.0154204,16.72359,2.357012,-0.62888616,2.2356381,8.881992,2.798167,-7.391134,2.4362345,12.253791,2.5820932,-6.752476,2.4326031,16.880117,2.3688521,13.402716,2.5411189,-6.953538,2.235166,0.040518414,0.4096256,-0.01846447,0.79304016,-0.0058592283,0.43526363,-0.02206902,0.39130068,-0.019068142,0.38082135,0.011973175,0.37755397,0.014613596,0.40557864,0.026700024,0.48674527,-0.0035982756,0.40484732,-0.018461091,0.3699742,-0.016749253,0.31301922,0.016250506,0.38835466,0.011702488,0.41352934,-0.022472514,0.5305441,-0.0074762884,0.42992553,-0.011588221,0.47385758,0.024474462,0.40824035,0.020835202,0.46164247,0.0039849575,0.45888045,0.04167455,0.31455505,0.06840316,0.45374525,0.17481548,0.637142,0.053178817,0.3151779,0.0010708038,0.2666893,-0.030324288,0.3065499,-0.04067941,0.26974654,-0.05124255,0.3294784,-0.021804418,0.3120213,-0.015590637,0.28629643,-0.013229263,0.2445934,-0.032338075,0.28999674,-0.010305634,0.32992482,0.021791087,0.28105,0.026048671,0.38436514,-0.02602923,0.32000732,-0.026042156,0.32470822,-0.038433034,0.32450935,-0.07165175,0.28854296,-0.0719836,0.35677883,-0.01236505,0.24732514,0
-170.93369,3.143319,55.07247,3.8572557,-32.188484,2.496668,-14.762661,2.3085546,7.8688827,2.5185158,-8.717079,2.2213254,-4.9208517,2.4610581,-14.073878,2.2404988,-3.3619268,2.6872704,16.525465,2.2544231,29.412012,2.4227853,16.913221,1.9716164,-0.39883366,2.238062,8.8028345,2.4833753,-8.200503,2.1368494,12.400306,2.3325264,-5.730398,2.2341769,16.87517,2.499709,13.147318,2.6752994,-6.2428203,2.2400897,-0.02250576,0.5491738,-0.032144926,0.63919216,-0.0012266269,0.3877768,-0.02788185,0.39785197,-0.007016358,0.4111506,0.0011758915,0.36123753,0.012903861,0.36799127,-0.011304724,0.39532292,-0.030911097,0.4648445,0.021448646,0.3655526,0.07646191,0.41776368,0.0018478788,0.31535357,-0.011037028,0.31672296,0.007095381,0.48427394,0.042897467,0.4113032,0.019616468,0.44753736,0.0014928653,0.38133922,0.060332555,0.45846847,0.034842834,0.48429507,-0.014889337,0.3470654,0.07573769,0.41924366,0.15122704,0.5607875,0.0415682,0.3230125,-0.008187028,0.34060672,-0.034517523,0.26855963,-0.02009507,0.2564671,-0.055866286,0.29284248,-0.03883778,0.3101975,-0.018592335,0.27079973,-0.013309433,0.27597558,-0.032579597,0.3309939,-7.92281e-05,0.2587924,0.012659147,0.26224604,0.049395297,0.34777278,0.02337794,0.26253206,-0.06389305,0.33442175,-0.030117717,0.2914383,-0.04775207,0.2858979,-0.049680807,0.32713473,-0.020561155,0.28122723,0
-171.02388,2.7370062,55.52553,4.140451,-32.744156,2.785295,-14.883081,2.314972,9.007735,2.7583911,-8.201457,2.3691297,-5.463785,2.1844087,-14.509653,2.0339825,-3.0877929,2.725142,16.7447,2.5165024,30.118383,2.4062452,16.273062,2.1601315,-1.1400067,2.471662,10.589962,2.4782832,-8.174534,2.203362,11.005389,2.361397,-6.584622,2.233567,17.02195,2.1506057,13.394477,2.4260328,-5.5450673,1.9808269,0.007218009,0.4635023,-0.019667134,0.7602848,-0.01767397,0.53351355,-0.019330336,0.42476636,0.033945132,0.445937,-0.024104817,0.36756802,-0.005070081,0.35682073,0.027644169,0.3497442,0.016917108,0.50089526,-0.058553893,0.4602166,-0.051952086,0.3941442,-0.0029895636,0.40157098,0.03538459,0.42223683,0.005257372,0.43270612,-0.029408846,0.36659545,-0.01853813,0.38382396,0.011953615,0.403559,-0.0018979476,0.40216228,-0.044478778,0.43396747,0.020908356,0.31152537,0.04702662,0.37360537,0.16286293,0.60657513,0.07832494,0.38899463,-0.022433536,0.29853812,-0.06091611,0.38534728,-0.074374236,0.34435138,-0.031858798,0.29516116,-0.0196619,0.26368263,-0.016125381,0.37606257,-0.01569204,0.29112825,-0.04175691,0.3040059,-0.010657746,0.277153,0.037056327,0.28122908,0.034434546,0.33949667,0.031529546,0.27568826,-0.047808208,0.28918314,-0.046062775,0.3165619,-0.026207965,0.23998179,0.0018368785,0.32639214,-0.04018086,0.33166462,0
-170.5685,2.952628,56.009644,4.9496083,-33.283924,2.6241436,-15.862074,2.2825859,9.691023,2.4791718,-7.329958,2.3469665,-6.256052,2.2414975,-14.798057,2.5055888,-2.0780811,2.1172693,16.921005,2.4137917,31.14918,2.8977103,16.61148,2.120218,-1.7816606,2.5576634,11.091994,2.3990653,-8.491239,1.9286793,10.95247,2.4237053,-5.9167547,2.3905365,17.032629,2.495423,13.077058,2.2930396,-5.3672805,1.9947752,-0.03247631,0.5343918,-0.05520309,0.87777823,0.026861716,0.4789262,0.0493813,0.36404356,-0.006214083,0.39598316,-0.018294543,0.36404356,-0.019945037,0.3476989,0.012592639,0.35005137,-0.0123768095,0.30228615,0.008636908,0.45437732,0.030995619,0.4784631,-0.0016359219,0.32005262,-0.010440122,0.45384076,-0.018599337,0.42391136,-0.013887501,0.341832,0.015400741,0.4239592,-0.0064439736,0.3617561,-0.013144185,0.38741678,0.03091439,0.42059717,0.01073766,0.3086518,0.06507275,0.30432242,0.1845973,0.6310662,0.06256934,0.32682046,-0.033789106,0.3236037,-0.063412085,0.329464,-0.026480345,0.293121,-0.029946892,0.35606706,-0.039490663,0.3649109,-0.0076266555,0.2596945,-0.06451351,0.35458538,-0.05883218,0.37622273,-0.0022365607,0.2969941,0.02741077,0.312574,0.031919118,0.3336184,-0.011682474,0.29044703,-0.03670897,0.33366612,-0.018589566,0.34248617,-0.057649978,0.3304481,-0.038690653,0.28098124,0.0020418768,0.29731897,0
-170.3643,2.9926412,56.28228,4.1362433,-33.83454,2.873463,-16.479752,2.012402,10.45609,2.555017,-6.7026415,2.2710388,-7.2401648,2.2493248,-15.522558,2.2114682,-1.8374681,2.384944,17.531115,2.1254437,30.987944,2.2305255,15.45662,2.0625334,-1.9161079,2.0996099,11.99982,2.311836,-7.405343,2.022965,10.42064,2.1148493,-6.62956,2.349749,17.609577,2.3473423,14.04639,2.4450703,-5.583242,2.2148468,0.040097106,0.49935126,-0.038725663,0.75051045,-0.04212095,0.4123048,-0.038630456,0.3219303,0.011390003,0.4316304,0.021020573,0.3394188,-0.039021887,0.44275144,-0.0422397,0.3574582,0.012711789,0.39501733,0.0027154007,0.364693,-0.020058317,0.34113085,0.005721956,0.32431787,0.014560758,0.36850843,-0.0031458973,0.36232474,0.029845765,0.27050835,0.030320216,0.3651848,-0.0084334025,0.4178029,-0.014025301,0.340695,0.008731736,0.4265513,-0.004710378,0.36707655,0.042373326,0.36535218,0.13776593,0.54501456,0.076441295,0.46434814,0.008801956,0.28808528,-0.061558336,0.35028192,-0.054984212,0.32070282,-0.029360676,0.27008143,-0.02581,0.2330416,-0.034108493,0.33653387,-0.043854367,0.31806457,-0.03835534,0.29518682,0.042223286,0.3250084,0.031321656,0.26852387,0.03931615,0.3680697,0.023835015,0.298668,-0.032487087,0.257866,-0.052282706,0.31218824,-0.07020026,0.33554742,-0.034424413,0.35399815,0.030503182,0.29122323,0
-169.90402,2.4632418,56.781956,4.145581,-34.18588,2.7439737,-17.533617,2.618991,10.929463,2.822938,-6.0516725,2.4403956,-8.047382,2.1432245,-15.842878,2.2892668,-1.7478112,2.178512,17.776863,2.1725726,31.114487,2.1577177,15.794773,1.9493728,-2.451433,1.924518,11.781461,2.4952888,-7.1158767,2.0561285,10.098038,2.1918333,-6.6409445,2.3529534,16.783781,2.3840132,13.675377,2.3657138,-5.1490335,2.0917513,-0.0060336185,0.4313478,0.023381306,0.74410784,0.031356487,0.50716686,-0.028980317,0.45536074,0.0016674775,0.48610616,0.0060323314,0.44100088,0.009770463,0.33111942,0.059266236,0.33098862,0.010498496,0.37070906,-0.0026837676,0.2804334,0.019238673,0.3669907,0.0098185465,0.3248525,-0.028543532,0.301821,-0.030817164,0.3998991,0.025991572,0.334111,-0.021074314,0.37086284,-0.012308825,0.42021918,0.01975855,0.4571288,0.0038228394,0.36741847,-0.011721749,0.37714627,0.035140254,0.27292478,0.16161922,0.59793043,0.07670313,0.36095107,-0.031666167,0.31968424,-0.07843985,0.34096217,-0.044430375,0.27991596,-0.04467826,0.26631016,-0.013936027,0.26305667,-0.030735254,0.33369446,-0.031833112,0.31062233,-0.033792887,0.27115095,0.01303788,0.28037933,0.022794737,0.23966113,0.016448837,0.30092007,0.052293483,0.30734986,-0.015583046,0.31571904,-0.06292458,0.38192138,-0.046718717,0.32649237,-0.053324897,0.39166796,-0.02146867,0.29535002,0
-170.43282,2.8232453,55.95273,4.189803,-33.673954,2.8232265,-17.181215,2.0518317,10.186651,2.7551796,-6.351419,2.1379375,-7.456406,2.08651,-15.610415,2.1212897,-1.6088985,2.1220312,17.462961,2.2761714,30.59937,2.198825,15.089005,2.0314052,-2.6593387,2.2750924,11.206087,2.3574007,-6.9559665,2.043221,10.444462,2.4985256,-6.4966297,2.586074,17.06491,2.2672977,14.554791,2.1470528,-4.7105165,2.0944343,-0.034962125,0.47018704,-0.040884048,0.7707113,0.027598215,0.43746552,-0.0027444959,0.32544786,-0.013791667,0.45507997,-0.017490057,0.32522225,-0.013418679,0.34498674,-0.005878018,0.32472813,0.01214281,0.34693998,-0.009603266,0.39938688,-0.0026797,0.37620452,0.023017554,0.3724473,-0.042207006,0.32872766,-0.006160918,0.34249955,0.018719306,0.3040678,0.012188693,0.38584733,0.0018034128,0.3968822,0.014012014,0.3630712,0.0045066467,0.3972256,-0.008846344,0.3063546,0.034066048,0.33358815,0.14683285,0.51976526,0.05185902,0.38561997,-0.037266277,0.28502265,-0.093453154,0.4221927,-0.041726366,0.28165388,-0.036033466,0.31335548,-0.04040448,0.31710783,-0.028940707,0.30283692,-0.039679352,0.2995786,-0.052353557,0.31433448,-0.008398107,0.29808384,0.048767053,0.27711937,0.04395573,0.3419214,0.015653912,0.25425676,-0.043543413,0.36482885,-0.065288275,0.43514895,-0.024784504,0.26560405,-0.014197527,0.25668812,-0.046932653,0.30436677,0
-169.53857,2.2464619,56.200832,4.5421305,-33.483963,2.8946915,-17.260952,2.1291265,10.075698,2.3578186,-5.327381,2.6092322,-7.226243,2.089727,-16.565899,2.4336865,-0.5286296,2.4396286,18.373352,2.2154422,30.182549,2.0264845,14.344529,2.285778,-2.619476,2.2731361,10.501089,2.335169,-6.6221547,2.041329,11.4527645,1.896713,-5.037808,2.202855,17.56557,2.0710576,13.837292,2.338488,-6.189794,2.117598,-0.01947954,0.30248034,-0.07193128,0.78041464,0.0050259554,0.41728035,0.020353585,0.3492275,0.032341424,0.3623523,0.02274774,0.4050523,-0.021423709,0.3082106,-0.012176996,0.4612665,-0.007590833,0.35698602,0.04190469,0.3291334,0.0058421567,0.27418596,-0.01932512,0.3506813,0.004708803,0.36445332,0.014916244,0.37245968,0.041178674,0.3097878,-0.022449743,0.28919572,0.011356291,0.34169185,0.011284559,0.35099015,0.03147864,0.41831246,-0.009967573,0.3722007,0.021275848,0.26169643,0.15728179,0.5589155,0.07736272,0.37582338,-0.026793111,0.28230944,-0.038405843,0.28822327,-0.020853091,0.29761365,-0.0132855,0.28734502,-0.044566,0.3139558,-0.04557256,0.3287886,-0.020506617,0.30348817,-0.011820258,0.26323006,0.016998027,0.28611144,0.0481645,0.3196827,0.0536731,0.35384884,0.014415616,0.22203113,-0.009333581,0.23080617,-0.042068474,0.33672276,-0.06479024,0.34890303,-0.035524327,0.35240096,-0.0005964224,0.26233414,0
-170.83826,2.49817,55.303066,4.43738,-31.910757,2.7458248,-16.823029,2.7090275,8.89277,2.8060083,-5.907054,2.2560775,-5.946319,2.0867984,-15.2863245,2.2022622,0.38242373,2.3493078,18.552412,2.345004,28.823729,2.182555,12.9765415,2.4537907,-2.9593332,2.4852512,10.005071,2.4996793,-5.790803,1.9942052,11.690352,2.08411,-5.3900614,2.3932357,17.622177,2.4377654,13.233842,2.3696659,-6.133192,2.3261993,0.034346636,0.33605134,-0.039089058,0.705088,-0.023391053,0.42858943,-0.035254493,0.4355399,-0.03225445,0.48556516,0.019962946,0.40790817,0.03980816,0.32298994,0.047282908,0.3653676,0.016127193,0.4110979,0.010556369,0.39228547,-0.00012225463,0.39961934,-0.024037806,0.39883247,0.0018652164,0.40624166,0.03592836,0.38609856,0.021962667,0.30686575,0.02560273,0.27979517,-0.03214776,0.37148508,-0.0128425015,0.3985275,0.015122504,0.35279766,0.021625545,0.41379142,0.007857024,0.3251753,0.15566038,0.60774815,0.054569554,0.3471862,-0.03147079,0.3125555,-0.04126361,0.37927607,-0.032107912,0.3045733,-0.018027902,0.23910114,-0.019346246,0.27432102,-0.022309164,0.33331212,-0.026479168,0.3136661,-0.019795274,0.31432766,0.030260302,0.27233335,0.08158764,0.3899303,0.0734406,0.37248594,0.060381334,0.3114957,-0.025153656,0.23585474,-0.06921782,0.40559706,-0.057058077,0.27158174,0.0045452155,0.363823,-0.0011399975,0.27213657,0
-170.53754,2.6910412,54.81853,4.451693,-31.231462,2.487244,-16.767439,3.1951072,8.173042,2.9981644,-5.7404776,2.4870846,-4.9242916,2.0921905,-15.280994,2.1590753,-0.12936422,2.5866487,18.40423,2.4472659,29.173521,2.3506098,12.600776,1.9488683,-3.608722,2.0943403,9.785431,2.8668473,-5.3267193,2.289252,12.594787,2.087481,-5.2740393,2.1645432,16.824894,2.2469747,12.206262,2.4294183,-6.39414,2.145967,0.017411508,0.4523849,-0.030620987,0.8379341,-0.009122806,0.41492552,0.04806093,0.6072088,0.0036467002,0.5220221,-0.0077524073,0.45265368,0.02437274,0.31641048,-0.01703324,0.35326967,-0.052658234,0.44454947,-0.0027314406,0.33061484,0.056523424,0.48838627,0.0108860675,0.3273427,-0.025712203,0.40256482,-0.063738585,0.5153061,-0.040609244,0.39942002,0.03188714,0.31616548,0.0056304713,0.3233785,-0.026544599,0.3562323,-0.053125843,0.42676333,0.0063412185,0.29861423,0.02515176,0.32996488,0.18002616,0.6303535,0.05340278,0.37876922,-0.09339171,0.4755427,-0.071083255,0.33466944,-0.068279475,0.31425533,-0.00033824352,0.27727205,0.05313231,0.34083503,-0.0047373963,0.28400698,-0.06924647,0.4059815,-0.0704035,0.3233697,0.0106637,0.27093786,0.050228212,0.30251643,0.07787976,0.37212968,0.02516588,0.23432203,-0.03681767,0.24144147,-0.028736329,0.2692942,-0.064716354,0.3307951,-0.043173254,0.3264198,0.0056204246,0.25218543,0
-171.80066,2.8065784,55.750114,4.040584,-31.736692,2.7633266,-15.355269,2.2362986,8.247979,3.5510142,-8.30577,2.9290352,-5.094093,2.3104649,-13.938709,2.0093348,-3.9380836,1.9703437,14.575522,2.1575918,31.956512,2.1789353,18.353876,2.0312362,-1.5536165,2.5384166,10.354855,2.2170882,-8.599908,2.3052373,10.311394,1.9841497,-6.639631,2.3649256,16.363455,2.3873,12.962083,2.2502842,-3.3459911,2.3300388,0.017503943,0.44082722,-0.021898115,0.687244,0.068801075,0.46056414,0.030592475,0.3956962,-0.02389497,0.6205824,0.00059533486,0.44194102,0.049367778,0.39275768,0.023218114,0.3576906,-0.005738093,0.33149245,0.000823307,0.37792015,0.022061165,0.35850605,-0.0073688063,0.35199535,-0.037484586,0.39618984,0.022286944,0.3867831,-0.016329236,0.4550348,-0.037027285,0.3116749,-0.041517816,0.42523453,0.0037621737,0.35318944,0.011034529,0.426378,0.013016276,0.40314865,0.048045296,0.37757465,0.14526975,0.5248348,0.029777711,0.35340607,-0.04075151,0.32950503,-0.073664196,0.4208777,-0.059287246,0.37368405,-0.053978518,0.34048098,-0.013351719,0.2674939,-0.0022492656,0.284601,-0.0037212472,0.27255166,-0.030006373,0.34689805,-0.014991124,0.28674194,0.053782057,0.32990706,0.051818885,0.308155,0.016387334,0.31180063,-0.0088768,0.2569884,-0.028249495,0.29366174,-0.030724186,0.3282572,-0.012422588,0.3392206,-0.00033073747,0.3257942,0
-170.31607,2.844249,54.448776,4.183394,-30.619707,2.758136,-15.369751,2.2988675,7.40476,2.7028599,-6.2244234,2.4698925,-4.269617,1.9613408,-14.589132,2.1641047,-0.45312428,2.293486,18.829962,2.8689077,29.475906,2.1979504,11.818583,2.1878967,-3.4729092,2.166052,9.443776,3.000914,-4.8117366,1.8076909,12.571034,2.562317,-5.9807262,2.3211346,17.30042,2.6621559,12.192275,2.4694867,-6.159538,2.1355639,-0.024279103,0.422938,0.0249303,0.7662133,0.039155927,0.43638238,0.028024094,0.34849927,0.040661193,0.50986725,-0.02091343,0.38458124,-0.0017188825,0.30862892,-0.03250714,0.39251947,0.009830757,0.3731018,0.049817543,0.45803463,-0.016445482,0.28364623,-0.013969486,0.307735,-0.025251301,0.35313547,-0.061761577,0.5267572,0.013280278,0.27368554,-0.007933836,0.44314203,-0.0035701825,0.41098404,-0.009875674,0.4303072,-0.0048868507,0.4010894,-0.03609193,0.3201299,0.038058843,0.355588,0.16192201,0.5893899,0.050235037,0.39699686,-0.020405777,0.30634576,-0.044249058,0.3712121,-0.035236288,0.28337938,-0.023384519,0.28132942,0.000277726,0.27203017,-0.046326924,0.28693494,-0.06553621,0.39213935,-0.024080668,0.28296053,0.0027190153,0.28996715,0.030665087,0.29139107,0.03825001,0.35496303,-0.0048659807,0.25303826,-0.03136293,0.35950455,-0.028524049,0.27032307,-0.0587377,0.33113685,-0.027338391,0.3115444,-0.009881722,0.3194568,0
-170.08583,2.5325255,54.367786,4.1644654,-30.55697,3.2075171,-14.779397,2.395438,7.5174184,2.5642836,-6.0713825,2.3201962,-3.7687256,1.9416251,-15.552087,2.6416662,-0.4390745,2.5590208,18.894548,2.213473,28.85245,1.8119491,13.070083,2.2562175,-2.6250582,2.285485,8.543083,2.3720882,-5.207005,1.8368145,12.942803,2.1679308,-6.3172107,2.4883049,16.697159,2.3141017,13.036968,2.226735,-6.5700264,2.1492085,-0.023450097,0.34546766,-0.07433374,0.75939804,-0.007931166,0.507169,0.018447753,0.3838076,-0.013175169,0.396175,0.0061123846,0.41336,-0.004288347,0.28622246,-0.02749611,0.41750857,0.024869775,0.4195852,0.0043442277,0.35545728,0.008825553,0.2815798,-0.0009664756,0.35350603,-0.019133179,0.408067,0.052178755,0.40920466,0.019572327,0.30933154,0.012149701,0.38615546,0.036576066,0.39755532,-0.007308835,0.37325206,0.019134749,0.36946666,-0.0011104537,0.32408777,-0.0031864601,0.3243875,0.17307475,0.614022,0.07615232,0.44120255,-0.0049043894,0.29151076,-0.0052138823,0.2912495,-0.03866111,0.28321144,-0.009805762,0.22098503,-0.06573558,0.3032632,-0.08006379,0.4055613,-0.005350621,0.2683445,-0.0037187962,0.2224898,0.0021443923,0.2315196,0.009420613,0.29636782,0.027423514,0.2750541,0.028533882,0.28357592,-0.012114074,0.30288622,-0.04963026,0.2971136,-0.06444543,0.2926308,-0.03791444,0.28071773,-0.009738748,0.24667838,0
-169.92215,2.395535,53.315063,4.0828433,-30.289156,2.7688293,-13.928238,2.4708028,5.765442,2.7465687,-6.194893,2.5345669,-3.3588908,2.287672,-15.625641,2.0663803,-0.23817718,2.2699766,18.905691,2.2853491,29.222164,2.0368426,12.185872,2.0774994,-3.4341984,2.168753,9.489664,2.517453,-5.022152,2.0605109,13.443584,2.3675373,-6.9714584,2.5029733,17.238976,2.4490664,13.320252,2.201363,-6.431401,2.2566235,0.012178297,0.33112222,-0.03416069,0.77649844,-0.0070532174,0.5043983,0.026508436,0.34793514,0.011054021,0.48928285,0.029833281,0.39046913,0.01648591,0.35400665,0.013402817,0.33596247,0.004594764,0.43478572,-0.0021226488,0.35094425,0.009031532,0.28182888,0.012580091,0.3288438,0.031418443,0.3431034,0.022910707,0.39020124,-0.002376428,0.43152598,-0.04829815,0.35715157,-0.024421018,0.47255203,0.023278661,0.4532151,0.028834017,0.40121275,0.031218074,0.36161503,-0.0018469223,0.28938332,0.14629827,0.5106627,0.07859896,0.35847035,-0.013163527,0.33409795,-0.07727547,0.41164687,-0.037179258,0.29322702,-0.049112745,0.3250872,-0.027856387,0.2620166,-0.006017774,0.28895727,-0.026776722,0.2581246,-0.011590185,0.24575788,-0.019447884,0.25809735,0.011676534,0.26696914,0.05270277,0.33776262,0.03266594,0.3192869,-0.014242492,0.26846677,-0.014927912,0.29499006,-0.021436049,0.29144624,-0.034122467,0.24890183,-0.037224036,0.31600714,0
-170.13284,2.940605,52.56157,4.397819,-30.640999,3.076807,-14.265541,2.425032,5.9359694,2.923181,-6.0914054,2.5235615,-2.7468479,2.386595,-15.256088,2.1198359,-0.8003304,2.0836365,18.486212,2.0447083,28.404558,2.3363755,12.315809,2.0043378,-2.966719,2.5640402,9.42487,2.6656508,-4.6435404,2.3776548,13.1379385,2.289468,-6.9693,2.4511936,16.92152,2.5264735,13.468847,2.1528606,-7.1556087,2.0620499,0.05539505,0.5323369,-0.007291332,0.8511709,-0.04751297,0.55471313,-0.03378406,0.47141185,0.010415991,0.57234603,0.006014855,0.4119278,0.010856915,0.35687983,-0.020751987,0.32863805,-0.019981809,0.29651248,0.019737536,0.37657705,0.014617444,0.3320456,-0.0038296196,0.31896743,0.04714771,0.36103404,0.034093693,0.46523014,-0.009483277,0.41291454,0.007824089,0.3778989,-0.01120081,0.44187292,-0.018246586,0.44651005,0.006993602,0.36744645,0.023246845,0.35005337,0.009669992,0.31408265,0.15434867,0.5457298,0.070481606,0.34693855,-0.035051286,0.30920944,-0.056591768,0.37536606,-0.03771669,0.3243079,-0.028781645,0.29148257,-0.006534722,0.21429431,-0.02817294,0.26211798,-0.030082084,0.2580653,-0.03981796,0.31892467,-0.011491972,0.21212818,0.058723375,0.3622168,0.050180417,0.2891835,0.039651178,0.3255858,0.0037108494,0.28666285,-0.05798087,0.2837101,-0.03909416,0.3177495,-0.026636556,0.28849784,0.021650987,0.28214407,0
-170.2366,2.6717198,53.54451,3.738872,-29.850752,2.7734478,-13.916872,2.1824713,5.8971257,3.3785958,-6.8010883,2.2586758,-2.8691294,2.3162048,-14.928173,2.012363,-0.2304232,2.4755235,18.691473,2.463693,28.081385,2.314216,12.982487,2.1667683,-2.4509423,2.3796391,8.959685,2.5509145,-5.132976,2.167569,12.577736,2.2341087,-6.343779,2.2523625,17.299343,2.4763148,13.183885,2.0532153,-7.3941193,2.1221237,0.027838223,0.40231138,-0.04430815,0.70722014,-0.008693945,0.55378324,-0.013172929,0.38350868,-0.017499557,0.59320724,0.0008248953,0.40806162,-0.021427574,0.41743782,-0.016028311,0.36635467,0.011685189,0.3783851,0.0010070287,0.42437935,0.024382586,0.3827207,0.024810674,0.38166073,0.03682746,0.38334388,-0.014794909,0.3924226,-0.05717028,0.42817473,-0.01915193,0.3795059,0.053556304,0.3893645,0.01706582,0.50086737,-0.0031480538,0.3177431,-0.020480733,0.3539105,-0.011181568,0.27153754,0.11010978,0.41217166,0.04937072,0.34712562,-0.061735675,0.3265514,-0.11867871,0.5008705,-0.03734103,0.2757421,0.008356085,0.29576385,-0.022374488,0.25180563,-0.058130488,0.32913095,-0.047867645,0.28391108,-0.02749764,0.32635844,0.018182078,0.25265345,0.025929872,0.27200356,0.06959673,0.36097088,0.044305712,0.33082083,-0.026829403,0.31640315,-0.05705189,0.32407588,-0.056296848,0.27187493,-0.0053346846,0.24906927,0.014524906,0.30615363,0
-170.80385,2.7612815,53.537518,3.3660622,-30.225817,2.3362134,-14.760562,2.604247,6.666747,3.016312,-6.742566,2.914908,-3.2518842,2.0702555,-14.435787,2.1714916,-0.26489735,2.3974473,18.108,2.2655015,28.145744,2.3225567,12.98986,2.6216738,-2.455812,2.994811,9.334116,2.8207834,-5.1549096,2.2071605,13.070192,2.0169454,-6.053475,2.2297578,17.204702,2.552894,12.7585,1.9882427,-6.9976625,2.355885,0.031601086,0.44167337,0.017421305,0.61493474,-0.006025494,0.410836,-0.008534435,0.462082,0.047629308,0.55815727,0.023681398,0.55041564,0.0044899555,0.35797235,-0.0031643803,0.38165405,0.021256493,0.32434663,0.0038283197,0.35768864,-0.023924133,0.35346633,-0.009453176,0.45948178,0.0017148018,0.53054166,0.00029610854,0.45120466,0.01485986,0.34681645,-0.033422403,0.2482458,-0.010969677,0.35577634,-0.044267256,0.42334378,0.0026514549,0.29155147,-0.009386088,0.43003118,0.027470997,0.3263628,0.100162104,0.3947783,0.015907366,0.33336005,-0.051114213,0.3120116,-0.07193071,0.35896385,-0.040904198,0.36254045,-0.025906831,0.30667016,-0.00075605797,0.33870155,-0.0015422207,0.30368388,-0.05317844,0.3543451,-0.063870475,0.32692096,0.050787956,0.34421656,0.077150755,0.4066917,0.058227304,0.32920182,0.02658614,0.24765794,-0.023499856,0.22549817,-0.014135885,0.28041825,-0.04600827,0.31296644,-0.017310396,0.24022275,0.028104533,0.3375213,0
-171.99483,2.742639,53.997265,4.0947385,-29.438442,2.763648,-14.68906,2.4600418,6.786564,2.9886615,-6.7917933,2.6899471,-3.5412593,2.0256388,-13.797189,1.9754535,-0.019811925,2.1978028,17.973984,2.6359875,28.337229,2.6862125,12.60308,1.8930492,-2.6298866,2.911951,9.426681,2.4099696,-5.3889823,2.121538,12.9616585,2.333992,-6.044732,2.0023367,17.417747,2.3250108,11.8768425,2.109276,-6.7799945,1.9740785,0.014588963,0.37224784,0.015236253,0.77087575,-0.0001571582,0.5068945,-0.0032443046,0.4532272,0.033217855,0.51763964,0.046760853,0.43200853,0.011321244,0.34608245,-0.057711743,0.30113697,-0.0058159363,0.33918145,0.06737967,0.45503667,0.08136516,0.40993834,0.0028920046,0.3479282,-0.09171283,0.48572418,-0.048699886,0.41336235,0.00039533307,0.3708046,0.024765639,0.37478098,0.037207663,0.3212609,0.007037955,0.42773315,0.00248149,0.3636712,0.0071656154,0.28318515,0.038778782,0.35918367,0.15100943,0.5443144,0.03190769,0.3519693,-0.022240987,0.36169603,-0.06818183,0.39541787,-0.058231868,0.38643143,-0.0092123365,0.248519,0.008182274,0.2459255,0.003148554,0.2678342,-0.027628299,0.31908047,-0.044797394,0.34451038,0.006475952,0.252954,0.061603114,0.36366558,0.058639195,0.3094349,-0.0033546516,0.27061307,-0.0430818,0.2820398,-0.027279444,0.24192847,-0.026063442,0.27980226,-0.020940451,0.25846046,-0.029661754,0.26286453,0
-172.89688,2.726597,53.76124,3.7708366,-28.866533,2.8955503,-15.43868,2.1205902,7.0813007,2.5427475,-6.4580717,2.5446212,-4.288285,2.3721752,-13.18253,2.0745287,0.27883226,2.2335565,16.794426,1.9408641,28.581833,2.3908482,12.390039,2.119744,-3.5012019,2.4821303,9.914811,2.656524,-5.0357714,2.257511,12.676801,2.3373647,-6.0324993,2.4097009,17.485838,2.659055,12.611113,2.2855911,-6.389927,2.5160034,0.009527797,0.4542094,-0.02374864,0.6600927,-0.030842539,0.46752474,-0.0377306,0.35412937,0.0006793279,0.39466065,0.005077384,0.52242124,-0.03592588,0.3954613,-0.0218832,0.3954732,-0.0039673485,0.31298858,-0.0051311366,0.30237016,0.0022006622,0.43507174,-0.036994968,0.32397795,-0.017866822,0.50559866,0.03857396,0.46749157,0.02811276,0.4412662,-0.0037464031,0.3714748,-0.014410778,0.40643936,-0.03139437,0.47718927,0.025023295,0.3191905,0.01964303,0.5293908,0.03151279,0.33402133,0.13025667,0.49557817,0.050072163,0.3921282,-0.0006533531,0.26991215,-0.0137606915,0.32821706,-0.029807612,0.32802925,-0.03385047,0.30455306,-0.010538186,0.29223296,-0.004417073,0.28374362,-0.031605136,0.262781,-0.03441424,0.29903427,0.0042928304,0.28698123,0.041957837,0.32233286,0.05503232,0.362662,-0.003714422,0.31281275,-0.03781007,0.31229505,-0.04673522,0.34179568,-0.07508309,0.42215994,-0.02624058,0.30856174,0.00024845783,0.3778908,0
-172.59332,2.6613765,54.025593,3.3384516,-28.938934,2.281743,-15.879937,1.991805,7.7028656,2.293042,-5.951476,2.351741,-4.055169,2.5022955,-13.943168,2.1110754,-0.26125336,2.4176562,18.071875,2.3203757,28.297752,2.3901262,11.951219,2.1739366,-3.1646657,2.506699,10.280489,2.3681004,-4.109008,1.9932033,11.83134,2.3747203,-6.728507,2.3374338,17.061666,2.5039952,12.724317,2.4616113,-6.264086,2.2683992,-0.005787168,0.43401542,-0.055564735,0.5474949,-0.0057088174,0.3095427,0.01788392,0.39633366,-0.048791967,0.34928995,-0.061220523,0.46557373,-0.031229202,0.49863026,-0.0031465604,0.42650926,0.015673937,0.4072608,0.0017495633,0.3649183,-0.019772504,0.44399282,-0.012815275,0.3642898,-0.024795536,0.4466899,-0.01667563,0.3248895,0.02719199,0.2915371,0.025069108,0.3687244,0.014819743,0.38196617,0.0077582067,0.40724483,0.043995693,0.43137816,0.017303448,0.4297686,-0.00654764,0.32794508,0.12180578,0.5043814,0.027377294,0.27519128,-0.004615092,0.2622241,-0.038456634,0.33075646,-0.03390447,0.31607586,-0.04475082,0.30924597,-0.04021094,0.2923591,-0.033933435,0.3144326,-0.04888291,0.33548924,-0.044031247,0.3347696,0.008048767,0.25961787,0.055741355,0.36259088,0.06649776,0.38067436,0.02641196,0.29849282,-0.024915013,0.35077637,-0.046432313,0.30710885,-0.03879491,0.2879059,-0.04261986,0.31989318,-0.012228591,0.29486403,0
-171.7734,2.7337189,54.002045,2.9475532,-29.525076,2.5314748,-15.63,2.0944812,7.2260346,2.8034108,-6.313403,2.4119258,-3.878701,2.2615087,-13.859782,2.2850919,0.23024336,2.511175,18.105587,2.213277,27.834057,2.5338476,12.604665,2.40962,-3.248262,2.5740194,9.969926,2.8579304,-3.8990982,2.3224914,11.846323,2.397489,-6.37833,2.1827683,17.34914,2.3002853,12.996917,2.224232,-6.061949,2.3838997,0.015304822,0.41149494,-0.0076132626,0.5792942,0.022903351,0.45046553,-0.0072502713,0.33451545,-0.0192132,0.45490885,0.019738726,0.405672,-0.017151712,0.38394186,0.015769672,0.4321557,0.018471798,0.41480598,-0.027212685,0.3680238,-0.0063347635,0.40972042,-0.012099908,0.38809803,-0.034489978,0.4308372,0.020411635,0.51480436,0.031323887,0.4508358,-0.058996208,0.4113185,-0.039550185,0.39264706,0.029321175,0.41210365,0.012444358,0.29114482,0.003708058,0.34568036,0.016625576,0.34259766,0.099618085,0.36495572,0.033364665,0.34861737,-0.02347598,0.30287287,-0.09435068,0.4431266,-0.041799054,0.33294085,-0.034214444,0.32202277,-0.028678909,0.3144078,0.012620548,0.30616874,0.0098227095,0.2789223,-0.06906687,0.34159562,-0.038987815,0.35955122,0.06707243,0.35469943,0.087686345,0.4681243,0.034311414,0.3675001,-0.061828833,0.3052386,-0.04630955,0.2789476,-0.024400786,0.23798177,-0.008600137,0.26322737,0.016549153,0.2499721,0
-141.32393,3.5235682,35.138344,2.8952982,-22.284184,2.3684392,21.756746,2.6211386,-18.657917,2.5659788,34.22754,2.8479333,35.205173,2.4349217,-1.8885278,2.524041,21.18123,2.7086396,4.0920215,2.8614266,-5.4563966,2.9495525,8.795077,2.4726226,-26.037489,2.6823049,12.576639,2.6659987,6.6134925,2.5928066,10.424296,2.6969624,5.1851983,2.7353995,-4.509147,2.5904875,1.8614639,2.3672855,5.7555647,2.7959485,0.03142838,0.5830199,0.010133244,0.5274839,-0.026388116,0.39140326,0.01996666,0.45876393,0.015133528,0.40393883,0.008194199,0.5805785,0.016939553,0.36929262,0.02897296,0.48008162,-0.009421115,0.43628183,0.008230828,0.44118446,-0.01284735,0.4680233,-0.020218363,0.39189664,0.01780095,0.5055275,-0.02813695,0.44303128,0.008448981,0.44965148,0.0026227864,0.5085938,0.0047477246,0.40983316,0.028375901,0.5059582,-0.0023144498,0.37720916,-0.024134804,0.5051858,-0.08754506,0.476549,0.026399817,0.33472311,0.012289478,0.3298044,-0.016607117,0.31061956,-0.02789209,0.34461007,-0.025246348,0.37336695,-0.0060749925,0.29861686,0.050523054,0.35451552,0.06280904,0.43231437,0.020184683,0.41256806,-0.00071811216,0.39844424,0.0023616042,0.35323134,0.057757758,0.41712815,0.025257101,0.34148845,0.0005468882,0.34898424,-0.035457257,0.36867616,-0.042744968,0.35140523,0.018098563,0.37356588,-0.0033591215,0.31077546,0.0083856145,0.36287537,1
-141.79309,3.4711716,34.863625,2.721008,-21.773643,2.3775904,21.54309,3.048207,-18.948895,2.757463,34.47974,2.9976134,35.426968,2.6810675,-2.147954,2.5503974,20.48435,2.4649067,4.202345,2.8197327,-5.712773,2.4309149,8.893035,2.612525,-25.900995,2.3840802,12.339299,2.3937702,5.9470944,2.4401515,10.474863,2.628393,5.1482573,2.2853115,-4.8205132,2.8243933,1.8644086,2.4413567,6.3049617,2.4866881,0.00980675,0.5056254,-0.068068035,0.4744445,-0.011472869,0.41406664,-0.028061796,0.5629543,0.009606704,0.44837317,-0.047679305,0.53985184,-0.04902764,0.37394395,-0.025255876,0.4421358,0.018819982,0.35623038,0.01819329,0.46845403,0.03097507,0.3076943,0.00993703,0.35368216,-0.0033265792,0.43897322,-0.011861997,0.39993644,0.0029280644,0.40704387,-0.04674421,0.5006626,-0.025612358,0.40795994,-0.024814654,0.4485579,-0.026062803,0.36616257,-0.033461023,0.4882072,-0.08082892,0.47573513,-0.002368111,0.3119895,-0.00097149704,0.34752893,0.017580437,0.3961132,-0.004381207,0.37671307,0.0058144745,0.3692152,-0.0019858608,0.36419883,0.020808836,0.4044682,-0.039001662,0.35676578,-0.02239474,0.37715277,0.011475594,0.31861806,0.010164914,0.35512462,-0.035618596,0.35343528,-0.016249945,0.3495257,-0.007090741,0.3136447,-0.023704426,0.37548313,-0.00395308,0.30679968,-0.0073588775,0.37198204,0.015580484,0.2959453,0.014061665,0.35362482,1
-142.03642,4.1205935,34.499813,2.5703526,-21.920969,2.2934835,21.074366,2.4929585,-18.81482,2.5462573,33.892525,2.8407958,34.753822,2.4957104,-1.3366902,2.2896607,21.663551,2.4535642,4.1944194,2.779947,-6.197322,2.5828178,8.6930485,2.6614387,-26.256527,3.0564487,12.166519,2.4264855,5.8835917,2.4127023,9.839586,2.6963785,5.943873,2.7640345,-3.6539526,2.6058562,1.9911056,2.351193,6.156193,2.4470763,0.025790684,0.7183471,-0.04289822,0.42533383,0.021142997,0.3663522,-0.028380197,0.39902657,0.007679488,0.40900874,-0.011443906,0.5084474,0.008041155,0.35922763,0.05968669,0.47368115,0.02535122,0.44861972,0.00052698207,0.48656797,-0.010045185,0.43961272,0.028776377,0.43599814,0.039067633,0.64573103,-0.037082493,0.4653672,-0.03800186,0.4122973,-0.01035753,0.5243278,0.000116010815,0.44339868,0.02438338,0.46894547,0.007871744,0.391801,-0.007153779,0.4194658,-0.093982674,0.50589776,-0.0046016723,0.39829746,-0.029441282,0.3219438,-0.042133845,0.3270248,-0.00967571,0.37979594,0.014156802,0.42156342,-0.0064557637,0.37670407,-0.012409418,0.32275915,-0.004951877,0.2984994,0.01789659,0.3602764,0.024684448,0.34940383,0.019089695,0.31984118,0.02338573,0.45960718,0.015311792,0.3511061,-0.005068781,0.29117978,-0.019078894,0.3974934,-0.019890724,0.4141361,0.015138507,0.3425299,0.022907544,0.33091232,0.023171898,0.34597385,1
-143.9725,3.6823816,34.59599,2.4938993,-21.133852,2.5296552,21.127945,2.935535,-20.036459,2.692619,32.158268,3.2251344,35.31546,2.0835233,0.21253619,2.5773826,20.64728,2.2603862,3.489447,2.992351,-6.7222123,2.8354197,10.478067,2.8121583,-22.349594,2.5308661,13.519109,2.432271,4.707557,2.6570075,6.5371304,2.5443072,5.769849,2.458366,-1.2667267,2.421508,1.0533296,2.063933,3.7410507,2.1933508,0.0041968417,0.64929426,-0.02744118,0.37141937,0.008617715,0.4907313,0.045684747,0.5363203,0.047972452,0.40532687,-0.005368262,0.6373766,-0.02559594,0.3496136,0.010040419,0.56619006,-0.012424382,0.38362628,0.015084865,0.5812925,0.013318461,0.50891453,0.031610608,0.47946405,0.02258754,0.43234637,0.025377622,0.37908787,-0.0109193,0.44816884,-0.023857802,0.3849205,0.00485175,0.3647205,-0.019205883,0.39659682,-0.012408937,0.30875605,-0.006683762,0.36029235,-0.08393861,0.42157003,0.0074403314,0.30655846,0.019511791,0.3209131,-0.022067172,0.3783911,0.0147003485,0.33288306,0.008117833,0.39503816,-0.008536898,0.24865954,0.009125172,0.35004115,-0.014853778,0.27100727,-0.021473696,0.4091212,-0.054082733,0.3758951,-0.026826577,0.39642432,0.025774706,0.33035764,0.014182661,0.30583555,0.0009150698,0.2993546,-0.014241843,0.30602583,-0.034755897,0.3298612,-0.033122122,0.32548797,-0.00065678195,0.27725953,-0.009701274,0.28969368,1
-143.34932,4.764725,35.073242,2.6616771,-21.145073,2.759659,21.513315,2.7953012,-20.050213,2.3219402,31.364548,2.571991,35.04411,2.2946284,0.4200933,2.2960017,21.145678,2.7278519,3.970164,2.3750906,-7.006738,2.5732398,10.219717,2.9018137,-22.552757,2.4900851,13.465755,2.642271,4.2434573,2.6882226,6.2189255,2.486592,6.2437997,2.5911727,-0.80330235,2.58596,1.5047755,2.660194,4.4648657,2.476969,0.087560944,0.89986026,0.031843226,0.4033803,0.006832084,0.46625134,-0.010865595,0.4556057,-0.027393699,0.35584444,-0.031819604,0.4619806,-0.0073417975,0.3909858,-0.03902533,0.45436522,-0.03713034,0.48866713,0.0046358164,0.37668926,-0.0033710897,0.45326084,-0.022399152,0.4068132,-0.030249922,0.45578912,0.032992873,0.42593968,-0.0022362415,0.51072264,0.018432204,0.4624094,0.03863841,0.41376317,0.0007307034,0.41523516,-0.020880274,0.45864922,0.012969592,0.4333815,-0.120687366,0.6064586,0.06163367,0.36681756,0.01100211,0.37614855,0.030613247,0.36815464,-0.02525702,0.32455337,-0.003546476,0.3299258,0.004020197,0.34788987,-0.027536282,0.3160296,0.014595457,0.37829542,-0.00072569115,0.3295145,-0.01201786,0.39677078,-0.017229004,0.41165993,0.014719197,0.31737173,0.02531551,0.3330907,0.0062997816,0.3224037,-0.009756327,0.33864683,-0.017427968,0.31686792,0.014029822,0.34555838,-0.04268669,0.38090214,-0.03966457,0.3640015,1
-143.26927,3.3157866,34.73835,2.6940458,-21.104914,2.4948936,21.24384,3.1329377,-20.471218,2.1678946,30.869463,3.0930455,34.886356,2.4028952,0.16622104,2.2701223,21.187061,2.710455,3.9502676,2.5337996,-6.8051133,2.6316884,10.360558,2.6740825,-22.305847,2.59881,13.6636095,2.4862316,4.234009,2.313585,5.6739087,2.6821096,5.54921,2.6065986,-0.5583055,2.489118,1.8438809,2.7686372,4.511216,2.7051458,0.0045714746,0.54940337,-0.028511979,0.42536387,-0.05001554,0.44566348,0.009235844,0.5944873,0.013247179,0.34577137,0.06468601,0.7093887,0.052612077,0.38989508,-0.010241917,0.42222163,-0.017633874,0.5146823,-0.0011124602,0.39878324,-0.023048311,0.3658401,-0.009399819,0.35768312,0.052255057,0.427734,-0.009089741,0.4617741,-0.033599034,0.39562914,0.011353841,0.47572547,0.004266992,0.3961885,-0.02656136,0.36138234,-0.0127013335,0.40397927,0.021910243,0.4482836,-0.08516587,0.42966175,0.06983406,0.38259444,0.011235209,0.32461363,-0.058989774,0.4091202,-0.027320076,0.2984773,-0.021489337,0.36574104,-0.025738643,0.30383334,-0.027799109,0.31208825,-0.007884665,0.4072861,0.016156426,0.34132594,0.0054540266,0.3545723,-0.010610582,0.37066126,0.0030477112,0.35211402,-0.010091157,0.34689137,0.024865765,0.31259206,0.02155371,0.30919564,-0.021240806,0.28361967,-0.04359897,0.29302973,0.012756168,0.3013081,-0.02173269,0.33900467,1
-143.2797,3.9737864,35.08603,2.9030933,-21.042627,2.6108809,21.427767,3.0789993,-20.550474,2.6289802,31.253113,2.958327,34.84405,2.1239693,-0.018579733,2.347246,21.276878,2.738364,4.102673,2.3366463,-6.5887904,2.607192,10.495768,2.591247,-22.65788,2.6458125,13.211677,2.394392,4.0559177,2.0512972,5.894171,2.4770682,6.2922597,2.6143522,-0.36256245,2.9420552,1.3265376,2.5159273,4.668319,2.7640057,0.036533397,0.6065851,0.038260344,0.49297738,0.0030890505,0.48819014,-0.034052283,0.54155,-0.013039435,0.46301243,0.02263159,0.5059243,-0.019082436,0.33375728,-0.043447774,0.45016292,-0.019467486,0.44001552,0.0050472813,0.37993956,-0.0074238107,0.37913585,-0.0012607183,0.37177274,0.036662925,0.4421016,0.003180833,0.41133463,0.00584415,0.33375904,0.025507564,0.4326136,-0.008007041,0.43175927,-0.039847374,0.40607685,-0.035413723,0.3925561,-0.036260985,0.52281773,-0.124812804,0.63303435,0.05003758,0.3457431,-0.027782176,0.34792256,0.002747665,0.36847734,0.009080197,0.3567931,0.034207698,0.39433327,0.0122934235,0.2607455,-0.005398422,0.342302,-0.011687552,0.43057334,-0.022230437,0.31083873,-0.020114986,0.38457447,-0.021155307,0.33792612,-0.0063535264,0.33796498,0.011768627,0.33190182,-0.00578327,0.25533646,-0.014837554,0.32894608,0.014261796,0.3668009,0.045099128,0.42069292,-0.00630007,0.31948835,-0.022947097,0.36941186,1
-142.72096,3.1717498,35.006596,2.560389,-21.385773,2.7563524,21.393766,2.9533346,-20.524725,2.8822787,31.148376,2.7045588,35.04048,2.759837,0.17844205,2.285121,20.89386,2.3683293,4.5148797,2.527426,-6.425805,2.6732879,10.312637,2.8764713,-22.785706,2.9774282,13.134961,2.062857,3.924182,2.278165,6.082927,2.3251128,6.4228454,2.4256606,-0.626235,2.4612653,1.1186991,2.5789533,4.418206,2.260573,-0.046826426,0.57104176,-0.037271,0.44760987,-0.0024083834,0.5218345,0.08100288,0.63751197,0.011356893,0.42899573,0.023367805,0.40010267,0.021928772,0.4455159,0.039218605,0.46582392,0.008362919,0.41130894,0.009252285,0.36237684,0.009904112,0.3716694,-0.035626,0.43033832,-0.03411172,0.56927985,-0.029036665,0.24749051,-0.012143346,0.44338113,0.016122414,0.4432124,0.0041492814,0.37904647,0.011976645,0.3723492,0.0121671185,0.37269685,0.051996734,0.35321343,-0.07353968,0.3829587,0.024596192,0.27281588,0.032909755,0.391671,-0.0117440075,0.33772117,-0.026362985,0.4589944,-0.021977704,0.3926865,-0.023185829,0.34809697,-0.025692567,0.32727447,0.0052518235,0.35121274,0.02503775,0.36149567,0.007033878,0.40475944,-0.0055135507,0.41598082,-0.02421138,0.39882097,0.011053492,0.28715944,0.0056956857,0.3289427,-0.004967828,0.3083299,-0.029273115,0.33384034,0.034457486,0.28020483,-0.015292671,0.3040348,-0.00228036,0.2595869,1
-143.3733,4.5679092,34.772274,2.642019,-21.828915,2.307817,21.197435,2.3926597,-20.158482,2.5272112,31.99807,3.093279,34.88919,2.381704,0.056172416,2.4151738,21.062735,2.2550955,4.068891,2.5352254,-6.6579185,2.6505053,10.898103,2.6336274,-22.424332,2.6118,13.552669,2.0644016,3.8762681,1.883451,6.6034966,2.3121803,6.4664383,2.4669302,-0.5097359,2.571795,0.59856963,2.6238682,4.0886235,2.5262575,0.069641925,0.7727852,0.015923126,0.4099853,0.039702777,0.476131,-0.0371409,0.42370775,0.005281883,0.34951922,-0.017019067,0.43167734,-0.011705841,0.29490834,0.030247783,0.48078987,0.014208086,0.3492618,0.025541453,0.33398956,0.010261686,0.34290144,-0.01461973,0.34513134,0.03979774,0.51335615,0.0036256176,0.35487357,-0.024544708,0.33367598,-0.05803395,0.4348481,0.0021659154,0.43138784,-0.038227566,0.33578452,-0.051442266,0.40041494,-0.0502434,0.49409708,-0.10201186,0.45256504,0.07179625,0.34270707,0.0048416853,0.30567697,-0.034198277,0.33250535,-0.0236754,0.3765124,-0.009507347,0.40472025,-0.00885882,0.3675958,0.015684322,0.32300165,-0.019257132,0.35972285,-0.001970328,0.37783748,0.0040852814,0.3651161,0.02402496,0.3446098,0.014116261,0.31192216,0.0014466745,0.31922132,0.025906257,0.30211198,-0.0031770377,0.32102442,-0.025244085,0.2994699,-0.0013260581,0.29104495,0.023566153,0.31818965,0.011604443,0.30423388,1
-142.8531,3.8818624,34.208668,2.7601693,-21.06534,2.5438364,21.479637,3.0256367,-20.106472,2.8742874,31.665295,2.501361,35.349075,2.5192237,-0.0359212,2.3760626,20.400814,2.571981,3.8000755,3.031509,-6.302399,2.996884,10.611119,2.6569788,-22.424133,2.7002838,13.19179,2.675549,4.245424,2.4109843,6.4161177,2.7111785,6.6391144,2.1325903,-0.46368346,2.3376179,0.72123444,2.5283768,3.8183124,2.5185666,0.033371624,0.6865821,0.040557742,0.4568237,0.024165956,0.47925907,0.04469721,0.5103698,0.027882088,0.46008986,-0.022565663,0.3922103,-0.024315014,0.41216034,-0.016492736,0.44744828,-0.0071068984,0.43411028,0.0047149807,0.5493782,-0.001970988,0.5104065,0.016412765,0.42915618,-0.010574127,0.48153833,0.0014675709,0.47672805,0.016922887,0.38759688,0.0031706956,0.49981117,-0.01747043,0.31124073,0.0038753194,0.31220853,0.027815219,0.41662183,-0.012220761,0.40442115,-0.08233,0.45161605,0.025581433,0.36799726,0.0043947753,0.35136002,-0.015686374,0.4329865,-0.005200375,0.3770344,-0.010042527,0.32862824,-0.029984154,0.33114728,-0.0036415108,0.36164674,0.008687472,0.32743648,-0.04764677,0.37266916,-0.042729717,0.38441685,-0.050400637,0.36633265,0.035292618,0.33406156,0.00326086,0.43640053,-0.0081374245,0.29090875,-0.012591785,0.4172094,0.032549422,0.27615225,0.004461304,0.3178405,-0.028822599,0.3097697,0.021774853,0.26328313,1
-143.5067,4.5515776,34.89112,2.5523515,-21.613993,2.3263156,21.462624,2.6768935,-20.266266,2.650921,31.967615,2.6581883,35.434616,2.3507402,-0.07685548,2.3542318,21.1255,2.452952,3.9673772,2.7435338,-6.5824356,2.7307606,10.662177,2.3803566,-22.27973,2.9322724,13.483451,2.2679298,3.9471111,2.4904692,6.0454054,2.8301158,6.4097233,2.5575984,-0.49297738,2.291467,0.60415375,2.4804842,3.7028668,2.442316,0.03301753,0.6619137,0.026403097,0.41479892,-0.0070587876,0.45868796,-0.040663365,0.47575748,0.019116594,0.45347533,0.057142343,0.49171543,0.03188301,0.4442431,-0.0061288304,0.4397484,0.027053101,0.39516476,-0.04737554,0.46761093,-0.0060253693,0.39550382,-0.009383505,0.32620367,0.012529767,0.52859265,-0.0021880218,0.33672345,0.040116742,0.4547875,-0.0057912557,0.53952676,0.008749276,0.36826444,-0.022634024,0.31568325,0.0001540074,0.41826722,0.011053322,0.43976098,-0.15152384,0.6740592,0.04821311,0.32461268,0.012881865,0.34577844,-0.0024900967,0.3859949,-0.011255258,0.34225184,0.025765093,0.34587765,0.010184812,0.2898168,0.0008832913,0.302417,0.0009647076,0.3518604,0.010946105,0.34207186,0.015618158,0.37581038,0.016614145,0.31920478,0.014391221,0.46972343,0.03403065,0.3360688,0.01817732,0.3264392,-0.004800594,0.36294955,-0.06313563,0.3485419,-0.02807678,0.28537816,-0.027833397,0.34314933,-0.0035574446,0.309144,1
-143.10696,3.4228947,35.30081,2.424011,-21.017256,2.5910075,21.166828,2.889627,-20.547852,2.3033016,31.16928,2.4957674,34.737797,2.587538,0.27423137,2.2066176,21.491358,2.8205295,4.1298985,2.8104272,-6.71775,2.9364629,10.623253,2.7966952,-22.282637,2.501384,13.5285,2.5284443,3.8520105,2.2856116,5.28368,2.7078226,6.010636,2.6148047,-0.034553807,2.445503,1.370959,2.5880544,4.5066566,2.4167738,0.004070744,0.6620619,-0.0127889635,0.394902,0.028087834,0.48662534,0.043614544,0.50129837,0.045936994,0.3609678,0.030696524,0.456248,-0.02160603,0.38766754,-0.022190312,0.40095365,0.025014834,0.48492458,-0.009490835,0.5821748,-0.047875363,0.48450089,-0.034096424,0.4332567,0.0154940495,0.4280213,-0.020886905,0.41489503,0.013456532,0.34232476,0.009082906,0.47339952,0.03759059,0.46912724,-0.019181494,0.37459266,-0.0056072418,0.43375817,-0.016413081,0.4206252,-0.068033695,0.43087506,0.030864187,0.32840732,0.019767381,0.3655621,-0.024628386,0.30491015,-0.0115579665,0.3224958,-0.02151826,0.35088935,0.022027059,0.3629864,0.037824553,0.30017444,-0.0025238623,0.34635997,-0.039795097,0.3947904,-0.04330219,0.39757738,-0.02687657,0.39016312,-0.017797014,0.40146202,-0.021674644,0.3805186,-0.044054493,0.31770545,-0.028518507,0.34543788,0.008751958,0.35300413,0.023364054,0.31699163,0.01702586,0.31802872,-0.0038521895,0.27209082,1
-143.8926,3.9113092,34.753525,3.2545476,-21.342123,2.3527105,21.761442,2.5648062,-20.268785,2.8010972,31.768055,2.8387463,35.19977,2.3693962,0.20466669,2.4387224,20.737118,2.8110158,3.7528133,2.7293534,-6.9965997,2.7882273,10.496225,2.6834512,-21.761028,2.7119176,13.922797,2.8105876,4.20784,2.368382,6.0408916,2.6289105,6.485488,2.2943141,-0.4203263,2.4330406,0.5174943,1.9535657,3.9325624,2.1095834,0.03874025,0.6121929,0.0013673636,0.471627,-0.0009736758,0.44217286,-0.0082719,0.49867845,0.020874526,0.5177147,-0.0052962815,0.5119178,0.004707799,0.39801827,0.021699026,0.49443164,0.044309195,0.5813865,-0.03485451,0.49512768,-0.043733716,0.48804337,-0.0053319638,0.34157333,0.05334206,0.48722735,0.033928867,0.51591074,0.030501379,0.40796998,-0.015953926,0.45278955,0.010286611,0.38661656,0.038960718,0.41689938,0.022542022,0.30644786,0.001825599,0.3964819,-0.12209777,0.5376406,0.06552973,0.4185547,0.010738818,0.29094335,-0.0018393613,0.27923605,-0.017668718,0.36303908,0.0019267307,0.33790487,-0.01447337,0.2823272,0.008978584,0.3904004,0.021163573,0.40994114,0.008813625,0.35908467,0.020201966,0.37058294,0.0065118563,0.37134174,-0.003762159,0.3574814,-0.01802586,0.32982808,-0.003563272,0.27574727,-0.0029908905,0.34164637,-0.0013384488,0.25282258,0.0019675402,0.3286171,-0.0231667,0.26437342,-0.003970005,0.27955604,1
-141.58824,4.1180673,34.61729,2.5321558,-22.391302,2.37037,21.365572,2.5355759,-19.040016,3.0502713,33.26719,2.7823472,35.03311,2.577662,-0.61428106,2.1357238,21.450882,2.2957437,4.104772,2.639449,-5.491338,2.768078,8.513407,2.3199892,-26.394285,2.6802707,11.786044,2.478239,6.170365,2.6723056,9.83706,2.4580054,5.20347,2.6519184,-4.0292416,2.3751993,2.777986,2.300645,6.0725245,2.0738757,-0.013166457,0.7471716,0.031631317,0.4608091,-0.04691631,0.40766248,-0.020369962,0.48608494,-0.040769942,0.50831324,0.03573291,0.4498951,-0.004237421,0.38716185,-0.0019264767,0.38460594,0.00012481396,0.3980777,0.04019248,0.5002047,0.03530404,0.4419341,-4.656819e-05,0.3665279,-0.02753581,0.5037576,0.023526795,0.4004281,0.07568816,0.52178794,-0.014473673,0.41192016,-0.016894965,0.4789339,-0.011674591,0.41248786,-0.02769911,0.37654632,0.004283592,0.35917586,-0.084620975,0.45886588,0.04038182,0.32725334,-0.0049045132,0.33250594,-0.036889836,0.32594734,-0.041427016,0.37286142,0.015827145,0.39182514,0.007970693,0.40530556,0.014320159,0.31229186,-0.00831973,0.33502254,-0.015692234,0.38297457,-0.042630143,0.38668576,0.008632034,0.32074675,0.009917049,0.37913027,0.03305527,0.33076617,0.0048427703,0.35592037,-0.023181992,0.35084265,-0.022271274,0.3513419,0.019460935,0.26119113,0.0012180273,0.27337414,-0.023602843,0.25123084,1
-143.54176,3.3463867,34.339836,2.2797177,-21.505577,2.4849608,21.389563,2.7203627,-19.918045,2.6886039,31.453915,2.402036,35.13511,2.418413,0.3568955,2.340596,21.039642,2.5140433,4.014825,2.2719405,-7.0637827,2.53309,10.3944645,2.4760609,-21.755104,2.470957,13.950318,2.0867295,3.6742947,2.4331048,6.222572,2.5094674,6.8143787,2.443257,-0.32496178,2.632543,0.39180955,2.6684597,4.126421,2.5787199,0.034634657,0.50945324,0.019673688,0.33871493,0.014717711,0.46860883,0.02108831,0.507307,-0.022372067,0.45170876,0.010581709,0.38179997,0.0067785173,0.4011522,-0.0030051782,0.43633524,-0.016541373,0.46132588,-0.014798114,0.33710998,0.01711953,0.41898268,0.010351951,0.33136505,-0.0034323619,0.44784945,0.018228147,0.34563348,-0.012342083,0.45665133,-0.016220838,0.46205023,-0.02910046,0.43244168,0.00822963,0.46412915,0.0057431962,0.43422684,-0.021819111,0.48068064,-0.04435027,0.34231043,-0.006066588,0.27874556,-0.019800896,0.33202615,-0.013823164,0.3281417,0.016106887,0.3812371,-0.027308578,0.30327302,-0.009406803,0.31985238,0.009039369,0.30414134,-0.027362186,0.34348387,-0.0035217267,0.30162388,0.0047348477,0.3355052,0.0041060667,0.3431244,0.039547592,0.36463356,0.040361762,0.2883447,0.01578908,0.3319554,-0.028043622,0.36918655,-0.04176682,0.33043802,-0.02674292,0.30409455,-0.022166902,0.31893614,-0.025457561,0.34315538,1
-143.55959,4.147693,34.925037,3.1288018,-20.999163,2.7664995,21.353497,2.8943193,-20.37505,2.551327,31.188786,2.7826514,34.62817,2.484263,0.17433283,2.3016744,21.355352,2.5688753,4.02034,2.7498007,-6.722498,2.762047,10.647215,2.6929114,-21.919125,2.3583484,13.313804,2.4435596,3.8886745,2.2610998,5.9069467,2.5489762,6.209438,2.7646685,-0.27963746,2.2942798,0.6843946,2.28229,4.4885054,2.411978,0.085704096,0.8259968,-0.010129506,0.4525195,0.00286943,0.5842312,-0.04371197,0.54673856,-0.030058296,0.39470056,0.00029125946,0.50021833,0.024782432,0.3995802,0.011011818,0.447973,0.0053609167,0.47711617,0.058357753,0.4674337,0.032380946,0.4734206,0.0053051435,0.38081804,-0.029772691,0.4263144,-0.03989756,0.39195207,0.0034673705,0.36451042,0.015464772,0.44277334,0.0012345241,0.49393684,-0.019349227,0.29504842,0.03183109,0.39658752,-0.0028549943,0.37524366,-0.106002115,0.42608714,0.09092752,0.512953,0.025061546,0.31475565,-0.039235767,0.4045234,-0.05898902,0.3631512,-0.00602786,0.3559945,0.040876515,0.33672595,0.036275364,0.33885685,-0.019897329,0.37596416,-0.014737541,0.32829082,0.012005368,0.3548522,0.002308373,0.35404646,-0.013065124,0.33282694,-0.0093256235,0.35424572,0.027322827,0.30731592,0.014299124,0.32781833,-0.030766843,0.36479908,-0.0059696254,0.29945636,0.006034745,0.29854807,0.010099785,0.2944194,1
-143.57698,3.6804848,34.61855,2.610432,-21.535927,2.5129793,21.617552,2.034447,-19.909258,2.5506692,31.91431,2.7232494,34.876053,2.5716782,0.15589568,2.6350093,20.662035,2.6257088,3.689625,2.806294,-7.214557,2.5935693,10.503151,2.9536924,-21.692501,2.5490973,14.543021,2.274766,4.104067,2.4395585,5.98608,2.4365969,6.4904437,2.566481,0.0020761637,2.643199,0.3689546,2.3293908,3.875112,2.2223122,0.064286485,0.5209991,0.016772537,0.40027958,0.006794681,0.42437467,-0.027674668,0.41785,0.0013477334,0.34282318,0.024979744,0.4575368,0.015327402,0.45013547,0.022792824,0.5106696,-0.024375644,0.43143785,0.025225336,0.45175448,0.02024417,0.3650833,-0.009617361,0.42857793,-0.0074630757,0.3857345,0.0034913174,0.4114291,-0.008778073,0.41449496,0.0066807135,0.46955392,0.037659653,0.36990887,-0.0038132933,0.38949612,0.001287259,0.34178832,0.009727836,0.33166933,-0.11159778,0.5355743,-0.018438095,0.29039556,-0.006553841,0.37693173,0.014533113,0.24792588,-0.022567283,0.3213789,-0.024711492,0.33724073,-6.238314e-05,0.27561355,0.009261955,0.34768826,0.0008226211,0.3738119,-0.004532838,0.43112546,-0.012675797,0.3885503,0.0004943407,0.43241853,0.04662327,0.4355112,0.02096884,0.3213488,-0.038865633,0.29923356,-0.034678064,0.40055126,-0.029324573,0.31068003,-0.010110747,0.2850502,0.0041840975,0.24272752,0.004177437,0.29238763,1
-143.56631,3.9339366,34.80324,2.6465552,-21.374128,2.4266365,21.762644,2.554893,-20.461609,2.8363438,31.482985,2.7339208,35.13914,2.6654146,0.10216977,2.3413363,21.061092,2.6616514,4.027733,2.7356439,-6.7500696,2.7620723,10.54615,2.8095083,-22.02885,2.5500882,13.6329155,2.5889547,3.8594823,2.2869616,6.142703,2.8521626,6.738219,2.2704587,-0.1560007,2.5194042,0.44299322,2.184931,4.0408607,2.6537952,0.07879066,0.74912375,-0.013894259,0.47750726,-0.050974984,0.5089921,-0.063767105,0.4770621,-0.012513002,0.4404897,0.011231604,0.44497865,-0.012271617,0.4521446,0.00015690876,0.38611197,0.033009242,0.38375214,0.047254667,0.4616486,0.027849352,0.44976705,0.027557904,0.45192572,-0.022770965,0.43556303,0.026790937,0.4655218,0.03455452,0.34759924,-0.0048086643,0.52812564,0.017216258,0.34145287,-0.0035661766,0.35725942,0.0064174132,0.30699027,0.008201757,0.4174202,-0.09319793,0.44710374,0.057387464,0.35636082,-0.0003949312,0.32138047,-0.024405565,0.33000776,-0.03829029,0.3571756,-0.01613379,0.3427936,0.0006892796,0.3786528,0.0016974263,0.29991207,-0.020678202,0.39291796,-0.012909493,0.36508486,-0.008354609,0.34689197,-0.0023651563,0.42300555,0.032531857,0.32985133,-0.022315348,0.36702797,0.02635308,0.2808237,0.014860682,0.38095644,0.021267157,0.28522575,-0.022627853,0.3051699,-0.02411406,0.28877133,-0.02464109,0.2933731,1
-143.19574,3.7650533,34.552547,2.4696982,-21.735495,2.6336148,21.364372,2.6313343,-20.249573,2.4577062,31.79873,2.8050563,35.276245,2.4709249,0.034979306,2.1571805,20.75448,2.631701,3.887348,2.602665,-6.7990866,2.997375,10.551845,2.5050657,-21.52827,2.571363,14.049652,2.4452827,3.5932665,2.3354244,5.6117463,2.527417,6.7247424,2.311232,-0.00574646,2.7034721,0.6769724,2.2863114,3.825115,2.0840108,0.047268894,0.57563984,-0.003509617,0.3889754,0.0149468845,0.47313136,-0.01431763,0.44195688,0.012507794,0.40891182,-0.0033700604,0.47347495,0.023918362,0.4316917,0.034735907,0.37174493,0.004724707,0.4801525,0.023873061,0.40745044,-0.030495446,0.55659026,0.015177606,0.3075266,0.0036185156,0.42630515,-0.015754802,0.42458275,-0.018477947,0.4286792,0.014246674,0.40141594,0.012010435,0.357051,-0.048024304,0.4420001,-0.019861953,0.34243044,-0.032012857,0.36312333,-0.09302796,0.47880974,-0.0143678095,0.31516835,-0.009438289,0.34891024,-0.01054083,0.3556806,-0.003645256,0.33321992,-0.036038127,0.36347258,-0.015461725,0.2864567,0.010082251,0.2689358,-0.0033428294,0.38635892,0.019611828,0.34269023,-0.017595775,0.40779468,-0.009112734,0.33986005,0.02091488,0.3495878,0.020638932,0.33173785,-0.020277578,0.31513608,-0.021679051,0.3432795,-0.02538057,0.28799337,0.027265053,0.352451,0.026396105,0.2968984,-0.008918982,0.2698764,1
-143.65646,3.4077008,34.820755,2.6406436,-21.512838,2.7652352,21.613379,2.2185493,-20.604294,2.712499,31.751465,2.7766948,34.752483,2.2872036,0.06758849,2.2134488,21.191488,2.4355946,3.9202616,2.4400306,-7.2286844,2.7206724,10.622022,2.7845669,-21.82909,2.7628682,13.996711,2.5944414,4.0168524,2.1689725,5.417722,2.439538,6.613388,2.3510082,0.13236901,2.3488748,0.49093705,2.458561,3.9677584,2.674338,0.00070746493,0.49100488,-0.00401739,0.41202402,0.04515158,0.551025,0.0029134236,0.3965251,-0.032529373,0.51099396,-0.047113713,0.5047546,-0.021291245,0.3494804,-0.0030238656,0.42510495,0.0036366903,0.43034452,-0.003657695,0.36781254,0.018939184,0.40006208,0.029790618,0.39932913,0.0010639997,0.46406943,-0.018662266,0.43287528,-0.009076301,0.3271895,-0.00524961,0.4217662,0.030401856,0.37835148,-0.0052875318,0.38467473,0.02049543,0.3993647,0.013589764,0.4196685,-0.09200739,0.43863523,0.013239771,0.28700835,-0.0067537427,0.37186757,-0.014548646,0.31448004,-0.022138434,0.405616,-0.01107915,0.33790678,0.028285114,0.29455078,0.0026988196,0.30967236,-0.035422426,0.36022884,-0.008024998,0.33805698,-0.0015494814,0.3505958,0.0034428963,0.375351,-0.019104756,0.34540913,-0.0084501505,0.3645429,0.00396701,0.2949717,-0.0031013864,0.33820307,-0.014685999,0.29490814,-0.016001953,0.30087808,-0.02154329,0.32539138,-0.00349236,0.33332595,1
-143.70204,3.8663538,34.37989,2.6418025,-21.68526,2.6948335,21.358316,2.7478201,-20.054106,2.8293388,31.689758,2.8342671,35.264633,2.428966,0.055373363,2.1527832,20.95356,2.913292,3.5630445,2.4659739,-6.8590455,3.1543674,10.853786,2.7013154,-21.4564,2.5723581,14.111049,2.4811244,4.1446404,2.3892868,5.769447,2.4480593,6.6602006,2.4965947,0.19224717,2.3295484,0.60652363,2.5023136,4.0144897,2.322104,0.04690146,0.6197941,-0.013736677,0.40417618,-0.016640197,0.43877503,0.010809207,0.5498941,0.004270691,0.46911797,-0.0299584,0.51098305,-0.055739235,0.42413917,-0.01159683,0.4029454,0.045235172,0.59323007,0.050408106,0.4319769,-0.0004722994,0.5303144,-0.016530216,0.37721768,0.0015872478,0.46585158,0.0032297997,0.47335535,0.004143027,0.3902653,-0.0011656623,0.5339268,0.0072474848,0.3818853,-0.04797654,0.40994245,-0.056290127,0.47750673,-0.010617378,0.3724355,-0.106429614,0.4671597,0.02337647,0.3528309,0.015862003,0.35397193,0.018733857,0.3523304,0.012787953,0.36779764,0.007402311,0.3271725,-0.004630668,0.3220723,-0.021692012,0.33487034,-0.05281626,0.4511413,-0.00046764978,0.3332071,-0.009601544,0.42336354,0.0068164403,0.41812992,0.035430387,0.31142807,0.02238811,0.34563738,0.00928113,0.2934622,0.0031148298,0.3288921,-0.024259603,0.26532376,-0.028325941,0.31003198,-0.0030834968,0.29731238,-0.0032936279,0.30770636,1
-143.8271,4.2182055,34.56809,2.7936213,-21.649576,2.2782087,21.735708,2.6222475,-20.200289,2.4081814,31.475271,2.7539356,34.449474,2.4662023,0.6436966,2.4257305,21.266489,2.43649,3.8457778,2.4012656,-7.216819,2.577869,10.513434,2.791461,-21.573092,2.5982018,14.316059,2.3825593,3.1750119,2.1139746,5.3346176,2.584643,6.8250837,2.2780006,0.56958884,2.475517,0.046056688,2.7754068,4.1679173,2.269066,0.024475046,0.7727993,-0.024824912,0.41292837,-0.017634036,0.44647664,6.67572e-05,0.5158923,0.037882496,0.41533098,0.027492542,0.51139015,0.015822113,0.38942844,0.018381717,0.4547208,-0.017107302,0.39152318,-0.038792364,0.40578192,-0.031679235,0.49295053,-0.024299536,0.45620704,0.02213552,0.45745862,-0.0050340975,0.43519762,0.01019959,0.29930285,0.00043909915,0.46305323,-0.016288677,0.3388037,0.009683114,0.4155962,0.021944664,0.41284716,0.01510493,0.4361405,-0.11909754,0.46224168,0.046995074,0.41655165,-0.004083188,0.30691373,-0.027786182,0.34557444,-0.01735567,0.30994013,0.0007270226,0.32121468,0.020620046,0.3350914,0.020499142,0.32485282,0.004743878,0.29469934,-0.002840811,0.31599864,0.007198202,0.35750636,0.012052314,0.38704598,0.016880041,0.33755094,-0.0007953873,0.3266958,-0.028014641,0.24957897,-0.026483143,0.32755697,-0.012092639,0.30329996,0.0052641006,0.34252974,-0.044779424,0.31191894,-0.03462798,0.2830254,1
-143.75328,4.4553995,34.323048,2.7734175,-21.179216,2.7950995,21.768372,2.7766528,-20.13299,2.5594332,31.175436,2.755481,34.82987,2.8351543,0.29568452,2.4939034,21.02133,2.352238,4.0351453,2.3636138,-7.1125298,2.7856727,10.543875,2.657214,-21.488403,2.6573567,14.0202,2.943889,3.6987965,2.3283556,5.855911,2.7275672,7.0059958,2.3274012,0.14200462,2.5837486,0.6346845,2.6477106,3.706672,2.231386,0.07655015,0.72439843,-0.010230163,0.41275582,-0.011102814,0.5002069,-0.035481628,0.52647275,-0.0022709516,0.41617078,0.0034419156,0.514268,0.015609873,0.4699462,-0.0012808373,0.4692218,-0.009426505,0.40802965,0.025842803,0.37979245,-0.008021784,0.43436673,-0.0133182965,0.35018212,0.0025025394,0.4058188,-0.039478354,0.42695048,-0.0009129011,0.34546384,0.0057735215,0.50796545,0.033822138,0.34086698,-0.0034429885,0.35547945,-0.008919455,0.38518268,-0.034215387,0.35939223,-0.102199756,0.5572678,0.013577415,0.3584909,0.010758378,0.38408616,0.014283452,0.3483939,-0.021424105,0.30986992,-0.017510159,0.384487,-0.062484022,0.42992726,-0.0060487767,0.40750375,-0.012391381,0.37632108,-0.014582517,0.31372097,-0.008694582,0.38846466,0.028355893,0.36848405,0.018022075,0.41478142,0.028025895,0.39844695,0.006083757,0.31729552,-0.0017208502,0.40125713,-0.012227997,0.32263845,-0.0011167784,0.3024286,0.007958806,0.34435913,0.01267004,0.27703953,1
-143.3849,4.156814,34.774918,2.385191,-21.848434,2.6474898,21.308012,2.5130796,-20.441002,2.4708936,31.303846,2.801489,34.78989,2.801725,0.34360638,2.1781626,21.08122,2.5529008,4.141766,2.5256574,-6.981175,2.6990075,10.812289,2.4250379,-21.487381,2.5974805,13.899714,2.3695724,3.3842149,2.2679565,5.5458107,2.3630526,6.8759627,2.4277332,0.5588008,2.8144815,0.5853371,2.4876544,3.7657723,2.2496448,0.030917373,0.6956098,0.0014610759,0.35974136,-0.030768277,0.47006574,-0.009822679,0.4671866,0.009515605,0.3864051,0.015813686,0.5239284,0.0084248455,0.43263656,-0.024146227,0.43879753,-0.00572357,0.43893346,-0.0033282675,0.39040506,-0.014871833,0.35729122,-0.032739777,0.36690065,-0.002391663,0.47070688,0.010596664,0.42680132,0.002017296,0.35821915,-0.018143302,0.48995817,0.027915277,0.4361285,0.00081005646,0.44026405,0.051703922,0.35905617,0.010536013,0.40873742,-0.11459008,0.53610486,-0.014046282,0.27660137,-0.013711498,0.3348156,-0.03142329,0.31748813,0.002132971,0.2944828,0.028410029,0.37556067,0.021495318,0.42190468,-0.00038413887,0.29315394,0.0045982287,0.41415197,-0.0062813144,0.36693403,-0.0031948448,0.38583544,-0.031137345,0.31824097,0.005687529,0.361513,-0.0053790375,0.32485813,0.004500621,0.29008442,0.023816897,0.33447722,0.000758183,0.3212537,-0.01794058,0.29748645,-0.035894506,0.2942391,-0.021486834,0.31020498,1
-142.32677,3.3582985,34.80679,2.5919852,-21.776247,2.62017,21.471188,2.7053516,-19.380926,2.9379172,33.943027,2.816546,35.315624,2.5491061,-1.3757403,1.9921943,21.144339,2.673262,4.026444,2.8719108,-5.9915385,2.7801292,8.670187,2.5236154,-25.500286,2.5431023,12.824714,2.8015082,5.8612814,2.2448275,9.557027,2.490455,4.9708533,2.6375532,-4.187187,2.436141,2.281963,2.0619774,6.3471923,2.4936252,0.0074685975,0.58895826,-0.06845778,0.46601307,0.017902605,0.4557812,0.00489588,0.45249495,0.03654926,0.4880981,0.032791957,0.48752883,0.069322586,0.46455482,0.0071683875,0.36400965,-0.040010273,0.42925793,-0.055652514,0.53179747,0.026307678,0.43323863,0.041422162,0.40368062,0.023582218,0.41688666,-0.018376328,0.46415094,-0.015749684,0.38186884,-0.052368194,0.40547922,-0.021643844,0.3945957,-0.013580623,0.39510503,-0.018513534,0.30244473,0.04825558,0.486836,-0.053360496,0.4190644,0.027921492,0.3858949,-0.010388993,0.30871,-0.044414584,0.36295563,0.011742151,0.406817,0.02746736,0.38430634,0.002870941,0.34778896,-0.024451206,0.31388834,-0.04900189,0.4099712,-0.005407638,0.43851644,-0.016633514,0.37311065,-0.023396365,0.38662606,-0.019793246,0.36609948,0.03405785,0.3981776,0.008407926,0.3060671,-0.015154664,0.3373373,-0.008687891,0.41128516,0.012090662,0.30253544,0.003390747,0.2787725,-0.005320749,0.33102506,1
-143.84526,3.812623,34.481636,2.5204053,-21.52302,2.4871433,21.832493,3.0938148,-19.949396,2.176844,31.25214,2.7300842,35.15308,2.5361876,0.2757011,2.628821,21.123596,2.5521057,3.499487,2.8686745,-6.8526573,2.9374466,10.629055,2.9197693,-21.446991,3.1175838,14.036372,2.3402355,3.7502775,2.3318229,5.4189644,2.6056862,6.7884455,2.3715582,0.35907188,2.3363671,0.39437768,2.4148846,3.5149128,2.4076874,0.077154405,0.6570628,0.014274816,0.4579676,-0.012138373,0.4062258,-0.027249167,0.52736,-0.03819178,0.34483156,-0.050294667,0.55521613,0.03747489,0.44800794,0.019773113,0.5240362,0.010380325,0.4611786,-0.00458463,0.49236873,-0.00050126953,0.45302868,-0.0130491555,0.44711196,0.0139129525,0.6051386,0.0032176243,0.3727382,-0.013988916,0.40991646,-0.024220465,0.5087091,0.009876764,0.42535678,0.02447224,0.3446907,0.01043211,0.39843494,-0.0028619734,0.4664247,-0.12145692,0.52551615,-0.0034038709,0.34821233,-0.023156598,0.32620388,0.019336473,0.38406345,0.033657104,0.2958536,0.015983328,0.34466848,0.003524296,0.29851,0.004083885,0.35426983,0.003364906,0.34879944,-0.02994417,0.42410955,-0.010245578,0.39793777,0.05917388,0.4367981,0.06639052,0.50045216,0.0023313211,0.33738974,-0.028402988,0.31314048,-0.025765566,0.38222742,0.01270063,0.31089234,-0.00401657,0.3181085,-0.003925261,0.2919279,-0.010971801,0.31475565,1
-143.63693,3.8130739,34.27369,2.6695817,-22.214964,2.7846603,21.629995,2.7054286,-19.904982,2.5262232,31.628887,3.140246,34.94607,2.5313165,0.5947619,2.2867115,20.996922,2.7586625,3.5307906,2.4484973,-6.887774,2.8350465,10.633938,2.717589,-21.326666,2.6161222,14.407745,2.3840568,3.8078642,2.5256307,5.142825,2.7087781,7.032485,2.8102417,0.707653,2.914955,0.16222794,2.631375,3.6209993,2.5528314,0.05527834,0.5763571,-0.0041255252,0.421001,0.01919762,0.50842404,0.037449203,0.46616423,0.025475616,0.43864292,-0.06438705,0.618502,-0.0485067,0.46050978,0.015917527,0.43599948,0.040842097,0.52939,0.013639247,0.39899704,-0.0041080345,0.43129933,-0.04358581,0.4632608,-0.0062493454,0.45781493,0.019530239,0.3502778,0.041348156,0.43793622,-0.018501136,0.46086833,0.05190671,0.5151216,-0.0061453013,0.45987812,0.023554824,0.44135115,-0.023222586,0.46357262,-0.09213979,0.4929686,0.020638645,0.31321275,-0.027633652,0.4042692,-0.030788641,0.28471178,-0.014117809,0.34037092,0.021272635,0.41080162,0.005007602,0.29384905,0.017218241,0.35934302,0.017060306,0.3633646,0.0067292005,0.3162447,-3.1449246e-05,0.38081202,-0.00089104543,0.3692232,-8.8173154e-05,0.33266112,-0.0049247863,0.23891786,0.005168086,0.34745938,0.0045630587,0.35571462,-0.014200227,0.3320191,-0.015220436,0.3614226,0.0027845786,0.32862082,0.019696323,0.29647514,1
-143.11316,4.6028347,35.562927,3.3072717,-21.304026,2.5883985,22.229658,2.692551,-19.78367,3.065866,31.1848,2.4496686,34.626884,2.510125,0.16395214,2.723322,21.135014,2.560557,4.3734894,2.8111832,-6.9120026,2.6457334,10.448794,2.7446172,-21.307095,2.785502,14.694593,2.7841678,3.7936614,2.5344782,5.356403,2.422293,7.1561475,2.9323695,0.8779473,2.7597885,0.047485232,2.4492404,3.793274,1.9889097,0.069521405,0.74415845,0.03492274,0.6125491,-0.016858768,0.48305622,0.0050111595,0.45931566,-0.01517984,0.50337625,-0.022259127,0.45158696,0.0012579991,0.3604847,-0.0007320037,0.54635686,-0.00023230222,0.42878,0.00018001611,0.46288213,0.0008496156,0.44768187,-0.033482324,0.39122307,-0.035841633,0.42237145,0.00057107484,0.4603088,0.009685057,0.40272155,-0.0063008647,0.4115054,0.019332718,0.51873857,0.0015481069,0.5321379,0.0010887063,0.35724017,0.010085181,0.36440766,-0.09797172,0.451825,0.058706176,0.34436932,-0.0020547947,0.33236638,-0.033875447,0.31228545,-0.01635765,0.41131088,-0.017172161,0.3393488,-0.012141251,0.3217691,-0.016610747,0.3509541,-0.014991247,0.37277323,-0.0036356207,0.39936602,-0.00029051967,0.3134605,0.011909191,0.3768685,0.031083364,0.37237367,-0.010435505,0.37660867,-0.02661894,0.30542526,-0.017225942,0.30976835,0.038271956,0.4211571,0.018513456,0.34523642,0.020540237,0.27144462,-0.021219326,0.23743708,1
-143.38155,3.9101658,34.63321,2.5518584,-21.206099,3.0084925,22.429052,3.2233918,-19.645082,2.861359,31.260155,2.826676,35.09854,2.354267,0.8368733,2.3643503,21.323423,2.6007216,4.388624,2.8714252,-6.879849,3.1357048,11.245528,2.909381,-20.637989,2.9405198,14.875763,2.8025687,3.8576956,2.4886575,5.831095,2.9147513,7.4320874,2.6426873,0.9599343,2.500044,0.38773116,2.496978,3.8644419,2.2440386,0.042497963,0.72057384,-0.021237,0.43060526,0.018416127,0.6196091,0.023293769,0.57460874,0.063665666,0.49960017,0.00979261,0.49944678,0.0064372118,0.39795277,-0.00096181355,0.5230364,0.010128827,0.4822982,0.03516549,0.46531886,0.01980668,0.45162937,-0.0050436314,0.4186978,-0.015790347,0.5267528,-0.061585963,0.5117314,0.00648309,0.40512604,0.022199336,0.51352984,0.019424615,0.42854536,-0.016976705,0.38714483,-0.024038145,0.44203085,-0.00082099164,0.358463,-0.07276367,0.3495143,0.033953875,0.34714544,0.009025524,0.35144576,-0.042011797,0.42401123,-0.032128375,0.35025337,-0.027797341,0.32780772,-0.005719625,0.28967127,0.03238213,0.30716756,-0.02744798,0.40553352,-0.026390862,0.3717631,0.00090459496,0.3045783,-0.0019476524,0.37991008,-0.008092731,0.37947002,-0.009297636,0.38354707,-0.01539495,0.27215448,0.0028928926,0.35049343,-0.03470063,0.35886315,-0.042804252,0.3121943,0.009999877,0.35210633,-0.0030505804,0.29446718,1
-141.87471,4.0042973,34.71643,2.780497,-21.6111,2.4656198,21.21521,2.6182601,-18.874313,2.931889,33.809025,3.1277075,35.198368,2.2343895,-1.4502244,2.2616477,20.66383,2.6563187,3.7848318,2.8104653,-5.6661525,2.856825,8.974581,2.941835,-26.042667,2.554675,12.488556,2.3908613,6.5270896,2.5108955,10.018169,2.1205528,5.2088804,2.7372506,-4.2887177,2.4819891,1.9551415,2.2185934,6.001748,2.4586174,0.036771763,0.58999866,0.0075664283,0.4574964,-0.011160281,0.4535017,-0.013917017,0.42091843,-0.042299353,0.45660356,-0.040223155,0.58025813,-0.005404762,0.34209055,0.02573766,0.3981938,-0.009328186,0.4164784,-0.040026892,0.45398512,0.026672343,0.41772753,0.0130003095,0.4504497,0.01277683,0.4601391,0.0011947706,0.35391855,0.059674747,0.39440504,0.007815921,0.34086946,0.056873597,0.4503853,-0.0022813466,0.4559838,-0.014716488,0.37003276,0.025140008,0.46618238,-0.076798685,0.506114,0.04749053,0.3865735,0.018929962,0.36466348,-0.035019275,0.30821902,-0.06700537,0.47105014,-0.047682207,0.48830804,-0.008102907,0.34293145,-0.005605566,0.33755624,0.030192323,0.45317662,0.0444952,0.4005201,0.019347467,0.3781979,-0.015048964,0.385702,0.0030006014,0.38766617,0.025055902,0.29994604,-0.018693862,0.3686087,-0.027965743,0.31834128,-0.017467601,0.43751478,0.009470287,0.30420238,0.0140423095,0.29239076,-0.010331907,0.357033,1
-142.01808,3.8326287,34.607952,2.448441,-22.225132,2.5035415,21.415365,2.4768648,-19.328085,3.1098294,33.968185,3.0098543,35.33898,2.5862439,-1.603015,2.1518123,20.41544,2.503679,4.0169063,2.7983193,-5.258251,2.7583718,9.463118,2.6157837,-25.61629,2.7088127,12.446376,2.4951162,6.531909,2.3360958,9.802725,2.5823011,5.079745,2.4354236,-4.0576096,2.6354342,1.9277009,2.5670707,5.5378513,2.4155867,0.016013926,0.5732114,0.020486742,0.3946532,-0.01567428,0.3803401,0.012962891,0.4253378,0.0077128117,0.49770838,0.049301397,0.4984992,0.027081845,0.49319893,-0.0046140105,0.381583,-0.0482247,0.40017506,-0.03582203,0.43165708,0.017879365,0.4134442,0.035668883,0.40935755,-0.0014043909,0.5016073,-0.0207034,0.37281412,-0.02342675,0.40182257,0.007393965,0.48096752,-0.0021039522,0.3868907,0.040870264,0.44287696,0.018157218,0.4022744,0.0054670433,0.43359137,-0.10377856,0.5244139,-0.0046822224,0.2889784,0.01816455,0.36601648,-0.043609742,0.33602116,-0.03829129,0.44219854,0.007540892,0.35002297,0.032393068,0.37464225,-0.0032192909,0.24602546,-0.017581193,0.34772676,-0.010369378,0.38052022,-0.018807381,0.34073755,0.03857556,0.3561857,0.023001922,0.4310501,0.035192024,0.38056764,0.01820526,0.30847573,0.0045667365,0.4020857,-0.024806367,0.3288215,-0.033692,0.33512762,-0.012875436,0.33731017,0.01659,0.2746809,1
-142.35298,4.0790873,34.41546,2.7012882,-21.529284,2.741625,21.448368,2.2146103,-19.390478,2.4843493,34.14585,2.9705236,35.83268,2.1056445,-2.1599674,2.4944215,20.060701,2.770192,3.817659,2.8677084,-5.83194,2.5683427,9.192058,2.4872167,-25.535547,2.3884718,12.684242,2.3549755,6.259606,2.5250509,9.235933,2.8224783,4.576517,2.8838587,-4.2170115,2.918966,2.0798721,2.5196493,6.0049853,2.6082969,0.032909468,0.7178408,-0.0129555045,0.3856058,0.01887739,0.49839732,-0.009779904,0.40217447,0.008173284,0.39831913,0.027060831,0.5823984,0.024157295,0.3417644,-0.0037064955,0.5098925,-0.0047490597,0.4508253,-0.05605343,0.5275551,-0.056491688,0.4708826,-0.009925301,0.33195943,0.008858675,0.43661147,0.032056544,0.4236701,-0.016144793,0.4714896,-0.011425576,0.499917,0.048967093,0.45506445,0.032644417,0.52362555,0.005037471,0.38222918,-0.009083739,0.4778229,-0.098852195,0.51605046,0.026514959,0.3418634,0.011283541,0.35976508,-0.0016505338,0.31639528,-0.00885736,0.3659574,-0.0131200915,0.41239637,-0.026300337,0.23465142,0.007876404,0.3939812,0.022467159,0.4094893,0.03388239,0.41987225,-0.009937194,0.38140795,-0.03655271,0.38463756,-0.0042583356,0.370619,0.008153099,0.319497,-0.009409814,0.3140706,-0.03217363,0.4130118,-0.049093988,0.3872056,-0.01575959,0.34857106,-0.020792224,0.29472816,-0.015958143,0.34187335,1
-142.00735,4.2929444,34.7111,2.7407193,-21.887041,2.4289064,21.142864,2.722752,-19.52811,2.7603335,34.066692,2.9872913,34.975147,2.5844686,-1.7220877,2.43598,20.737225,2.4907448,4.0713835,2.853211,-6.0250106,2.8220513,9.471243,2.738664,-25.329876,2.8073096,12.741757,2.6745186,6.4359713,2.465242,9.57187,2.6992273,4.774289,2.5196748,-3.9834192,2.3713233,1.9214141,2.6205127,5.7077346,2.6566308,0.06442713,0.7117806,0.02874953,0.44828144,-0.040201735,0.4953125,-0.0034200302,0.44533703,0.016893214,0.45053932,0.028173268,0.56451106,0.031875182,0.35127094,0.025514662,0.43093625,-0.0026674492,0.3507649,-0.020631941,0.44389948,-0.0026636748,0.39693192,-0.018892448,0.38579863,0.027369516,0.4830525,0.011659873,0.3991395,0.032255795,0.43686497,0.025787644,0.41496378,0.032577794,0.47750437,0.00040155373,0.3963504,-0.006635488,0.39806694,-0.020966345,0.47967318,-0.107055485,0.54315704,0.07162703,0.40163717,0.015196067,0.31235063,-0.045754902,0.3634387,-0.036485497,0.36625496,0.008821227,0.36459672,-0.034948517,0.40936178,-0.027316393,0.33369827,-0.009529142,0.38613075,0.008378067,0.44380012,-0.029476965,0.37021467,0.015180714,0.39429963,0.033251975,0.39843687,0.00045535382,0.36689454,0.016485639,0.32589784,0.0021575175,0.4249887,0.001444503,0.3347949,-0.0009135696,0.30251214,0.0009829503,0.28427568,-0.014492614,0.33654025,1
-141.81194,3.0909617,34.63231,2.561559,-21.552242,2.3267171,21.278343,2.7617388,-19.815104,2.725532,33.82139,2.5088367,35.53434,2.41338,-1.689067,2.159328,20.39948,2.5889485,3.7048063,2.5932584,-5.3421564,2.5205092,9.232683,2.5387702,-25.801987,2.5677955,12.254209,2.7505894,6.492299,2.348925,9.354808,2.6578572,4.839257,2.4172635,-4.0012984,2.707302,2.4273489,2.7783825,6.312621,2.5179105,-0.024955416,0.48969865,0.020465339,0.4103566,0.02451792,0.40911886,0.044964034,0.5312581,0.04076779,0.44032395,0.0052637677,0.41876778,-0.0028184808,0.32585385,-0.0039736545,0.32554698,0.023952764,0.41923618,-0.018858345,0.48626545,-0.044103112,0.41668296,-0.046842534,0.38577577,0.050578725,0.45998862,0.034829784,0.44802603,-0.032838456,0.42510337,-0.038972903,0.477703,0.014625799,0.36513335,0.03869765,0.41139236,0.02782209,0.46675897,0.016498584,0.47475877,-0.06623032,0.4212552,0.0013908836,0.37230986,-0.0026973055,0.29492244,-0.01222141,0.35480538,0.0038237057,0.38369644,-0.015698116,0.33109635,-0.018767858,0.34777695,0.035723634,0.30503377,0.017679464,0.31887925,-0.020848652,0.3605557,-0.015702976,0.37724712,-0.0033255448,0.36007196,0.008608097,0.32453775,-0.0013964231,0.39304623,-0.028016109,0.32751223,-0.042838644,0.38200697,-0.032933872,0.33072454,-0.015591713,0.35617083,-0.0021919196,0.3840428,0.013552061,0.303224,1
-141.58101,4.1857467,34.748,2.8814814,-22.240707,2.686962,21.147192,2.4573784,-19.743618,2.8081794,33.81936,3.2536366,35.081367,2.3591378,-2.273682,2.4386294,20.969538,2.526913,4.228781,2.710982,-5.0984883,2.8922522,9.430142,2.5193532,-25.139174,2.5176878,12.033278,2.4417155,6.08133,2.4129207,9.350152,2.5274606,5.0854616,2.4301527,-3.9685369,2.4926963,2.2496521,2.3045697,5.636367,2.7643032,0.09514583,0.616777,-0.022960177,0.495654,0.0026827152,0.5207242,-0.06907589,0.47423357,0.011303258,0.51597494,-0.024050908,0.55753464,-0.041543424,0.42501268,0.003162694,0.49433434,-0.030683367,0.3909147,-0.0013211324,0.35610628,0.041816693,0.50049573,0.03451902,0.44234383,-0.03161195,0.49238503,-0.015760852,0.39729407,-0.019808551,0.43014282,-0.00053651334,0.42760012,-0.004236042,0.38650915,-0.005383,0.38551858,0.04582877,0.3347719,0.064096496,0.5618781,-0.07742435,0.5240591,0.022043586,0.3365427,-0.04327336,0.3350227,-0.0046986258,0.32444638,-0.029758995,0.3829805,-0.0027357799,0.41964358,0.0147866225,0.3254507,0.005429111,0.32464057,0.013974048,0.3517042,-0.013709454,0.34443644,0.018003654,0.35421127,0.0035375033,0.30314246,0.023153396,0.39766154,0.026472678,0.32547253,0.013859986,0.31999597,-0.0051203105,0.33057892,0.022362068,0.3425974,0.035671547,0.3038533,-0.0073414296,0.27511868,-0.012874621,0.37048578,1
-141.7384,3.4282565,34.378693,2.686981,-21.878906,2.6983857,21.595165,2.8426335,-19.53235,2.8142781,33.85885,2.8554826,35.612545,2.7162368,-1.4312918,2.189977,20.66693,2.770159,3.947343,2.7780952,-5.7835755,2.293243,9.318598,2.6822433,-25.466719,2.733231,12.4669485,2.7958627,6.5375237,2.2952886,9.262516,2.7609794,4.630152,2.677251,-4.345913,2.5416481,2.0384414,2.259299,5.8275275,2.3459017,-0.026800662,0.6752895,-0.041630413,0.4457707,-0.039137777,0.5052638,0.034011163,0.483866,0.022138167,0.43019858,0.075837515,0.5559106,-0.012353093,0.44893965,-0.010906969,0.43777427,-0.0012836328,0.46166915,-0.037562903,0.49494484,0.0096896645,0.38800234,0.005426126,0.44499445,0.06293592,0.54382676,0.049866676,0.400724,0.052818622,0.40041402,-0.007099344,0.45049202,-0.015573333,0.45301843,-0.03129116,0.37156826,-0.024304522,0.3779092,0.002739411,0.4580549,-0.0770116,0.37609103,0.05013268,0.3554008,0.005435355,0.42597118,-0.0444743,0.38389558,-0.04538297,0.41274965,-0.046556707,0.4229697,0.0022611911,0.38918337,0.016096981,0.3247724,-0.010026559,0.3645426,0.013692528,0.41121155,0.0073209843,0.3096056,-0.006447188,0.35108584,-0.0076842657,0.36550254,-0.002002252,0.40610257,0.0033664189,0.29552552,0.023833688,0.41152802,-0.02867501,0.3964595,-0.029289182,0.3337972,-0.006803271,0.23709752,-0.0038196945,0.3163451,1
-141.81271,4.876645,34.78756,2.6228552,-21.79746,2.3503995,21.283352,2.4555132,-18.804853,2.7715816,33.971798,2.634423,34.72956,2.2191823,-1.6207498,2.0894718,20.913927,2.699141,4.061515,2.7966185,-5.7267914,2.5499957,9.148581,2.7722433,-25.970022,2.5291722,12.432952,2.4881701,6.482759,2.5390012,10.386932,2.531521,5.223687,2.6435359,-4.394231,2.5996995,1.9349194,2.446587,6.195043,2.3939478,0.03392568,0.82341915,-0.008448924,0.42870045,0.021552883,0.44066074,0.00044264886,0.4097919,-0.039052952,0.40925393,-0.009780931,0.4682258,-0.0070317066,0.3656799,0.015608443,0.42418087,0.04936547,0.48382562,0.03276171,0.5058793,0.0050481833,0.3246777,0.024727283,0.47336566,-0.03444851,0.4437858,-0.03418398,0.40914887,0.029033605,0.4367474,0.035580922,0.43263093,0.008901151,0.39308378,-0.034267895,0.47779873,-0.028652543,0.3667617,-0.0028333517,0.44172448,-0.15319566,0.6517976,0.034504376,0.36628175,-0.016860723,0.30582047,-0.03234746,0.33868715,0.010755938,0.40983155,0.03523663,0.4453055,0.004145192,0.28221223,-0.0049956394,0.2755468,0.008579309,0.34954414,0.013355098,0.40823498,0.02394732,0.3219494,0.011909443,0.40342674,0.021709405,0.32502848,-0.0002778897,0.35172796,0.026147846,0.3516195,-0.008483211,0.35044616,0.002548504,0.40323937,0.001248604,0.30133674,0.016347863,0.32399616,-0.019066727,0.2850469,1
-142.05118,3.6379595,34.373726,2.388092,-21.800007,2.4955642,21.579634,2.726141,-19.703796,2.852468,33.956017,2.7820299,35.450584,2.0472496,-1.6012024,2.4673843,20.68102,2.7830896,3.9936655,2.3128595,-5.569392,2.95581,8.994116,2.5657828,-25.693453,2.3848076,12.421283,2.482127,6.0215774,2.4811304,9.493457,2.3306074,4.685512,2.556074,-4.155722,2.2491515,2.0724366,2.2963138,5.9504457,2.6864896,0.027087366,0.52237993,-0.005531599,0.3500175,-0.0018842142,0.39093652,-0.0054965382,0.47674325,-0.016816484,0.44861344,-0.0016855313,0.539529,-0.021069167,0.36690837,0.073274836,0.5488199,-0.005455809,0.47871292,0.0063044503,0.36476892,0.019158121,0.52715015,0.0036223172,0.29242447,-0.012610034,0.47110096,-0.022541381,0.35499525,-0.014107259,0.45318848,0.008226901,0.3923059,0.034251314,0.4623827,-0.009087784,0.35761237,-0.054565504,0.3984162,-0.032455005,0.45351097,-0.07522227,0.4860927,-0.007058402,0.26797053,0.00077687466,0.35220194,-0.0378419,0.33563194,0.043461747,0.42429394,0.029238598,0.36121416,-0.009187387,0.23468553,0.0009372677,0.3641926,0.02640885,0.45138663,-0.020860244,0.35729843,-0.02205984,0.39244577,0.014326424,0.32756907,0.00029232318,0.3369908,-0.008678001,0.3748978,-0.021628305,0.37436745,-0.02482899,0.38988933,-0.0072548045,0.33453837,-0.018154694,0.28883728,-0.0024988027,0.33491206,0.00015927828,0.33573812,1
-141.56316,3.8722053,34.75776,3.1231723,-21.591213,2.2970512,21.344303,2.3744948,-19.04628,2.9617224,33.127045,3.0384605,34.756744,2.551359,-1.0008924,2.3492835,21.612658,2.7204149,4.0113373,2.5688193,-6.1731524,2.711203,8.903047,2.8103433,-25.924417,3.1307268,12.270199,2.352651,6.153756,2.3773608,9.764289,2.5433538,5.078918,2.806397,-3.8612432,2.5189595,1.5729501,2.6961358,6.4398985,2.2048864,0.047240123,0.79980993,-0.009214654,0.48729888,-0.022999465,0.34226316,-0.059267353,0.41306132,-0.018786779,0.5502615,0.0010387097,0.563611,0.035475254,0.4193736,-0.0031978553,0.45475668,0.023703365,0.4848985,-0.007374981,0.39538866,0.042166244,0.51207054,0.019659009,0.45032004,-0.017809091,0.62257874,-0.0010499351,0.3437244,-0.016172111,0.43151468,0.021878358,0.43032333,0.04777323,0.47034574,-0.005013257,0.44726896,0.039729603,0.49584892,-0.012964548,0.40357688,-0.06394029,0.43471083,0.08627581,0.4724071,0.03168626,0.34198764,0.011408038,0.27094007,-0.050392643,0.37874457,-0.008505975,0.38479564,-0.01640077,0.33502093,-0.032806788,0.3784158,-0.021294184,0.41538987,-0.027150903,0.36954844,-0.020790331,0.40963337,-0.037541658,0.35392228,-0.007633907,0.4275386,0.001247771,0.30645058,0.013785425,0.32150406,0.024043024,0.3779277,-0.011839659,0.36878404,-0.003534791,0.3760088,0.006639534,0.330344,-0.010696723,0.31590158,1
-142.03082,3.1590073,34.65932,3.0480895,-21.797886,2.4621272,21.435953,2.7541106,-19.143312,3.019081,33.573,2.9115324,35.34006,2.6115203,-1.1054038,2.1999056,20.92285,2.694665,4.0873885,2.7437382,-5.9301963,2.5931065,8.374617,2.4911673,-25.989435,2.6853926,12.199062,2.636038,6.2629538,2.7472978,9.839371,2.4493022,4.899847,2.6759596,-3.55382,2.9348361,2.2529836,2.314841,5.630081,2.3551946,-0.05520026,0.4504996,-0.11100685,0.5500129,0.02380029,0.445902,0.024938924,0.5818136,0.074654154,0.5054427,0.032579567,0.50120413,0.0654404,0.38632873,0.056096513,0.39271224,-0.011014245,0.46378472,-8.79948e-05,0.44441983,-0.01023279,0.45870158,0.021279037,0.36409432,0.048533,0.5312302,0.014643647,0.41509125,0.024030052,0.47210765,-0.004045598,0.39885178,-0.030138042,0.55848974,-0.040652994,0.468959,0.019978497,0.3604394,0.033482354,0.44886002,-0.02409641,0.3650122,0.07230052,0.40819272,-0.005885138,0.34346396,-0.071355075,0.3830435,-0.022687813,0.37149993,-0.031242961,0.4073263,0.0013800658,0.37272975,-0.007466771,0.31188154,-0.027856302,0.4778797,-0.005711548,0.41611394,-0.006628381,0.41217506,-0.00904656,0.34832868,0.013310825,0.391626,0.020852383,0.366768,0.0069726896,0.36962822,0.0006618371,0.35814023,-0.020006847,0.37258825,0.0074806525,0.37990835,-0.03168096,0.3090821,-0.020370359,0.30166465,1
-141.64645,4.3370495,34.996025,2.6976678,-21.036709,2.2215745,21.180105,2.828659,-18.908554,3.031811,33.204956,2.7370164,34.590454,2.4803264,-0.97153544,2.246862,21.554695,2.4962707,4.1358523,2.8507743,-5.759806,2.6692169,9.142559,3.025499,-25.942081,2.7056453,12.254577,2.7292037,6.0767655,2.4939778,9.923192,2.858293,5.4503474,2.887622,-4.187091,2.6864994,1.5985274,2.8009112,5.6769276,2.5767353,0.0120008765,0.68165135,0.027331598,0.43216363,-0.00917716,0.38751802,-0.04040839,0.539858,0.007743763,0.5524168,0.018670335,0.5407265,0.019733408,0.42771372,-0.017710883,0.44692618,0.0001736485,0.46360356,-0.015929049,0.5086649,0.031449962,0.4295174,-0.06913692,0.5074659,0.012933063,0.42573828,0.015505471,0.49191967,0.05987319,0.45734602,0.008257421,0.57092947,0.013382216,0.5257091,0.010533861,0.4628931,-0.0033565834,0.41109022,-0.013254334,0.43941602,-0.11951585,0.56615645,0.058117602,0.38318008,-0.0020574,0.30298448,-0.031611633,0.4063707,-0.08335152,0.48598814,-0.04036525,0.41951212,0.012027489,0.3562877,0.006281039,0.32969868,0.030269703,0.4234568,-0.0059385695,0.41838044,0.017402694,0.3688509,0.08264382,0.4431183,0.04637041,0.43476334,0.008226288,0.42056218,-0.0034466977,0.29839787,0.00067827496,0.46958846,-0.015937544,0.40383714,-0.029990684,0.36357343,-0.0070904824,0.4139279,-0.0030817192,0.3239776,1
-141.42116,3.8789403,35.374596,2.9955027,-21.005606,2.3771994,21.396894,2.484215,-19.240723,2.8978865,32.557587,2.709502,34.470436,2.449772,-0.7076209,2.2162404,21.707705,2.7830107,4.0524254,2.564784,-6.19685,2.9302075,8.897781,2.5270326,-25.657959,2.9053931,11.946642,2.3984373,6.046257,2.4199908,10.378536,2.5925088,5.4980254,2.5833094,-4.666693,2.422931,1.9784292,2.4852164,6.108861,2.3659337,-0.0155137945,0.6550833,0.00867411,0.56724,-0.016414937,0.41349128,0.028174078,0.43430158,-0.020512592,0.55326873,0.031092465,0.3985708,0.014596159,0.44163892,0.0068134805,0.36832875,-0.013711165,0.5240885,-0.0021104997,0.4384352,-0.0075594643,0.4752147,-0.028849643,0.39324996,-0.037890673,0.5982732,-0.007563757,0.38389,-0.00047762485,0.4769837,0.057737745,0.499927,0.0020318122,0.42233226,-0.017307231,0.39943755,-0.0034618515,0.36508253,0.0015155077,0.43565845,-0.077434465,0.53212184,0.028911425,0.42392224,0.0020047005,0.32214475,-0.018440874,0.3870377,-0.049402304,0.39043415,-0.023242446,0.39887622,-0.030374175,0.35158965,0.017221969,0.29823774,0.035041127,0.43492582,0.018985173,0.37061742,-0.025981486,0.41647184,-0.025699304,0.34143957,-0.004492309,0.46906528,0.00061719876,0.3187009,-0.0023943195,0.29924536,-0.004796204,0.35395285,0.018714616,0.2848659,-0.012702676,0.3302619,-0.025842782,0.37131593,-0.003437193,0.33395898,1
-141.71335,4.5281105,34.89829,2.7345233,-20.948065,2.1450267,21.64629,2.481356,-18.79602,2.438694,32.328793,2.572259,34.30997,2.171393,-0.4440457,2.2354937,21.539755,2.7713344,4.6002636,2.7491643,-6.3820915,2.966057,9.125327,2.6515293,-25.478294,2.8476186,11.933176,2.389066,6.0642533,2.7857943,9.794444,2.7666214,5.4880757,2.739504,-3.825093,2.5389974,1.7848623,2.4344532,5.8406553,2.6454911,0.09348369,0.8727704,-0.010924103,0.4443979,0.048541974,0.39342037,-0.031214347,0.45861545,-0.012642868,0.42383522,-0.0008197855,0.45005494,-0.005118319,0.3323484,0.018273434,0.46387747,-0.01778267,0.5722343,-0.07552882,0.53356504,-0.0285533,0.5054187,-0.012972472,0.37337643,-0.013470678,0.5577956,0.022085449,0.4649844,0.0055172057,0.52677995,-0.03847582,0.5253683,0.03315757,0.55192405,0.023225019,0.4227376,-0.02271242,0.41345698,-0.05644238,0.5092079,-0.0766705,0.48675707,0.06850232,0.36872038,-0.028719278,0.27784014,-0.01009595,0.29087564,-0.021496236,0.38200945,-0.010545961,0.34284797,-0.017153025,0.24370976,-0.012410535,0.36017808,0.016194751,0.4018076,0.019411765,0.41864905,-0.000899374,0.43469632,-0.02226111,0.35945386,-0.000963035,0.38097996,0.008339398,0.38746676,-0.01423831,0.35535705,0.0032313121,0.36978608,-0.014006874,0.42645076,0.0062544895,0.29704422,0.013387663,0.3113059,0.03300756,0.34213954,1
-141.47377,3.7095418,35.012733,2.8622966,-21.080706,2.662538,21.959986,2.662771,-18.869692,2.749048,32.609818,2.982002,34.13329,2.4088445,-0.77483964,2.1064947,22.028282,2.5877838,4.29968,2.7310133,-6.4953237,2.5420904,9.090285,2.5822349,-25.320507,2.6859684,12.01779,2.668718,5.987942,2.3660052,9.92149,2.608385,5.6479926,2.8270433,-4.393574,2.4274635,1.2702954,2.521245,5.7326155,2.7335525,0.052886363,0.67025286,0.030426824,0.57186013,0.013859203,0.49633393,-0.03841376,0.45504186,-0.033578623,0.53573513,-0.029949043,0.5915374,0.01770836,0.40174738,0.0028780717,0.36624575,-0.024005882,0.49008664,-0.05327447,0.4699184,-0.0033799685,0.41775516,0.010097748,0.42827046,-0.024697103,0.49005863,0.005958814,0.4182821,0.0021986053,0.38829976,-0.031280566,0.45792377,0.008949353,0.49538007,0.024728112,0.39206955,0.04377324,0.41352564,0.048486505,0.48660812,-0.103750855,0.52739197,0.057016768,0.38254428,-0.015161891,0.32999936,-0.045602627,0.35164803,-0.06255106,0.35125914,-0.041177128,0.417951,-0.0016888151,0.32298928,0.007988468,0.30322805,0.0326862,0.46237576,0.028352719,0.3791511,0.010150636,0.33501855,0.014363026,0.35423145,0.03678338,0.33133724,0.0114304125,0.35890034,0.029196674,0.360056,0.020088784,0.38218343,-0.039119523,0.3942243,-0.0025231037,0.30169162,-0.0021296015,0.29223847,-0.03427726,0.3528633,1
-140.86505,3.2998927,34.879463,2.6699257,-21.2317,2.8163037,21.450588,2.3011117,-19.086575,2.8483994,32.84086,2.9142323,34.458122,2.2394145,-1.0289721,2.2595925,21.507072,2.5480106,4.506423,2.611952,-6.0775647,2.6038363,8.862658,2.827713,-25.634584,2.7014666,11.861845,2.3951685,5.907852,2.9235435,9.718558,2.4336514,5.1957803,2.8419993,-4.2515326,2.5243208,1.765495,2.426068,5.721362,2.5886588,-0.043394323,0.58724135,-0.074984126,0.53587717,0.042132117,0.54286134,0.008129085,0.39598602,0.057696316,0.5397149,0.007704647,0.5432235,0.01454387,0.40083414,0.050437775,0.36899874,0.00011112507,0.45340663,-0.017146178,0.47676656,-0.0106592765,0.35164022,0.043150175,0.5005965,0.01739944,0.49238977,0.014560885,0.33328298,0.005666663,0.51739967,-0.016800296,0.4177499,-0.050469927,0.5076198,0.0014416126,0.40055877,0.018759659,0.40415758,0.0062772166,0.52506137,-0.074676655,0.43014476,0.04695129,0.30401206,0.0073119896,0.36754733,-0.025500003,0.31592074,-0.03673083,0.43820858,-0.027891971,0.40985397,-0.0068671866,0.34506574,0.0076296604,0.306597,0.02625604,0.40431398,-0.024402516,0.44836232,-0.0023786903,0.30376858,-0.024494838,0.35837603,-0.014730369,0.3677361,0.0356505,0.33687007,-0.0023715019,0.431074,-0.025391193,0.340022,0.033684313,0.4166777,-0.004329952,0.31165868,0.003391517,0.30259803,-0.004472615,0.37804508,1
-141.50502,4.424253,34.937897,2.9749875,-21.331514,2.5078566,21.685171,2.6031673,-19.544092,2.7779567,32.976654,2.9605904,34.460262,2.02405,-0.6922016,2.4551957,21.52346,2.656182,4.5605984,2.7891252,-6.3205547,2.6681466,9.24142,2.5423844,-25.162209,2.8382852,11.98891,2.6814783,5.6882315,2.2679093,10.013163,2.6731024,5.014854,2.318213,-3.9902105,2.5471082,2.1366482,2.6099412,5.431688,2.4098008,0.077122614,0.7275006,0.0043274327,0.5414483,0.0037197168,0.4639777,0.014500066,0.5000031,-0.00083577447,0.47572082,-0.015156852,0.57384735,0.008676989,0.3164705,-0.025138382,0.4788257,-0.020181831,0.46438432,-0.038210303,0.4968456,-0.018265039,0.4702679,-0.0053775036,0.4217947,-0.02608627,0.57766,0.036341723,0.48706564,0.04342052,0.4333075,0.022906557,0.45763856,-0.005220822,0.38599387,-0.0025440326,0.38719484,0.064215586,0.3901073,0.014012759,0.44403327,-0.11923166,0.6207571,0.06427887,0.445732,0.034732174,0.33787522,-0.010319755,0.41530767,-0.058861285,0.42593122,-0.009455755,0.42678374,0.016471522,0.31359062,0.0265172,0.36640444,-0.006554479,0.41571224,0.007656829,0.3931651,0.01257985,0.3651817,0.018807642,0.360245,0.0054522934,0.4410348,0.031060264,0.39371622,0.0007427069,0.31905338,-0.007839677,0.3850784,-0.02453812,0.30219552,-0.020930238,0.3058668,-0.01742125,0.2923153,-0.013541818,0.30776265,1
-140.92026,3.504327,34.977936,2.5607412,-21.570011,2.7543588,21.444181,2.87087,-19.61315,2.7574017,32.79741,3.0114763,34.45227,2.2116983,-1.0921626,2.3549507,21.293976,2.35526,4.4755435,3.4042287,-5.815859,2.697003,9.130759,2.4531872,-25.001986,2.6315782,11.901313,2.673096,6.1178913,2.4711764,9.642541,2.585823,4.5294333,2.7056055,-4.049892,2.7033446,1.7551439,2.484094,5.6481285,2.4529305,-0.0026867646,0.5963842,-0.036851987,0.48274642,-0.041518226,0.5477772,0.040121235,0.5539602,0.0658519,0.5359798,0.07489085,0.54968965,0.034041207,0.35841638,-0.014672001,0.46113998,-0.0070516816,0.3525674,0.037665647,0.6531734,0.009642225,0.5227964,-0.00740827,0.4219955,-0.020116113,0.5036195,-0.022382002,0.508806,0.013032348,0.45733377,0.008094064,0.45518115,0.00893748,0.47594687,0.012153754,0.44471276,0.012479148,0.46472716,-0.00973921,0.37767977,-0.091939405,0.47121555,0.0065079303,0.34661943,0.0063164355,0.37053993,-0.058394827,0.37606972,-0.017234858,0.3615688,0.01920282,0.41496262,0.01515902,0.32931542,0.020481115,0.33099994,-0.01526205,0.28116068,-0.034404088,0.5758116,-0.017048053,0.4021112,0.002045305,0.2990104,0.00015910863,0.39193204,-0.030610316,0.37713143,-0.0152344555,0.32215947,-0.03813992,0.3846526,-0.021315942,0.3245967,-0.02778335,0.35712758,-0.02320775,0.32127735,-0.031541858,0.336008,1
-141.47311,3.72868,35.057972,2.579801,-22.170847,2.6854732,20.642748,2.4185326,-19.525328,2.9816332,33.822414,2.7958517,35.1411,2.4691024,-1.7616507,2.5455368,20.493048,2.884052,4.04138,2.8563833,-5.50802,3.0159407,9.053562,2.6256475,-25.59211,2.9270902,12.497778,2.3327544,6.145094,2.6570911,10.200033,2.3856537,5.320179,2.5037668,-3.9813645,2.4658413,2.1506357,2.5383089,5.8815994,2.1710515,-0.022915449,0.6095317,0.018073916,0.4068596,-0.031279046,0.5028676,-0.040364735,0.41117984,-0.035596985,0.5210696,0.061314903,0.48265752,0.075140744,0.44338349,-0.0067206556,0.46462512,-0.010180976,0.44214907,0.0043096705,0.47434795,0.01943312,0.46515143,0.027806807,0.37403387,-0.016288163,0.61163926,-0.016102957,0.40425798,-0.06528677,0.41168752,-0.00390223,0.379497,-0.0034641894,0.42876157,-0.011925851,0.42522377,-0.011434259,0.32320622,0.009902589,0.35821167,-0.09803995,0.5338957,0.016624587,0.33317113,-0.037615716,0.41841325,-0.041804556,0.32886237,-0.033455335,0.3990488,-0.013931231,0.3602897,0.008844812,0.32320234,0.0121021345,0.39537925,-0.008576441,0.39877507,-0.0012757733,0.40726388,-0.0008442695,0.41157982,-0.004808751,0.30293632,0.026243033,0.36954153,-0.008484725,0.30323568,0.019012824,0.4089548,0.038120504,0.3117057,0.0055771573,0.34536654,-0.0026168274,0.31423154,-0.010458253,0.2999235,0.004085065,0.2720372,1
-141.63322,4.5798664,35.083775,2.7527359,-20.994823,2.372266,21.524384,2.6715968,-19.277237,2.8245702,32.844673,2.8193092,34.865395,2.1028202,-0.89429986,2.224947,21.002007,2.612486,3.8657672,2.546673,-5.921186,2.8839285,9.136737,2.5150542,-25.093359,2.6815255,12.029744,2.2426343,6.266793,2.7801452,10.149801,2.9419086,4.6914115,2.507126,-4.636237,2.6976943,1.5743196,2.6401176,5.9616275,2.3256269,0.058146495,0.86797285,0.0046242657,0.5217254,0.0061532827,0.42304355,-0.00019299617,0.5319759,-0.039624427,0.43278444,-0.08062782,0.532108,-0.021505667,0.37383157,0.052731633,0.39609018,0.03917092,0.524497,-0.008971124,0.4016638,-0.02017115,0.48942152,-0.023564395,0.40143847,-0.009008651,0.49283537,-0.0554017,0.3709355,-0.03121882,0.5410769,-9.5745236e-05,0.5943432,0.041388907,0.44383672,0.07128629,0.48580936,0.020901239,0.4336706,-0.001998231,0.42894304,-0.1450261,0.603226,0.0054022204,0.40209806,0.0013094416,0.31779042,0.023631081,0.38424253,-0.029164758,0.37590417,0.006253741,0.3870363,0.020526003,0.26249313,0.025716105,0.33151227,0.020943044,0.33464575,-0.00010329943,0.37496585,-0.00040661235,0.3738389,-0.0207577,0.36714175,0.028483486,0.39467353,0.02452127,0.3401193,-0.025738304,0.38651192,-0.012660105,0.42461088,-0.024372064,0.35740882,-0.00031027588,0.32982287,0.041707207,0.3830891,0.0066244616,0.29528034,1
-141.83995,3.9599004,34.795822,2.7702456,-21.282793,2.4067452,21.443966,2.5940714,-19.39965,2.8579025,33.217247,2.7140195,34.66799,2.3860538,-0.70208424,2.4333563,21.280657,2.7125676,4.201489,2.8420215,-6.2451935,2.703245,9.018111,2.7080297,-25.582207,2.7906008,12.480963,2.621156,5.840653,2.3099368,9.591713,2.6139286,4.7673283,2.847601,-3.9402514,2.5804188,1.7657249,2.115416,6.2367926,2.39658,0.069777094,0.6078809,0.007432791,0.45601755,-0.018372867,0.43429166,-0.038022343,0.4717132,0.04145148,0.49421299,0.012477398,0.484807,-0.028406454,0.3267809,-0.035289183,0.43004325,-0.0046857153,0.41396937,0.033169523,0.53320295,0.07839424,0.5263986,0.005548459,0.462678,-0.032014232,0.49482995,0.015020082,0.40161294,0.059839793,0.43538538,-0.016005544,0.48098436,-0.02013231,0.5422793,-0.025318313,0.46313745,0.016605146,0.3533372,-0.01610683,0.3889366,-0.12083936,0.56554216,0.04885521,0.38068917,0.008719352,0.30465895,-0.034819618,0.30020764,-0.060109146,0.423944,0.0150544895,0.39210048,0.03875173,0.34990343,0.045901652,0.35966966,-0.008685201,0.41204908,-0.037269965,0.43506694,0.004435407,0.37875238,0.009835724,0.35075784,0.03700552,0.4311262,0.018895179,0.40361628,-0.013400061,0.32833776,-0.03864752,0.44127747,-0.0129998885,0.37970185,-0.003348589,0.34187666,-0.003053158,0.30080116,0.019205729,0.2998545,1
-141.38339,3.8590968,35.122807,2.542131,-21.046534,2.493872,21.651207,2.8397877,-20.041077,2.5842876,32.901524,2.6694837,34.4692,2.3182123,-1.4843487,2.1566608,20.860886,2.3558877,4.1799774,2.5534356,-5.6596766,2.4423769,9.457083,2.694337,-25.194622,2.5425694,12.55587,2.3292515,6.3749743,2.7738054,9.044507,2.6024432,4.785527,2.7436295,-4.0549493,2.319729,1.8082696,2.3534644,5.8793306,2.4111893,0.026560953,0.621692,-0.024233643,0.3858515,0.03963283,0.43781713,-0.0026238486,0.5887425,-0.028326357,0.43697643,-0.05026831,0.51774347,0.010590233,0.37366483,0.00095768843,0.34174186,0.010943696,0.3934214,0.016099818,0.476857,-0.026710529,0.40011773,-0.009963591,0.4015894,0.008042286,0.4565194,0.016944295,0.3882348,0.0015166544,0.5448685,0.009152228,0.40672252,0.0005062057,0.4826569,0.011470233,0.34875727,-0.019114086,0.39859155,0.010543341,0.4628742,-0.08417583,0.50038195,0.048814688,0.36786404,-0.0071700006,0.3212461,-0.0020433683,0.36697254,0.013072003,0.36619914,0.0115897255,0.32367972,0.017284427,0.33644533,-0.0146795735,0.29055604,-0.022570852,0.34710932,0.0022109784,0.39485335,0.03356131,0.30421603,-0.009304198,0.36318848,-0.007895678,0.3839508,-0.023474257,0.3178377,-0.068522274,0.4497445,-0.025291163,0.35689014,-0.027023772,0.3764267,0.019113842,0.272068,0.0011974656,0.34238598,0.015495864,0.3157216,1
-141.66772,3.9768808,35.02246,2.6830204,-21.382887,2.3648276,21.477903,2.8738887,-19.824305,2.6023533,33.24576,3.0867403,35.49231,2.3923316,-1.3515099,2.28799,20.360708,2.4171052,4.3449435,2.3775637,-5.8360715,2.9419806,8.840094,2.7446404,-25.177536,2.8345258,12.773458,2.8661106,6.1989503,2.6022086,9.57414,2.6364865,4.8986835,2.4190357,-3.9004672,2.4518635,1.781146,2.6993911,5.724613,2.0999033,0.05314183,0.60067225,0.046829164,0.4642998,0.020625036,0.4662088,-0.0127521735,0.54989165,-0.011991385,0.46172953,-0.03940453,0.59113765,0.026487028,0.29654476,0.01996074,0.43031448,-0.016059134,0.38566616,-0.041860987,0.41020516,0.031537548,0.49706057,-0.02484181,0.35875383,0.010060066,0.46687093,-0.04047587,0.5065569,0.010179495,0.45475507,-0.015217132,0.5238343,0.051326465,0.38978475,0.038169943,0.3766665,-0.0039847586,0.48495382,0.012351038,0.408478,-0.0992024,0.6170452,0.03442799,0.33336532,-0.023791943,0.33248022,-0.03987135,0.33527064,-0.028384818,0.39101607,-0.02914761,0.47240898,0.018108338,0.39423835,0.021722581,0.3643388,-0.0152773075,0.3916098,-0.020267619,0.39639264,-0.013881038,0.44497943,-0.025608307,0.3516306,0.069755435,0.46092844,0.088116795,0.4868463,0.019130606,0.3471784,-0.02879671,0.33753717,-0.021529462,0.34096146,0.004841659,0.31796134,0.038971987,0.35862023,-0.015108352,0.3180487,1
-142.27551,3.403116,35.006752,2.3309686,-20.824516,2.5781124,21.88799,2.921865,-19.5545,3.0011287,32.879368,2.596518,35.12451,2.7825794,-1.3631171,2.1602693,21.240711,2.7873921,4.2938666,2.868804,-6.4526553,2.71764,8.862158,2.7502897,-25.472883,2.7085829,12.560926,2.5941586,6.226596,2.3947072,9.530173,2.9875996,4.945826,2.726755,-4.2580156,2.6294117,2.0842476,2.4733381,5.8596764,2.3603177,0.048117198,0.5723399,-0.0040158005,0.35878718,0.006055887,0.5234057,0.015302981,0.513467,0.08443584,0.57568705,0.038851123,0.5574957,-0.028511846,0.5369241,-0.05073593,0.41946167,-0.036019053,0.52571917,-0.019542648,0.49114263,0.0064681605,0.49270004,-0.014966272,0.42136952,-0.05483675,0.5478825,0.001376152,0.46967965,0.023429394,0.4111102,0.0030667048,0.56602806,-0.013406388,0.43555966,-0.04394808,0.4424088,-0.023044886,0.43751982,0.013933487,0.42064956,-0.065271035,0.45860624,0.017396891,0.34721643,-0.0042607086,0.31362796,-0.020276811,0.37957886,-0.0119288005,0.45508552,-0.015730862,0.36825347,-0.0068590413,0.3550655,-0.030883444,0.30989537,-0.019086944,0.4433078,-0.040427707,0.39990398,-0.0024358218,0.35648435,-0.005346025,0.41788688,-0.0008998009,0.33167493,0.051072497,0.38367236,0.0006053668,0.30343664,-0.010738223,0.44162512,-0.026271362,0.36243188,-0.0010650229,0.30545828,0.017473958,0.36707008,0.012562886,0.35171705,1
-141.35913,4.384655,34.419582,3.1911595,-21.402382,2.4590032,21.418041,2.9352412,-19.395433,3.295188,33.347763,2.7186491,35.421883,2.4552448,-1.0734842,2.2016773,20.618412,2.716036,4.1825447,2.9923449,-6.093359,2.6907036,9.031289,3.0041444,-25.301327,2.5843816,12.481107,2.5898862,6.2949557,2.3254182,9.509309,2.528583,4.7821326,2.5081103,-3.587439,2.1862235,1.6673164,2.5565577,5.5793533,2.3580916,0.09399408,0.8054754,0.013602352,0.5550597,-0.0061054677,0.4514157,0.018905832,0.54804116,-0.06877975,0.59996146,-0.058890276,0.4138182,-0.005759895,0.34387323,0.004879183,0.43455023,-0.0018541813,0.43982312,-0.02404045,0.5431754,0.0015520188,0.44781053,-0.02467976,0.5165586,-0.0020506126,0.44397128,0.004230644,0.4662936,0.023076564,0.35352883,-0.043822207,0.47989842,-0.0051512155,0.4486135,0.041435365,0.33428282,0.047668017,0.40696535,-0.025517998,0.45433438,-0.119090855,0.5684188,0.053120952,0.4691631,0.0071534147,0.33456284,-0.00079263543,0.38561776,0.029195994,0.5262231,-0.0045477822,0.33488858,-0.0024671187,0.41256097,-0.0295564,0.364871,0.012495072,0.43705726,-0.00198504,0.4968649,-0.038224045,0.36542335,-0.023355654,0.4159091,0.010689765,0.3733402,0.005169641,0.3911873,-0.0031441157,0.317817,0.018392716,0.33809927,0.0060964962,0.32064784,-0.0036677103,0.30032754,-0.055423412,0.4070124,-0.015554458,0.28299472,1
-141.75568,3.3593338,34.05245,2.886309,-21.306269,2.3652256,21.545313,3.2564654,-19.516745,2.9751942,33.195126,2.698269,35.637463,2.5104554,-0.61107063,2.0854812,21.111034,2.6591158,3.9593651,2.8013527,-6.115257,2.908266,8.936966,2.757251,-25.584755,2.6084788,11.937023,2.3739507,5.8030505,2.5422275,9.5138855,2.5007713,4.9290595,2.6125665,-3.5479743,2.5379636,2.6503868,2.4065557,6.110367,2.3517652,0.013287247,0.61214626,-0.07039983,0.53483045,0.009630007,0.43259472,0.024270348,0.62680656,0.065671675,0.51875484,-0.0035009284,0.4141886,0.004064087,0.40079919,0.011334543,0.34581277,8.925658e-05,0.4733865,0.007404489,0.49131846,-0.0032308376,0.50661445,-0.030276291,0.41354236,-0.04449088,0.46981436,-0.0239865,0.39341745,0.005492403,0.4546359,0.06718996,0.47235408,0.018994272,0.46672258,0.027418248,0.38640994,0.0075736055,0.3834465,0.01908228,0.38381135,-0.05203814,0.4483916,0.057668775,0.41349804,0.009518502,0.32494694,-0.059441715,0.4508463,-0.054350592,0.46373108,-0.045516443,0.48262337,-0.06888111,0.38990533,-0.0042726435,0.26583362,0.031102479,0.44272643,0.045058474,0.42485994,0.005860437,0.42243135,0.0023810011,0.38306513,0.0009787045,0.36389592,-0.024385348,0.3785694,-0.012946359,0.35237503,0.01177025,0.32387447,-0.03161054,0.3996654,-0.010180539,0.3161527,-0.019342825,0.28924054,-0.010120067,0.2988935,1
-141.41881,4.4975805,34.55854,3.1104834,-21.539848,2.4724085,21.810524,2.7345798,-20.233702,2.6864836,32.985306,3.020035,35.297386,2.374972,-0.7423352,2.3531828,21.231714,2.1618168,4.363546,3.0254881,-5.195796,2.735509,9.170622,2.541335,-25.296585,3.0732484,11.917766,2.4711218,5.9437585,2.3506083,8.924014,2.3370683,4.583374,2.720012,-3.3570929,2.5287912,1.9517729,2.39157,6.1847982,2.366386,0.0626367,0.7621875,0.015046208,0.5247971,0.02447834,0.3939005,0.005376194,0.4708333,-0.02316224,0.43043992,-0.030719196,0.5929828,0.0053944807,0.415741,0.039721936,0.48307455,-0.0068203155,0.38572174,-0.035856277,0.54448014,0.019855287,0.44095284,0.005170119,0.44047785,0.00784436,0.5221145,-0.024434572,0.36269435,-0.012909214,0.39401382,0.0014186603,0.39551726,0.0116651235,0.4578998,-0.039716367,0.4035469,0.028599588,0.3405877,0.03550776,0.38257223,-0.1171256,0.68106997,0.030795934,0.40033454,-0.024443932,0.34031612,0.018289011,0.419113,-0.0060646716,0.32804283,0.05002422,0.4372478,-0.00034480277,0.37104863,0.013578532,0.33740166,-0.026210286,0.3379628,-0.0384117,0.4433468,-0.015171301,0.42284214,0.0019926135,0.32902864,-0.015882485,0.43528593,0.040138457,0.37115124,0.0015107421,0.263148,-0.017145919,0.32016337,-0.019242212,0.40711406,-0.0075996025,0.3000754,-0.010845984,0.26078647,0.009230521,0.28279644,1
-141.31963,3.3780751,34.69719,2.5302472,-21.049355,2.3254259,21.643124,2.701508,-19.856592,2.7523875,32.835217,2.7090096,35.061737,2.7513726,-1.0945698,2.4225035,20.635735,2.483521,4.3491473,2.6855872,-6.0387025,3.0163903,9.280678,2.6092052,-25.06357,2.8321562,11.836484,2.3322783,5.9859457,2.630347,8.814306,2.3324625,4.637922,2.13718,-3.8058286,2.5274189,2.2626169,2.4792817,6.1210737,2.4654803,0.007191681,0.5929968,-0.039975118,0.4016764,-0.036438588,0.4009021,-0.010670845,0.48662198,0.016594477,0.40245327,0.03026568,0.4742293,-0.009057863,0.43535,0.007457121,0.42348993,-0.004555948,0.4293859,0.023961158,0.42215678,0.027591957,0.47683096,0.0049194153,0.3837726,-0.033462703,0.50150126,0.004197006,0.39267254,0.011559341,0.48236454,0.019087734,0.4238219,0.038357902,0.41085997,0.008929828,0.44010645,0.0046547917,0.37666944,0.036734007,0.41975972,-0.09431989,0.4676592,0.02778,0.37692297,0.027173037,0.31994766,-0.044448134,0.35429728,-0.0509531,0.40639597,-0.008127546,0.38319224,-0.0006460997,0.38926646,-0.015713714,0.30102265,0.007115045,0.34808883,-0.010694057,0.35997757,-0.045995083,0.44468465,-0.014375713,0.31525633,0.055284098,0.44415283,6.9191134e-05,0.3343321,0.009983569,0.33161688,-0.0068328986,0.30311835,-0.014306252,0.2925284,-0.02325618,0.3502781,-0.010821347,0.27229398,-0.031825528,0.312104,1
-141.72562,4.061559,34.820232,2.5152626,-21.691977,2.8459473,21.394958,2.3800478,-20.630487,3.0273008,33.165188,3.2369318,35.487183,2.6288502,-1.2684416,2.7442815,20.849485,2.6966448,4.1116266,2.9245005,-5.5410743,2.5767756,9.37884,2.5139298,-25.20965,2.8673477,12.381745,2.4886775,6.111342,2.2527523,8.699269,2.5055194,4.4848146,2.5652235,-3.0375235,2.8898551,2.4689112,2.138786,5.806886,2.2003484,0.034649562,0.6368322,0.017904388,0.4225914,-0.031891137,0.54189616,0.021787344,0.45976725,-0.0011252844,0.4840302,0.004518861,0.5905731,0.041811336,0.4826619,0.03883843,0.52765876,0.0020854813,0.4877057,-0.031349465,0.58785707,-0.033719502,0.41294855,0.009696065,0.46691245,0.0419889,0.58806497,-0.066669576,0.40436456,-0.026727695,0.44203568,0.030172106,0.38793832,0.00015790095,0.38392672,0.018067963,0.5513456,0.00911176,0.3340371,0.04773467,0.3665625,-0.12212607,0.5803033,0.013380601,0.34417576,0.035249062,0.38476792,-0.016096167,0.31632647,-0.0025853084,0.41486925,0.021079293,0.44411328,-0.0050208955,0.35889354,-0.019942539,0.41219863,-0.0037199627,0.39682603,-0.0057820687,0.44788414,0.037067436,0.3459759,0.017026125,0.33003613,-0.013376509,0.42728427,-0.009395561,0.35863042,-0.0021631708,0.30401772,0.007059388,0.33310848,0.0061599226,0.36929497,-0.0033867874,0.44435564,0.024364853,0.29082572,0.01743776,0.3222103,1
-142.07693,3.6972513,34.665546,2.5462291,-22.234919,2.3361979,21.098974,2.784878,-19.239214,2.7136314,33.770283,2.6736686,35.34809,2.6111422,-1.5449647,2.1584854,20.692833,2.631864,4.1693015,3.1445017,-5.2297664,2.7103763,9.202849,2.4890196,-26.088495,2.9968224,12.281318,2.1461666,6.3528666,2.5124528,10.241981,2.5283368,5.408357,2.625685,-4.279916,2.432234,2.1671283,2.4265559,6.277477,2.5448282,0.00966064,0.5748751,-0.035167716,0.43702918,0.016841395,0.4096488,-0.0008506115,0.5108273,0.025272893,0.46790722,-0.029609498,0.42937744,-0.008029896,0.49323422,-0.014457314,0.4431817,0.033540636,0.3965229,0.018356565,0.6021984,-0.004003255,0.46317312,0.018306242,0.3237131,0.031743154,0.50148416,-0.009716809,0.35940883,-0.010389723,0.48134628,0.019112436,0.421841,-0.02342668,0.49965215,-0.018480588,0.37934756,0.0071776216,0.40739945,0.08341082,0.54130405,-0.054932714,0.47755015,-0.0022689868,0.34671354,0.020253908,0.34158975,-0.050003704,0.36546454,-0.021402674,0.33531418,-0.0027974632,0.33592147,-0.007789929,0.3443894,-0.03029849,0.28581807,-0.025883032,0.36618122,-0.006121661,0.47487184,0.010510564,0.39835185,0.010972173,0.33794528,0.028660296,0.45880076,-0.018937603,0.28892502,-0.0012917692,0.28111753,-0.0218062,0.38463202,-0.014451757,0.379751,-0.018309591,0.31897908,0.03451927,0.3267561,-0.011492311,0.31580994,1
-142.0416,3.7996726,34.90177,2.6202524,-21.376837,2.609034,21.258556,2.5129802,-20.117083,2.8732839,33.776,2.9048617,35.112366,2.4437635,-1.3356497,2.1686711,20.847145,2.6218703,4.230832,2.6718004,-5.6253314,2.7070937,9.747399,2.5461092,-25.393238,2.6815825,12.700742,2.3816435,6.0047493,2.365132,8.739413,2.4927552,4.563193,2.285182,-3.647117,2.4485252,1.7771698,2.191572,5.7753615,2.082512,0.03263089,0.62108654,-0.050038867,0.4325474,0.003072602,0.45569876,0.047372084,0.45634302,0.048634734,0.56450343,-0.038693156,0.5541131,-0.03243277,0.41100168,-0.00029310767,0.38009498,0.009617728,0.391262,-0.014856159,0.4621752,-0.039536614,0.3894425,0.016832158,0.4020716,-0.00796979,0.4462948,0.0032411686,0.39505833,0.013267148,0.44027257,0.046088483,0.47989124,0.017614841,0.38252053,0.025967777,0.3910113,0.0003886663,0.35435444,-0.024582697,0.35255054,-0.09990132,0.4729563,-0.009945843,0.31659085,-0.012390091,0.33747166,-0.016953913,0.31183788,-0.010479778,0.4120406,0.00921238,0.34833398,0.0004980142,0.36517635,0.042534254,0.34279978,0.019135157,0.3941891,-0.021976143,0.37699488,-0.026706247,0.35204023,-0.013766809,0.34936786,0.004065101,0.38073966,0.021004068,0.35994193,0.019410122,0.32553345,0.0195317,0.32636598,0.0032982745,0.2553115,-0.032426607,0.29810706,-0.021177566,0.25977096,0.0022000459,0.28697285,1
-141.96246,3.8937156,34.704746,2.5846548,-21.194483,2.5399146,21.547535,2.4440997,-20.314713,2.8717234,33.225746,2.5326087,35.43887,2.4113693,-1.064501,2.2454643,20.739697,2.2900653,4.526521,2.7187505,-5.2403455,2.5344284,9.252785,2.7503917,-25.184881,2.8111498,11.826996,2.5647254,5.8997636,2.491915,8.963335,3.1768074,4.7555676,2.3683443,-3.6358347,2.7875333,2.2847614,2.2720675,5.825595,2.5844219,0.07266072,0.67554885,0.039983023,0.42163488,0.020776568,0.36283314,0.0028455395,0.43032196,-0.06664469,0.47755086,-0.031752113,0.410343,-0.0022243068,0.39807063,-0.0062200264,0.4495726,-0.004119054,0.42596734,-0.016290706,0.4094871,-0.011254123,0.39964986,-0.0050049247,0.40071636,-0.019922573,0.53047806,0.038193136,0.44637367,-0.012834354,0.41481057,-0.024119101,0.5782651,-0.010632734,0.4077789,-0.0216783,0.54483974,-0.014633326,0.3626015,-0.013403739,0.46351758,-0.08038189,0.53515285,0.036406808,0.37445727,-0.016614825,0.34638596,0.027168307,0.31060648,0.012558159,0.37009323,-0.011868859,0.34932053,-0.038388208,0.37258202,-0.0020421725,0.32190895,-0.018272957,0.3526767,0.008843305,0.38942316,-0.0009335284,0.36604434,-0.023428882,0.38176644,0.021450013,0.40078306,0.014599099,0.43016008,-0.022962656,0.32246187,-0.025175579,0.47573248,0.00038340458,0.36317813,0.02577222,0.3360922,-0.02519213,0.2859274,0.005179099,0.33215266,1
-141.97093,3.8761284,34.79607,2.6368928,-21.559793,2.397765,21.869013,2.3848948,-20.151878,2.6209795,32.934593,3.0174227,35.481117,2.669838,-1.0416143,2.602722,20.525522,2.5162575,4.2580214,2.7887974,-5.8785024,2.7775688,9.10699,2.7203035,-24.884123,2.7409272,12.788341,2.326761,6.0813394,2.6532521,8.587555,2.4426515,4.544642,2.5447912,-3.530433,2.4540925,2.3698301,2.324586,5.4270563,2.1283915,0.07502637,0.6765149,-0.010606711,0.4963508,0.04858141,0.45258215,-0.0037042433,0.47551024,-0.008901497,0.41890538,-0.06463151,0.5383111,-0.027746022,0.42878154,-0.01693941,0.48785895,-0.023145385,0.425355,0.013408994,0.41397512,0.02849593,0.47000626,6.0516137e-05,0.3999644,-0.02701245,0.49607232,0.017298438,0.36254767,0.033376507,0.5350957,-0.015765546,0.41726667,-0.01842336,0.45187712,0.006150941,0.4029852,0.043709997,0.35650736,0.0075419736,0.39610228,-0.10741513,0.59751755,0.019790906,0.30442408,0.009948102,0.3473533,-0.019473407,0.2862176,-0.04652734,0.43989056,-0.030218685,0.42381245,-0.0035807225,0.37061432,0.048239626,0.40511733,0.013846066,0.42225748,-0.015524675,0.415072,0.01560446,0.36543214,0.04434386,0.43035305,0.005228104,0.40402323,0.0050515523,0.346613,0.031448107,0.32149047,0.0071522747,0.3833028,-0.02482875,0.3955149,-0.009945029,0.32649162,-0.00476617,0.26540798,-0.028504523,0.28325862,1
-141.79274,3.367378,34.530876,2.6899812,-21.283854,2.4708722,21.31901,2.6311624,-19.690012,2.6101522,33.171455,3.186502,35.31116,2.7417464,-1.3936486,2.0503242,20.7013,2.7235632,4.334085,2.7404702,-6.0481725,2.5782065,9.185293,2.862391,-25.471743,2.5270543,12.535838,2.5351238,6.1931634,2.3840456,8.751643,2.6940846,4.8282304,2.5530682,-3.4560223,2.349103,1.9821392,2.1269746,5.5564885,2.3206682,0.032071576,0.5728617,0.0210523,0.4856995,-0.049784925,0.43359998,-0.0029910647,0.4834084,0.005751929,0.4368357,0.07759806,0.63164467,0.05786146,0.4669371,-0.007012536,0.33008495,-0.03963705,0.4380041,-0.008739033,0.45644543,0.01659451,0.40163854,0.0076197223,0.47238496,-0.006023262,0.42586032,-0.021119202,0.44759336,-0.0064109727,0.44404057,-0.023898253,0.510838,0.057964362,0.43546885,-0.00032068547,0.35079554,-0.018491216,0.29463097,-0.017321227,0.42835355,-0.06733338,0.43926868,0.021682095,0.33746737,-0.0016382892,0.3046357,0.013992179,0.2793573,-0.0103726685,0.40320104,-0.04707172,0.43264478,-0.03156621,0.38463575,-0.032922223,0.28838003,-0.006602125,0.3647039,-0.009340638,0.35717767,-0.030801887,0.349609,-0.046752654,0.36931506,-0.006456009,0.3708669,0.009507416,0.34489995,-0.023527399,0.34572354,-0.023488738,0.3461537,-0.0134347,0.3458923,0.011987183,0.25446805,-0.003344837,0.21533105,-0.016562782,0.31478107,1
-142.35562,3.6832175,35.25572,2.769716,-21.120375,2.4992177,21.560482,2.5814004,-19.934624,2.4057167,33.176098,2.7574143,35.457882,2.4430187,-1.5071534,2.442591,20.933886,2.3414707,4.2715716,2.6724846,-5.7051277,2.7161663,9.597475,2.786426,-25.020334,2.345777,12.209707,2.4250035,6.120337,2.0519395,8.771114,2.765641,4.182678,2.5720077,-3.71228,2.6728125,2.047444,2.4792757,5.608232,2.2745607,0.026828047,0.57882035,-0.04018277,0.49011296,-0.004159144,0.416606,0.017578213,0.5127065,0.047990162,0.416351,-0.009590253,0.47258377,0.01257136,0.40091252,0.003621514,0.4096262,0.024199184,0.34347135,-0.010109241,0.453497,-0.03904422,0.44476205,-0.0029551415,0.46021017,0.04325967,0.3836156,0.012157945,0.35149038,0.00039321047,0.33922943,-0.010440647,0.45198047,0.023240501,0.45259044,-0.019427832,0.41410097,0.019111717,0.36721683,0.011920422,0.3787528,-0.07958208,0.45054418,0.072933845,0.39909092,-0.022646043,0.35264567,-0.037806142,0.27890512,-0.0043757274,0.34776318,0.0070201904,0.31601596,0.03208716,0.35730073,0.011294762,0.36521676,-0.03960762,0.31925663,-0.028225899,0.43732312,-0.0058818394,0.39201015,0.008422496,0.3767286,0.025063667,0.35647213,0.05476458,0.38501856,0.008611501,0.31322294,-0.06236119,0.38670647,-0.026803872,0.36204123,-0.011600064,0.39409703,-0.026596285,0.2975667,-0.010874973,0.274229,1
-141.8683,3.6851287,34.67781,2.3049538,-21.030546,2.2892585,21.352638,2.962541,-20.171461,2.752108,33.28266,2.985276,35.131092,2.3166265,-1.3566611,2.3533103,20.692465,2.784991,4.2380333,3.035237,-6.2662134,2.6702878,9.431445,2.6781533,-24.77784,2.9748108,12.289144,3.0435667,5.6552525,2.6298487,8.831903,2.7426558,4.697769,2.5466568,-2.9864173,2.6782465,1.7458426,2.5263395,5.293697,2.6590436,0.036760576,0.5971424,-0.023974895,0.37690252,-0.009707468,0.44376382,0.028605869,0.5587246,0.02902742,0.4892495,0.03693962,0.53922194,0.01672704,0.37070236,-0.040306866,0.42071307,-0.022542713,0.50219256,0.022300225,0.5330786,0.047980044,0.43207118,0.028357077,0.37323645,0.0065266225,0.6064645,-0.016135404,0.5026869,0.05870889,0.5102537,0.024282537,0.5360306,-0.011803078,0.4049684,0.023160718,0.440411,-0.010963447,0.40711704,0.0014849745,0.4944151,-0.09539053,0.53138727,0.008374518,0.29539654,0.0034381922,0.28697285,-0.041233305,0.36418608,-0.009551998,0.4025753,0.008249745,0.3644621,-0.023360504,0.34531748,-0.026660027,0.35517508,-0.05414465,0.46967295,0.00794753,0.47753683,-0.009209179,0.35532862,-0.022336762,0.34258893,-0.00493043,0.4570158,0.02939098,0.431289,0.022712195,0.34587264,-0.013151992,0.3885018,-0.045001954,0.3357151,0.002420772,0.34822536,-0.013526624,0.35395545,0.00029236355,0.3089795,1
-142.0863,4.4560285,34.60085,2.8088663,-21.380762,2.15858,21.277157,2.5941312,-20.218615,2.8523705,33.637028,2.5955436,35.832165,2.226277,-1.2348075,2.282325,20.730589,2.6069539,4.153644,2.6815925,-6.297279,2.7762969,9.3268175,2.580891,-25.15038,2.594597,12.487207,2.349192,5.759772,2.293363,8.740828,2.4327848,4.9259796,2.2929416,-3.3455434,2.5536716,2.4399216,2.5652366,6.2753015,2.2827795,0.020035675,0.5928874,-0.01631984,0.44079193,-0.019052919,0.40448785,-0.014882198,0.55468345,0.020731032,0.50569165,0.02172662,0.42610353,-0.010265039,0.31420127,0.011852611,0.42533743,0.017716113,0.4175459,0.016948372,0.47093412,-0.0023620054,0.47087923,0.03724046,0.35356674,0.023529055,0.4979635,0.024959618,0.4251376,-0.0036240725,0.3681063,-0.006886449,0.39564443,-0.016532322,0.41281554,-0.016817154,0.38674292,0.027244117,0.4603366,0.0076581957,0.3922394,-0.1127969,0.60842717,0.013297048,0.44455564,1.6966233e-05,0.3272323,0.0048995293,0.34363937,-0.0068570888,0.45825675,0.003624863,0.37278822,0.006174351,0.30729023,0.010155235,0.35445914,0.0063166143,0.37257433,0.0029212742,0.42233944,0.014631006,0.40821698,-0.00086517795,0.38008645,-0.0002188608,0.3603493,-0.0018803404,0.35185272,0.029910957,0.32966635,0.0013010199,0.38953426,0.0075372555,0.32057354,0.0027119755,0.35314423,-0.008708745,0.31943098,-0.017474517,0.2942207,1
-141.512,3.545609,34.656197,2.7592764,-21.190853,2.3071938,21.361187,3.0586069,-20.306093,2.803703,32.76436,2.8316135,35.39421,2.2182162,-1.1784079,2.4658327,20.57465,2.5600777,4.2947826,3.0494823,-5.5000305,3.021326,9.375013,2.9822476,-25.210798,2.9478245,12.325535,2.5289075,5.6112237,2.8208427,8.304951,2.649975,4.214264,2.4666636,-3.5733643,2.1229095,1.9794738,2.4610503,5.993264,2.317224,-0.011883696,0.6120541,-0.044365466,0.4843251,-0.023369059,0.3910791,0.024017429,0.5027587,0.011607587,0.47782636,0.06497329,0.470817,0.034395672,0.3240778,0.028861342,0.48001057,0.02076196,0.3843108,-0.009720515,0.558309,0.0177221,0.5398185,0.03546789,0.4171101,0.0113189565,0.591473,-0.04173421,0.44307882,0.026063865,0.51460576,0.026870886,0.41793588,0.007113125,0.45641717,-0.012845021,0.34297934,-0.009295092,0.41044095,-0.032894857,0.44034672,-0.10160934,0.568613,0.020399978,0.37053573,0.012904671,0.28843942,-0.054768305,0.41812798,-0.058663014,0.37222093,-0.0098072,0.34751788,0.016053226,0.29210544,0.008560417,0.37286004,0.015811073,0.37527162,-0.008210725,0.43765384,-0.022855297,0.40225235,-0.01361055,0.3825781,0.047507484,0.4444584,0.010746316,0.39664108,-0.00088451273,0.4175243,-0.03640148,0.38358763,0.010708449,0.32616973,-0.0043276744,0.2639852,0.010309686,0.30401546,0.017574156,0.27454945,1
-141.79802,4.3696284,34.600014,2.9382312,-20.95903,2.3678193,21.856363,2.463706,-20.709898,2.756881,32.69001,2.8511891,35.178757,2.2021382,-0.9819544,2.6415765,20.816843,2.628768,4.18866,2.7359996,-5.6126256,2.7659137,9.322684,2.7561147,-24.601517,2.9448674,12.3632,2.4313684,6.0913363,2.0506318,8.256718,2.3339243,4.5129814,2.5894399,-3.3184566,2.304135,2.5974958,2.5010316,5.5444713,2.5542166,0.028098194,0.73158664,0.038994458,0.45896536,0.024423348,0.39893302,-0.015684068,0.42426938,-0.033265952,0.43029255,-0.025130907,0.56887937,0.0023857495,0.28460646,0.047392517,0.58160794,0.055583272,0.48231527,-0.011654763,0.4167533,-0.029460104,0.4986659,-0.009556612,0.36863074,-0.020987147,0.51758283,-0.04477555,0.3885909,-0.01525557,0.35113844,0.06792594,0.44002253,0.051198468,0.46771267,-0.0036953366,0.32066968,0.034302186,0.39730182,0.037005387,0.5323761,-0.09963737,0.58712363,0.069036715,0.370987,0.0475433,0.30261916,-0.025228534,0.35040295,-0.0087632565,0.38246453,-0.018849405,0.4297101,-0.02386964,0.29203656,-0.018926628,0.4208703,-0.013161696,0.37372905,0.002848172,0.36488244,0.03707747,0.35899866,0.043029625,0.3618907,0.06444338,0.4354296,-0.008455029,0.3287683,-0.012538362,0.2854264,0.0026537396,0.30763853,-0.009988796,0.35484928,-0.01059936,0.3141344,-0.014977807,0.291437,-0.03595058,0.33162704,1
-142.26442,3.2697406,34.48599,2.4977126,-20.97476,2.9657342,21.162512,2.7194903,-20.196613,2.8322446,33.40973,3.2067828,35.294365,2.4860334,-1.125957,2.4423902,20.843048,2.4712524,3.9520657,2.6807659,-6.4035993,2.675964,9.468511,2.405611,-24.559187,2.888906,12.534816,2.817685,5.6356754,2.3841274,8.4937935,2.535269,4.787312,2.1548276,-3.0441928,2.708438,1.9331388,2.651484,5.147416,2.5543718,0.039297216,0.49714357,-0.030626323,0.37123436,-0.04810012,0.46670324,0.02275018,0.45527953,0.073317215,0.3811445,0.06997816,0.5027181,0.033289373,0.41073552,-0.014549882,0.45513153,-0.038041964,0.4113414,-0.09166623,0.55982965,0.015762646,0.424931,0.006482228,0.30291295,-0.055352736,0.5274134,-0.015687525,0.49397,0.0373725,0.35237357,0.027126048,0.43935224,-0.0315008,0.32297885,0.017435512,0.40099669,0.03243749,0.46741858,0.021275582,0.4857809,-0.10329654,0.52096593,-0.00987697,0.3324357,0.02847348,0.4870081,0.0013321115,0.3515312,-0.014288933,0.4392423,-0.0034222933,0.53510374,0.0069196187,0.3361425,0.016922489,0.35972446,0.012064581,0.35658407,-0.025202729,0.3480961,-0.029144583,0.37575874,-0.009554946,0.2695719,0.051796053,0.4309666,0.03187533,0.47907516,0.009663478,0.34659287,-0.015882442,0.3662575,-0.03997295,0.3016743,-0.068316415,0.39497802,-0.045941513,0.32920036,-0.040620152,0.35309064,1
-142.11424,3.9501643,34.977825,2.3390417,-22.017773,2.4669604,21.253067,3.0043669,-18.685526,2.8729231,34.08562,2.9683938,35.705227,2.3522162,-1.4646387,2.2685635,20.578447,2.7748575,3.6296866,2.6454687,-5.98366,2.6486828,8.9176445,2.8322554,-25.967129,2.7529838,12.177295,2.3136935,6.2734656,2.1531086,10.057813,2.4355938,5.116636,2.187469,-4.7002287,2.2595818,2.232073,2.6124394,5.9228625,2.530161,0.022358334,0.65442795,-0.016935162,0.40170112,0.01822748,0.40662876,0.010138735,0.5122397,0.0006777048,0.42998618,0.034660205,0.550088,0.0105637,0.34040102,0.03430904,0.4498726,0.0012542963,0.46946278,-0.043405633,0.45856267,-0.0044076093,0.43684453,0.007783732,0.35002923,-0.0030630818,0.5100602,-0.037805483,0.3769678,0.022525249,0.35063174,0.040597953,0.47339326,0.028654154,0.40850717,-0.025635403,0.4061153,-0.042369477,0.42952582,-0.055249475,0.43024394,-0.12505756,0.6299491,0.023203686,0.33645612,0.014277665,0.33871377,-0.023999698,0.4418296,-0.06633931,0.4403,0.03779725,0.39580104,0.0060489783,0.3296744,0.01542923,0.31980404,0.041421477,0.46930802,0.0006109742,0.35992226,0.011768239,0.34704626,0.03769275,0.4022028,0.050520264,0.43822646,-0.027210828,0.3056077,-0.00720226,0.27508363,-0.022599563,0.33106434,-0.008358323,0.31008694,-0.004339198,0.3054649,-0.009318117,0.3305831,-0.011024275,0.32588524,1
-142.35555,4.0769067,34.710247,2.483184,-21.119354,2.539694,21.758263,2.64689,-19.90744,2.7967434,32.67959,3.300711,35.57941,2.4661484,-1.4367058,2.5605052,20.637934,2.687265,3.9219823,2.8781955,-5.9375243,2.7301874,9.061748,2.9861798,-24.963636,2.3623555,12.474035,2.76782,5.822462,2.1948993,8.669488,2.4666529,4.627698,2.3293283,-3.3156993,2.5641441,1.8985218,2.1806486,5.5300903,2.6324737,0.04073253,0.71100557,0.018520113,0.36240524,-0.038201142,0.4969863,-0.007559344,0.47113588,-0.05064649,0.4070934,-0.042042073,0.5562565,0.006152231,0.4186067,-0.017387025,0.49823275,-0.012692703,0.43094087,-0.0155100105,0.49858803,-0.060650256,0.39419565,-0.02735682,0.48594537,0.008385677,0.39289907,0.07640663,0.49107113,0.062228628,0.39327034,0.019661695,0.39311793,0.028722696,0.32795238,0.033758856,0.35790294,0.043525543,0.33364928,0.0024268718,0.48662856,-0.11443577,0.52502155,0.04672171,0.32771906,5.0399623e-05,0.38118297,0.009914475,0.34507638,-0.012608324,0.42495894,0.01780759,0.37171817,0.02035957,0.32201222,0.025346277,0.41556248,0.028812768,0.43689853,-0.0040569105,0.44263923,-0.026864873,0.3614408,-0.025876157,0.40736556,0.018255802,0.32357752,-0.0031887146,0.36782557,-0.028899193,0.29755786,0.011545478,0.37254927,0.017704058,0.33116865,0.019281197,0.328746,-0.010642871,0.23975019,0.019182198,0.3744914,1
-142.03233,3.7918777,34.801315,2.4539156,-21.255865,2.5113742,21.318499,2.8565145,-20.32638,2.7420557,32.825542,2.8105156,35.475803,2.3837044,-0.9185435,2.3439772,20.479485,3.0808735,4.3057647,2.721066,-5.927152,2.7968493,9.5283575,2.640534,-24.315723,2.874414,12.86758,2.4420955,5.3193254,2.5287914,8.20033,2.4795535,4.531986,2.9659104,-3.006283,2.7130818,2.4965281,2.543776,6.0271025,2.441494,0.025734894,0.6408795,-0.020833803,0.4074112,0.02221436,0.48808092,0.02055856,0.5418915,0.008412205,0.44904375,-0.017625865,0.48685738,-0.010549298,0.32038584,-0.021037558,0.47097927,-0.021487692,0.47466597,0.02044165,0.49116972,0.0034939903,0.4923714,-0.010541049,0.4189417,-0.012479464,0.56194156,0.039769154,0.4097993,0.018260887,0.4148468,-0.008696087,0.45055467,-0.062404018,0.5277894,-0.000103514125,0.44713104,0.007782322,0.39980695,-0.037097123,0.43693265,-0.1069777,0.55507153,0.03333595,0.29561517,-0.00029399488,0.3691406,-0.02777911,0.3233167,-0.043940354,0.43820816,-0.0589125,0.48111215,-0.027441457,0.40386748,0.04410061,0.39790693,0.03153207,0.4941949,-0.005037605,0.47955862,0.001736087,0.3826083,0.0017012174,0.35434428,0.013490943,0.41617334,0.009864862,0.29437217,-0.005165631,0.3561881,0.013085088,0.3573218,-0.0048873625,0.4074257,0.007751397,0.33511996,-0.014840605,0.3113779,-0.008637864,0.2902991,1
-142.0994,4.3008103,34.847378,2.6952639,-21.131193,2.1838696,21.094296,2.2853467,-19.591688,2.543965,32.9827,2.995206,35.326862,2.417544,-1.4219464,2.3137925,20.91314,2.7153964,4.0361686,2.8609707,-6.166856,2.9621904,9.736007,2.6600416,-24.798395,2.5628936,12.169324,2.3722258,5.451575,2.2981,8.441518,2.3376675,4.5469584,2.390933,-3.2479224,2.5404263,2.2910733,2.3618858,5.572072,2.2952209,0.05310235,0.73492247,0.0030380965,0.4239185,0.011171446,0.38714126,-0.009988564,0.3760938,-0.010909409,0.398733,0.03047884,0.56579864,-0.018831722,0.3838735,-0.024122594,0.4357352,-0.002787555,0.5190718,0.03075021,0.4876492,-0.02085613,0.42604625,-0.0019835867,0.41049635,0.011529491,0.4666389,-0.018744763,0.42705747,-0.014038453,0.38502073,0.022189798,0.4051112,-0.0074589574,0.29739583,-0.02182676,0.42518476,-0.03200039,0.38706145,-0.01983866,0.4403487,-0.09630126,0.54693043,0.04320423,0.42591175,0.019586248,0.2706172,-0.0098203,0.2716549,0.009369627,0.36128667,0.0019842442,0.4120123,0.00940028,0.31957656,0.011279334,0.3346458,0.00045974622,0.4352944,-0.033078793,0.43223107,-0.015252822,0.47569597,-0.046439644,0.39048183,-0.048778657,0.41514447,0.02189805,0.36663723,-0.012570103,0.27795458,-0.00032837025,0.34584767,0.016389789,0.302939,0.030067293,0.3438946,0.021724273,0.32224926,-0.0050110877,0.3138923,1
-142.92743,3.9095557,34.527073,2.680554,-21.284563,2.3595521,21.03416,2.424043,-20.101473,2.9201066,32.57122,3.0633082,35.777706,2.8485644,-0.5035607,2.6151361,20.846413,2.412383,4.3655114,2.6327977,-5.9284363,2.7719595,9.538511,2.7400637,-25.19895,2.8567772,12.336619,2.3217366,5.712626,2.148877,8.082486,2.488088,4.952834,2.2276125,-2.488271,2.4810228,2.7338214,2.6765404,5.812697,2.3532374,0.029221036,0.664407,-0.03780018,0.4228188,0.005217609,0.3230077,-0.027775517,0.4158394,0.047885798,0.46899885,0.02124114,0.5010761,0.061588045,0.42745367,-0.0032891708,0.506777,0.021272115,0.43813092,-0.010765388,0.50299984,0.017629102,0.4438891,-0.013411232,0.39860216,-0.004806251,0.5311827,0.045378733,0.3802724,-0.020284172,0.37583652,-0.056966547,0.45171762,-0.022274394,0.3344803,0.022773769,0.42998487,0.04811898,0.3906866,0.019329133,0.44319984,-0.116769634,0.51922613,-0.017941501,0.33815652,-0.009920502,0.321728,-0.035876237,0.3189783,0.014549123,0.40982398,0.032567866,0.3875895,0.002721781,0.38496462,0.04729313,0.36376113,-0.014943431,0.3326751,-0.018869461,0.37737623,-0.012447269,0.3954879,-0.012214558,0.44164398,-0.0016800106,0.43208316,0.02227073,0.3257392,0.03570516,0.31760496,-0.029282192,0.37290543,-0.028500205,0.29163677,-0.0072284504,0.33585605,0.012803217,0.33257174,-0.0031253146,0.31705824,1
-142.16553,4.304699,34.83155,2.4807496,-21.013681,2.8913627,21.823805,2.2834017,-19.657722,2.4918537,32.62768,2.703276,35.037292,2.8136592,-1.2712327,2.3870776,21.088047,2.5916417,4.1905484,2.9032893,-6.299113,2.6686513,9.533178,2.5855978,-24.70687,2.6457794,12.470788,2.54406,5.9171724,2.5717695,8.406194,2.3063517,4.736591,2.6507053,-3.259274,2.367652,1.8623474,2.6923783,5.0479803,2.416948,0.049968302,0.8928251,0.027786791,0.37855932,0.007698555,0.53495693,-0.03807822,0.37885767,-0.003512345,0.41161364,-0.00330494,0.51240224,-0.010616901,0.43677327,-0.028896028,0.418475,-0.0073621063,0.41388443,0.004174575,0.4842016,0.02079972,0.46107653,-0.020973323,0.3619919,0.0104257455,0.49806032,-0.015236978,0.42993432,0.022749024,0.43387458,0.002952358,0.36320588,0.027387656,0.4816328,-0.024778495,0.4123807,-0.019787278,0.41000688,0.008025196,0.4249531,-0.10546648,0.50807,0.019849014,0.3546659,-0.013655945,0.43447703,-0.038440604,0.2960659,0.018655691,0.3854375,0.0075801876,0.38133663,-0.016608935,0.41656718,-0.03424311,0.35470834,-0.02718931,0.37402824,0.012497675,0.4386734,-0.022797382,0.39095572,0.005134465,0.33365977,0.036468048,0.3926063,0.014402866,0.3690029,-0.026177334,0.37211862,-0.011829585,0.29830816,-0.026148986,0.34229487,-0.011485761,0.25309673,-0.01187054,0.34952992,0.01473679,0.31733763,1
-142.55803,3.8483126,34.9498,2.914303,-21.227942,2.533017,21.693874,2.791109,-20.076023,2.373668,32.861828,2.3944871,35.63293,2.6270926,-1.085432,2.035537,20.832275,2.8467999,4.3307166,2.6741507,-6.3721714,2.7369246,9.303816,2.7373054,-24.503,2.417646,12.601148,2.601986,5.3573484,2.2955616,8.83067,2.5970652,5.212999,2.6428578,-3.342758,2.78425,1.9936197,2.472059,5.640865,2.6718392,-0.010589519,0.6137792,-0.04580026,0.520068,-0.028673474,0.41911057,0.016863994,0.5380429,0.027693335,0.43238175,0.0056832093,0.35713002,0.016559437,0.42576918,0.016611582,0.35692725,0.014915181,0.49618506,0.008183755,0.53658026,-0.011620127,0.46495894,0.025682067,0.43340662,0.081315145,0.47063467,0.026581721,0.40069208,-0.009267621,0.40421957,-0.013724041,0.5187979,-0.0010823938,0.4850878,0.02261895,0.34280267,-0.012022606,0.34024423,0.012646111,0.4928289,-0.068895504,0.3994718,0.05028973,0.3290618,0.028625758,0.3257254,-0.015596731,0.33930546,-0.033101495,0.31068724,-0.0032909242,0.34350726,-0.012716944,0.389311,-0.0067559914,0.30942518,-0.031580392,0.41762328,-0.0070256745,0.37192485,0.0093257995,0.36814678,0.017663427,0.35699967,0.020496218,0.32651377,0.018126745,0.3614812,0.00015431551,0.31196266,-0.005365506,0.4008177,-0.0059036,0.3409507,-0.027303364,0.30777505,-0.0479073,0.33536845,-0.040902715,0.34719455,1
-142.07214,4.0134826,34.731678,2.3883803,-21.079382,2.8386304,21.255295,2.6670008,-20.318052,2.6386888,32.563694,2.800224,35.395123,2.5539339,-0.8314567,2.1008663,20.605053,2.842179,4.5803456,2.7675133,-5.92864,2.7616415,9.385265,2.5812013,-24.932098,2.64541,12.372198,2.952965,5.241552,2.2114747,8.218354,2.8988957,5.1439514,2.34501,-2.6996617,2.2736924,2.6410184,2.3620498,5.8659096,2.3166668,0.021604262,0.67450774,0.026255846,0.39718366,0.01758717,0.51183456,0.02318633,0.5452063,-0.006068617,0.4681305,0.036825806,0.5392047,-0.03586147,0.42230466,0.0028746384,0.36608195,0.02197496,0.48402315,-0.005823687,0.47108284,0.01590008,0.4262888,-0.010412172,0.41250432,0.0029234996,0.5081237,-0.026218941,0.5669237,0.025937712,0.35733035,0.013048172,0.5913369,-0.016095432,0.36315203,-0.021983283,0.35033152,-0.03288977,0.4005612,-0.020049084,0.40191373,-0.12263942,0.5587881,-0.0061611654,0.3242882,0.008190588,0.4125489,-0.003061014,0.34117195,-0.011271104,0.39042127,0.030805742,0.41957712,-0.0033277245,0.34734133,-0.016085826,0.27604663,-0.02249824,0.49879575,-0.03699842,0.4125099,-0.020880584,0.38517135,-0.00013652949,0.39641073,0.031180426,0.39209267,0.028021518,0.45765904,0.00016146142,0.27954987,0.011470914,0.49207854,0.0083276825,0.31476176,-0.024902519,0.3150261,0.010172512,0.32136133,0.020730793,0.2937089,1
-142.6665,3.8474033,34.888905,2.8154936,-21.122463,2.9486387,21.442938,2.9356582,-20.15233,2.7495248,32.934097,2.6760855,35.545258,2.1535058,-0.952095,2.4964306,21.047808,2.4750023,4.3672523,2.8116868,-6.313962,2.979947,9.450785,2.402452,-24.289963,2.688132,12.649103,2.5802624,5.6581492,2.5186958,7.978847,2.3321252,5.1691666,2.4095771,-2.9541368,2.5526993,2.238105,2.1829484,5.3666615,2.4892757,0.047955424,0.5978727,0.038586594,0.42389992,-0.07794078,0.54208463,-0.007226012,0.53976697,0.00591513,0.45165345,0.037295863,0.47945642,-0.009089541,0.32294205,0.0058775297,0.4625299,0.031189933,0.40626618,0.019525995,0.46415782,-0.013134918,0.5160527,-0.04254136,0.35563368,0.03389904,0.43770355,0.010808356,0.37035966,-0.008144032,0.45894796,0.012398778,0.39405885,0.0073519633,0.41055962,0.05402445,0.42858142,0.03430233,0.35628036,0.022108914,0.43784302,-0.07259011,0.4394409,0.046328545,0.405463,0.01264757,0.34459317,-0.03794384,0.37550962,-0.0107333185,0.34753296,-0.01908141,0.3673285,0.00845492,0.28131846,0.05224667,0.39059013,0.012004956,0.36608222,-0.0012304911,0.41568768,-0.013380228,0.44022045,-0.011524092,0.3458712,-0.0016372497,0.34919724,0.010084472,0.37271702,0.020997293,0.36272758,0.008316401,0.34380502,0.020901492,0.32580522,0.0012612402,0.30825433,-0.018288469,0.27466252,0.0028830308,0.28211194,1
-142.32654,3.5013587,35.009735,2.3943937,-21.011412,2.3926306,21.361643,2.8398874,-20.237522,2.863138,32.840897,2.8608184,35.41875,2.3812587,-0.7023278,2.3534956,20.914,2.4124372,4.102542,2.5891562,-6.280896,2.826061,9.983275,2.5775268,-24.673393,2.6248589,12.68002,2.5550468,5.806724,2.6274054,8.025917,2.415379,4.5373693,2.3431628,-2.9337082,2.7328045,2.3365026,2.5561726,5.5868654,2.1483793,0.0889952,0.67225176,-0.0058683697,0.33924645,0.01636347,0.44304794,-0.03202003,0.45804083,-0.008431874,0.43276477,-0.023936836,0.477369,0.06256891,0.36816368,0.035977297,0.47133142,0.0019029388,0.35928455,-0.0050404496,0.42955008,-0.01844777,0.39877924,-0.009861022,0.36208072,-0.05073508,0.533577,-0.019876603,0.39525446,0.0014403086,0.5025904,0.010077431,0.42978293,-0.04498014,0.36422372,0.024944397,0.54732835,0.062029537,0.42500055,0.0026318901,0.3809677,-0.065597,0.39481965,0.020959044,0.3717583,-0.006515191,0.3329217,-0.02771957,0.39214215,-0.013117825,0.4166747,-0.01592251,0.39906952,-0.006195653,0.33873886,0.006146765,0.34453,0.007926859,0.30888122,0.0039768643,0.37610006,0.011454913,0.39369532,-0.00405094,0.30400917,0.02788815,0.3890276,-0.015634306,0.37848493,-0.039903667,0.3886084,-0.0070577436,0.35100794,0.007413951,0.26295355,-0.03837361,0.4136184,-0.030642854,0.36573532,0.009615591,0.26728725,1
-142.73769,3.632437,35.028027,3.1419232,-21.240246,2.3412287,21.234653,2.9222996,-20.083878,3.0523505,32.80933,2.8458867,35.531597,2.4540706,-1.1782105,2.2635672,20.542238,2.5439131,3.989792,2.6080544,-6.0363197,3.0572658,9.748827,2.8687408,-24.406008,2.925838,12.417922,2.5916605,5.8779707,2.2798927,8.097269,2.311248,4.5610614,1.9576164,-2.8720407,2.4615703,2.1878078,2.5300033,4.981434,2.8259375,0.02552707,0.51850325,0.036558043,0.46026018,0.0028352775,0.44697616,-0.017290957,0.50503045,-0.06606201,0.44738284,-0.026332237,0.45144442,0.013380665,0.35100284,-0.006178345,0.40064,0.034897562,0.41170564,0.0069127525,0.4568784,0.024672773,0.50139266,-0.025444992,0.46914378,0.0030175173,0.57085544,-0.017715402,0.42965874,0.029066892,0.39911294,0.00030441926,0.460509,9.084527e-05,0.33612844,0.008063744,0.46570513,0.02716608,0.42690244,-0.021325963,0.54441524,-0.090565756,0.5058212,0.06863431,0.48146096,-0.02930415,0.29999095,0.03023971,0.35106742,-0.022224499,0.39154795,0.010986137,0.362406,-0.0036918565,0.32107067,0.0040085553,0.32279015,-0.021301776,0.34179392,-0.016561577,0.37808013,0.0022654326,0.41513598,0.014481389,0.39566782,0.024968041,0.39372003,0.005614564,0.33955002,-0.016642021,0.2679714,0.0013382352,0.29234755,-0.01740237,0.24067105,-0.01924729,0.36063352,-0.0329216,0.29620838,-0.0020683133,0.4033115,1
-141.81194,3.7972362,35.064922,2.4494724,-21.56531,2.7733698,21.630337,2.619452,-19.203514,2.793085,33.685005,2.5284538,35.29617,2.2232187,-1.4357121,2.346195,20.798569,2.3490098,4.029696,2.8847115,-6.1882014,2.9111798,8.732484,2.9726393,-25.484436,2.6450632,12.565901,2.309869,6.345893,2.466238,9.8854475,2.160213,5.3535137,2.4599903,-5.1700335,2.0649662,1.7958006,2.171159,5.7132664,2.3186715,-0.056541678,0.7287692,0.01576321,0.3343365,0.027131258,0.5576255,0.04116745,0.45206982,0.00513359,0.39002812,-0.0028874865,0.46969968,-0.018427406,0.34223542,0.0039004765,0.40418273,0.0129515,0.422713,-0.03928661,0.48828283,-0.05255262,0.47487682,0.013840019,0.4001519,0.021608116,0.46452105,-0.001182657,0.30924913,-0.018829655,0.47303194,0.020291246,0.33109617,0.022326998,0.40998363,0.001501098,0.2841188,0.015597754,0.33150285,0.016742086,0.38850772,-0.1010975,0.48268843,0.024020988,0.34220427,0.021290358,0.39985752,-0.0348537,0.34720847,-0.011173758,0.44513413,-0.0022569427,0.35119367,0.026281958,0.28195158,0.035293512,0.3791688,0.019032434,0.39825198,0.011583686,0.41682962,-0.03611427,0.3653988,-0.0077298405,0.3495469,0.0071084113,0.3950466,-0.021384254,0.28146395,0.0015640873,0.30200645,0.019690247,0.31206432,-0.005755419,0.33874342,0.017283855,0.28920546,0.0025446562,0.2682368,0.01674216,0.31245497,1
-142.59448,3.4585278,34.620686,2.4243987,-21.220583,2.7738898,21.566008,2.6614316,-20.182884,2.7835896,32.39529,3.020172,35.229473,2.6112444,-0.49571338,2.4887142,20.621735,2.4384594,4.4556546,2.522193,-6.10388,2.5639858,9.693539,2.8714886,-24.517096,2.7314498,12.71134,2.428387,5.4546022,2.1766694,8.05134,2.2722456,4.891669,2.6471157,-2.7830572,2.5027754,2.1508482,2.5230916,5.469719,2.3241634,-0.008556839,0.5785598,-0.04863187,0.4112341,0.055546593,0.56736463,0.013803226,0.46081522,0.042829588,0.50320214,-0.022377063,0.6228768,-0.0119656455,0.41120777,-0.0062393215,0.49691346,0.016175613,0.43490335,0.004443162,0.42730692,0.010155447,0.40269628,0.025018245,0.43451473,-0.009666471,0.4896878,-0.0013207152,0.37992138,-0.01940216,0.3625312,-0.028277427,0.39642292,-0.036093935,0.41552067,-0.016253503,0.42039645,0.007825399,0.41874927,-0.012856186,0.3948321,-0.03432571,0.37561145,0.019229973,0.28314325,-0.013616611,0.3678623,-0.021464834,0.31140652,-0.029057147,0.4175831,-0.033139408,0.3665961,-0.024620477,0.38051328,0.022956746,0.36570948,-0.032172862,0.36038756,-0.02281631,0.3604695,-0.039583515,0.3578294,0.0048657088,0.3836152,0.022999825,0.40268037,0.007909219,0.38458914,0.010116439,0.26465905,0.018769793,0.3061141,-0.041469995,0.36825013,0.007847689,0.3156744,0.03681086,0.35439467,0.010115504,0.29902205,1
-142.6735,4.167696,35.129642,2.7892268,-21.047796,2.7522664,21.036856,2.8304758,-20.10022,2.9410725,32.65815,2.7492223,35.342308,2.2603424,-0.83248794,2.5163453,21.006805,2.5154011,4.204004,3.0200188,-6.192961,2.6751654,9.581444,2.8358803,-24.327618,2.6821766,12.743613,2.8329916,5.4772396,2.4385672,7.998047,2.4987626,4.890611,2.6655223,-2.758517,2.2602763,2.2608886,2.191025,5.169114,2.5389347,0.037144087,0.6179399,0.037219025,0.4796167,0.0010117292,0.46486428,-0.07506488,0.5573285,-0.052373137,0.5032666,0.049270153,0.47554213,-0.016015764,0.29832447,-0.026758622,0.5018781,-0.017060159,0.37763003,0.011823705,0.5074037,0.015895586,0.3878412,0.006042235,0.44923013,0.0020886585,0.4818359,0.022604054,0.4101601,0.0062491135,0.43173173,-0.03541187,0.38353932,0.023342898,0.4699268,0.0060607055,0.3567973,0.039774314,0.32815313,0.0062503098,0.48362973,-0.09277504,0.5425517,0.06619311,0.37510502,-0.04374548,0.41559356,-0.014082593,0.34264103,-0.016144753,0.33549652,0.043954697,0.38959095,0.021513758,0.33331552,-0.015188635,0.38984182,0.0074272337,0.36341617,-0.0005335725,0.40470102,-0.022491025,0.36471945,-0.047717933,0.43326914,-0.00790769,0.37865984,0.048792016,0.47356847,-0.03204215,0.3470552,-0.009762887,0.3598071,-0.027216787,0.40290022,0.021529263,0.2812282,-0.007431739,0.2828574,-0.0001023006,0.29063615,1
-142.71527,3.3768375,35.180984,2.8549054,-20.983875,2.2507324,20.807455,3.0734818,-19.88745,2.5912447,32.813522,2.7236714,35.788567,2.218659,-0.80841863,2.3113825,20.70786,2.3576841,3.8372178,2.548331,-6.3535223,2.9717305,9.97479,2.5066383,-24.51311,3.1920507,12.72055,2.4936469,5.4027586,2.7623148,8.030182,2.8485029,4.67342,2.303633,-2.9637012,2.464482,2.3338974,2.3814037,5.3025627,2.2895865,-0.014928818,0.55579776,-0.06831509,0.4829782,0.014702494,0.37320787,0.050042886,0.54509765,0.036775365,0.4260758,-0.0010510271,0.4869728,-0.007936158,0.33694476,-0.01845832,0.41662,0.006577645,0.3418891,0.041000802,0.40858626,0.039605886,0.48070753,0.022122582,0.40917835,0.026355404,0.6368168,0.029230593,0.43105376,0.022848796,0.50199944,-0.054548126,0.50270706,-0.017525319,0.37598974,-0.032706305,0.3864812,-0.050031826,0.4013664,-0.016578624,0.41531035,-0.06418411,0.40506297,0.02818415,0.38514405,-0.0015572108,0.3594487,-0.06583666,0.43412954,-0.015045032,0.38793486,-0.013957243,0.40697274,0.0035811781,0.32631943,0.02659421,0.34789643,0.007374168,0.31700352,0.0061786985,0.3325261,-0.023418995,0.41131082,-0.0012522624,0.34644338,0.013253026,0.44587272,-0.008148665,0.33845168,-0.027556777,0.36542627,-0.009100288,0.40943834,-0.0017463693,0.2831554,0.0044126967,0.28372386,0.036858,0.31791154,-0.03786392,0.31063688,1
-142.69669,4.746938,35.197144,2.8887634,-20.845654,2.694315,20.722013,2.5368693,-20.494036,2.6243114,32.57476,2.9607491,35.59313,2.2969186,-0.8097012,2.6187181,20.784018,2.5591977,4.34347,2.8049223,-6.1009483,2.7514508,9.984494,2.578339,-24.16116,2.7083695,12.835174,2.2990246,5.9568596,2.692491,7.8775344,2.373402,4.842195,2.8603008,-2.9988146,2.5792203,2.3983588,2.338122,5.1486807,2.3968303,0.034091882,0.751872,0.037441514,0.4589497,-0.010584727,0.48705113,-0.03076272,0.47791496,-0.0074869157,0.40573403,0.0014399647,0.552759,0.008216553,0.36948812,0.026167374,0.49630198,0.017134137,0.49138168,-0.006818918,0.44818613,-0.011565503,0.39769194,-0.016332312,0.43751743,0.052333545,0.5667048,0.00954128,0.29759935,0.0076040966,0.40566993,-0.025167074,0.34748966,0.046316557,0.50690967,0.0011292911,0.43798834,-0.014083211,0.3819984,-0.036553126,0.4377073,-0.15511161,0.668743,0.037823487,0.3563424,0.047854003,0.382857,-0.024473757,0.28192243,-0.040222168,0.37412903,-0.006922719,0.4108384,0.021958178,0.33572048,-0.0058507207,0.37826186,-0.007152744,0.3720378,0.024347793,0.41344774,0.0018075485,0.40328932,0.0040617767,0.36846483,0.013935098,0.3737211,-0.00296132,0.26154575,0.016159896,0.32655773,-0.011828062,0.3182401,-0.01063553,0.39975885,-0.0357312,0.37838462,-0.02773363,0.3108411,0.016786499,0.303569,1
-143.15271,3.5780013,34.773777,2.3296046,-20.694288,2.6374633,21.67105,3.1487157,-20.03385,3.0379653,32.565826,3.1579778,35.215324,2.7831366,-0.54875666,2.3368795,20.929243,2.820118,4.440639,3.0090013,-6.6716733,2.5335124,9.640872,2.5457752,-24.359491,2.5809383,12.578692,2.2693074,5.6168737,2.2219315,8.047523,2.788332,5.069584,2.4239519,-2.5905874,2.8605282,2.0548856,2.632989,5.5668035,2.8360074,-0.050525084,0.57908213,-0.048508786,0.38708308,0.022747677,0.5124047,0.047179796,0.56552404,0.043806136,0.57588667,0.019412294,0.62761235,0.031701006,0.5209598,0.007237038,0.47173774,-0.013174375,0.47320783,0.009462677,0.5283473,-0.004590655,0.35072753,0.02629568,0.35569623,0.049060386,0.4335163,0.02597279,0.37790027,-0.039673336,0.41640258,-0.011237387,0.5524843,0.028020099,0.38051876,0.010132135,0.4972245,-0.006343414,0.43246213,-0.009762758,0.40631104,-0.056807917,0.41176236,0.001778775,0.32962552,0.03861097,0.37070316,-0.0478563,0.5219244,-0.012513115,0.37956053,0.007886428,0.38730484,0.0034919574,0.36158273,-0.028046178,0.3339782,-0.04125168,0.39170882,-0.039922643,0.4622481,-0.03261726,0.38135824,-0.030560376,0.37440106,0.0047057327,0.35488862,0.02146923,0.32270446,0.0038192254,0.27845955,-0.006925031,0.33571255,0.026758326,0.31460932,0.025659248,0.3597718,0.0021471546,0.3224595,0.009288401,0.37765896,1
-142.50989,4.5895796,34.735615,2.8161938,-21.105572,2.2443564,21.3023,2.6734264,-19.840128,2.796412,32.556324,2.8812323,35.705116,2.2749066,-0.67681956,2.7300339,20.756907,2.4314191,4.160994,2.4958744,-6.398824,2.6866589,9.60379,2.8313665,-24.10331,2.3663785,12.85493,2.4465332,5.6394305,2.3231976,7.654526,2.3630972,5.1198516,2.3875678,-2.6258178,2.5811245,2.1612294,2.4294622,5.429115,2.4523466,0.019740324,0.73625684,0.046825916,0.38333914,-0.00047395413,0.42643356,-0.00016305264,0.46455562,-0.00879881,0.38169405,0.03365659,0.5867885,-0.0046079606,0.34766904,-0.01597191,0.52406406,-0.0022030245,0.42407572,-0.062510796,0.48062462,-0.003334629,0.40020806,-0.026740246,0.44369298,0.0096341055,0.42572796,0.034253977,0.4401904,0.043007504,0.39794594,-0.019429471,0.39168814,-0.026321147,0.35949188,-0.025168488,0.4716366,-0.02229591,0.41551834,-0.00775187,0.4375619,-0.13808462,0.60244995,0.06740498,0.44552118,-0.015260299,0.31351134,-0.004959078,0.34628204,-0.056831695,0.43686202,0.029955853,0.3568366,0.027727578,0.32022417,0.014194337,0.39453164,-0.011650479,0.32111093,-0.02799548,0.3607787,-0.0029471451,0.3660004,-0.0075326003,0.4121799,0.013760234,0.3574888,0.012545679,0.31005886,0.022710094,0.28369093,0.001371181,0.2856423,0.0071320157,0.29634142,0.021907663,0.3588801,0.033272542,0.34447122,-0.0008346273,0.30369282,1
-142.20819,3.384089,34.81795,2.6700468,-20.896214,2.4086459,21.136873,3.092963,-20.604454,2.508646,32.523815,2.5451488,35.383896,2.4356835,-0.7669013,2.1851075,20.812347,2.9953868,4.518228,2.5937753,-6.5358605,2.4682293,9.821756,2.5182734,-24.179703,2.5647917,12.708999,2.1902053,5.1939864,2.128001,8.0104065,2.3960457,4.7242064,2.073457,-2.4170334,2.2488706,2.2444692,2.8041883,5.436252,2.475203,-0.017626395,0.5735802,0.0189371,0.40622866,-0.0362416,0.41007364,0.12408804,0.60111827,0.029677482,0.3957051,-0.0023784859,0.45810685,-0.008011534,0.31797734,0.019498164,0.39850712,0.005428637,0.5112908,-0.04300125,0.45222858,-0.006560002,0.3877077,-0.003376978,0.30168495,0.031210566,0.44156772,-0.015779564,0.29998446,-0.009168903,0.3901325,0.037279688,0.45450336,-0.020193864,0.2994198,0.022625985,0.3323962,-0.043228082,0.43179494,0.014233381,0.44781768,-0.009738216,0.4679478,0.041098926,0.34074435,-0.011478242,0.36067313,-0.061775442,0.4080517,-0.008452522,0.31515786,-0.040165313,0.3525146,-0.008160723,0.342321,0.016818555,0.27958152,-0.00203365,0.45663697,-0.0053189173,0.3439925,0.0004239119,0.32274067,0.018383067,0.30954003,0.0106345,0.38227305,-0.006779281,0.25946867,0.0028322772,0.25436392,0.0048582642,0.31620958,0.007501343,0.2545018,0.026060535,0.30025974,-0.004725863,0.37203494,-0.030452926,0.32631242,1
-142.7085,4.0584383,34.754528,2.982955,-20.855322,2.6995487,21.27415,2.6228025,-20.261656,2.8084524,32.516476,2.8984497,35.416107,2.3174603,-0.9994203,2.1126502,20.810596,2.7028039,4.0561666,2.9590158,-5.9950657,2.5896258,10.000642,2.5347815,-24.212332,2.3783948,13.128612,2.6042583,5.429038,2.46085,7.4065666,2.5053227,4.7916822,2.4835415,-2.493912,2.256792,2.1300876,2.5586605,5.2108254,2.467677,0.05603909,0.64775497,0.014638263,0.49227726,0.00935388,0.5476586,-0.042759996,0.50427896,-0.018491445,0.42665854,-0.055616435,0.6120322,-0.025474034,0.3930396,0.0023110795,0.42714748,-0.0037355744,0.43081763,0.020096188,0.47672987,-0.0012734358,0.37204483,-0.012226839,0.35590678,-0.042818442,0.41921064,-0.010436301,0.4488792,-0.018134871,0.45228267,0.033942472,0.46396017,-0.0044487864,0.38929793,0.009804508,0.40495944,0.026009245,0.42313692,0.04901434,0.40995675,-0.12577124,0.59357953,0.05136936,0.3974395,-0.014231506,0.33507264,0.011632828,0.28599694,-0.03468007,0.35111573,-0.014327824,0.42888805,0.009371044,0.28991857,0.041274212,0.33638787,0.033903494,0.3522524,0.009508968,0.403977,-0.011398938,0.3373486,-0.009374107,0.34828734,0.033435855,0.3644486,0.035871703,0.39255637,0.020318488,0.302361,-0.038217288,0.37901005,-0.01173872,0.33192945,0.0061938814,0.31188506,0.0014642129,0.31972975,-0.026613412,0.31493545,1
-142.44746,3.5120661,35.0604,2.8963077,-20.942482,2.5864031,21.046518,3.1402464,-20.176289,2.5020523,32.454094,2.8100882,35.399494,2.201825,-0.4821248,2.2859142,20.937561,2.0958283,3.5231507,2.6774538,-6.4482527,2.9715347,10.040663,2.7902558,-24.22287,2.6602483,12.406325,2.681553,5.139455,2.4311643,7.776475,2.591106,4.9561324,2.1408963,-2.3112366,2.457781,2.4363482,2.5664954,5.146994,2.1366944,-0.053985883,0.6927042,-0.045868646,0.43218768,0.036546174,0.4459791,0.012132784,0.5724467,0.0077115544,0.4049827,0.02544678,0.5159709,0.0022954573,0.3859622,-0.019681513,0.4159129,0.027179347,0.3711642,-0.03479941,0.46515292,0.023871591,0.45363075,-0.038148794,0.37944373,0.0041832547,0.44003683,0.0025067641,0.37759998,-0.0071750255,0.40987456,-0.054296378,0.47548595,-0.020067753,0.377088,-0.007780444,0.37469012,0.008572436,0.4070611,-0.0055573317,0.39788383,-0.056578636,0.41360256,0.03566872,0.4484302,-0.0063282866,0.33950722,-0.021191847,0.5019612,-0.0333113,0.306707,0.008421929,0.3905607,-0.006653135,0.27076155,-0.006579012,0.34289902,-0.006031028,0.31055334,-0.01759386,0.36652854,-0.034129165,0.41517434,-0.018116532,0.36500263,0.009612641,0.4389096,-0.0044999556,0.36834508,0.015529233,0.31996402,0.014093997,0.37083185,0.018926254,0.30397165,0.004208066,0.29399347,-0.008279577,0.3127856,0.0016169943,0.28260368,1
-142.88344,4.3616643,35.018238,2.5083117,-21.228554,2.3125005,21.361792,2.5912585,-20.039797,3.050699,32.71716,2.6462812,35.682636,2.4410048,-0.5082043,2.6858695,20.269564,2.6194537,4.1598577,2.6796262,-6.2976975,2.5987227,9.8982725,2.2198513,-24.453627,2.8256912,12.983994,2.335661,5.146773,2.5857666,7.9249754,3.1085787,4.989379,2.601238,-2.235187,2.5709956,2.1545818,1.9933977,5.2952414,2.207254,0.026659466,0.67900497,-0.032448143,0.46104005,0.01574718,0.40279964,-0.06528755,0.4852678,0.015118689,0.45108336,0.009397215,0.49503046,0.046734788,0.41261503,-0.007238707,0.52432656,-0.012711171,0.46335354,-0.030471222,0.42141643,-0.020537032,0.41933078,0.018762134,0.33668932,0.042408884,0.5165503,0.045509867,0.3796802,0.03245036,0.50279766,-0.028261775,0.57508636,-0.006352416,0.37741342,-0.058483638,0.4431728,-0.019539159,0.30170757,0.0065053776,0.3827329,-0.13039005,0.57984704,0.03410406,0.2970913,0.021121385,0.2962933,0.019310653,0.357402,-0.017881297,0.43539575,-0.00087640376,0.3935493,0.023719778,0.33857143,0.025718277,0.4347669,-0.020736305,0.3953904,-0.0029688543,0.32133916,-0.014791091,0.31925556,-0.026981106,0.29673266,-0.004762573,0.32836825,-0.018435868,0.2852486,-0.011939673,0.31590018,0.00031864367,0.38174567,0.024264028,0.35352543,0.030602394,0.3154159,0.0010875184,0.21234523,-0.005735545,0.29483306,1
-142.2948,4.341854,34.369938,2.506797,-21.872581,2.3259463,21.319607,2.4615045,-18.470161,2.9739685,33.560715,2.537065,35.269547,2.7469416,-0.9708746,2.1374736,21.248465,2.3591144,4.2005415,2.5977852,-5.9360194,2.8298435,8.871543,2.4499247,-26.337776,2.8294833,12.064242,2.5878983,5.835545,2.490635,10.114733,2.515866,5.5024266,2.6972568,-4.305531,2.5164015,2.4439049,2.4494753,6.0400867,2.5588417,0.071580455,0.79533464,-0.042405702,0.43250662,0.02892745,0.42066336,-0.011616494,0.44771123,0.05869902,0.5321856,0.030068317,0.38623983,0.044037674,0.45147106,0.0134312725,0.41327852,-0.03852694,0.4819455,-0.0864665,0.4528935,-0.06916686,0.45712835,5.7667952e-05,0.3374266,-0.028278207,0.52256083,-0.034188624,0.46144792,0.01966595,0.47106674,0.033696834,0.41626433,0.0017860963,0.5316759,0.0028866015,0.43523237,-0.012802316,0.38624054,-0.013458903,0.43248814,-0.099787064,0.51517195,0.020642787,0.32925043,0.024560224,0.2731553,-0.040070478,0.33507267,-0.043659948,0.4332085,-0.005969392,0.3762601,-0.0029438643,0.40395695,0.041538816,0.33514687,-0.021506079,0.35699266,-0.024576139,0.40853626,0.038785134,0.4343496,-0.019844305,0.36457732,-0.015854063,0.4430527,0.01439728,0.39143267,-0.0073124073,0.33683643,-0.021272538,0.33699653,-0.018100135,0.34710157,0.0077478527,0.31626832,0.021774277,0.3613838,0.027145907,0.33812547,1
-142.91202,3.5078535,34.595936,2.5427577,-20.978699,2.4610956,21.17385,2.9348202,-19.934961,2.6925914,32.672474,2.7818797,35.69329,2.4628837,-0.7259048,2.4482405,20.981934,2.3655434,4.0123725,2.857867,-6.573493,2.6572685,9.668723,2.4870613,-23.57921,2.6383634,12.778647,2.6876075,5.0263643,2.8238673,7.6632943,2.7413213,4.941702,2.6931906,-2.5453913,2.5884573,2.0447135,2.468573,5.376554,2.2890618,0.015407992,0.5752718,-0.013164267,0.4451161,0.055475004,0.43541473,0.010841824,0.49118984,0.032996774,0.41295588,0.0034418674,0.5044282,0.029770058,0.43405655,-0.0027810098,0.48596513,-0.013571483,0.3800645,-0.050232623,0.48941973,-0.019716194,0.3948761,-0.0125175845,0.34561035,0.015429635,0.5110545,-0.04952013,0.49826175,0.0010959551,0.53063005,0.033000987,0.51463324,0.033595726,0.4735831,0.007876337,0.51444197,0.041310098,0.41473684,0.023424894,0.37315884,-0.09867635,0.49534163,0.0029872335,0.30534607,0.006434434,0.31867853,-0.053005986,0.38648373,-0.026566058,0.34113005,-0.015850132,0.35062623,-0.0071679996,0.3693534,0.02231804,0.35437807,-0.018200776,0.31932378,0.0042010373,0.36095598,-0.012290786,0.35431966,0.0054426175,0.32072428,0.018061262,0.37924007,0.01871463,0.37161508,0.032578014,0.37962162,0.031424746,0.3523743,0.028255034,0.31230706,-0.04495392,0.34610015,0.00048807447,0.30550674,-0.011311443,0.27850085,1
-142.99811,3.753754,35.301376,3.075485,-21.042004,2.484055,21.507105,2.7960582,-19.922333,2.6661096,32.65852,2.8462255,35.288208,2.389077,-0.8596677,2.1991117,20.951702,2.6057036,3.9445772,2.3160548,-6.6008177,2.731193,9.714369,2.9445446,-23.891304,3.075962,12.989857,2.4756925,5.5649133,2.2665596,8.17221,2.791738,5.1307907,2.5811334,-2.2596426,2.4177947,2.124347,2.2997556,4.973709,2.4679763,0.017811393,0.5708649,-0.003067563,0.45607167,-0.02843584,0.44505873,0.029562682,0.51646405,-0.0005156957,0.41638547,-0.025857106,0.55768204,-0.031446405,0.38707775,0.022605484,0.4316104,0.032017842,0.40762362,-0.012484312,0.375086,-0.03838419,0.46843392,-0.058325097,0.4332447,0.024700653,0.5514664,0.024875391,0.42745927,-0.0058373627,0.3398445,-0.0099636,0.42418143,0.009259807,0.42009193,-0.0011728039,0.40116695,0.001797428,0.33440197,-0.042938102,0.401124,-0.09368119,0.547296,0.05656512,0.40229163,-0.015780581,0.371595,-0.007469816,0.37505388,-0.009431307,0.40306404,-0.011879196,0.40336046,0.0072928523,0.27049762,0.032666944,0.32311395,0.011552393,0.36911073,-0.023859436,0.31200793,0.037873935,0.38086098,0.04114673,0.42456475,0.04659236,0.4466552,0.015766133,0.3748031,-0.020940304,0.3172869,-0.02535245,0.31420448,-0.03994793,0.33558926,0.0044624745,0.28389043,0.01148387,0.28913063,-0.018512718,0.3406626,1
-143.16388,3.3734636,35.11694,2.7171028,-21.034912,2.3452404,21.718157,2.4610906,-20.043732,2.7251544,31.793407,3.1455514,35.472675,2.5018976,-0.23838551,2.0855155,20.509855,2.333997,4.2583785,2.4374542,-6.4619026,3.036264,9.98762,2.9811666,-24.04779,2.6877053,13.243728,2.5564582,5.357265,2.1765792,7.718212,2.6198168,4.7407885,2.5626373,-2.9850178,2.3316581,2.1582918,1.9188064,4.947884,1.997149,0.026518928,0.5952887,-0.06407099,0.46851546,0.013536605,0.42140716,-0.00013310267,0.42274055,0.051723547,0.38500118,0.018466663,0.5698637,0.018823883,0.41282928,-0.0039189607,0.35690138,-0.038906775,0.45186627,0.014284514,0.388658,-0.008675076,0.45264873,0.02228931,0.47795892,-0.014524893,0.4236228,0.036987495,0.3794126,-0.0046684043,0.3755994,-0.014476863,0.42270023,0.0044506914,0.398596,-0.010772094,0.32174292,0.012417727,0.26602352,0.00090413645,0.33046603,-0.039384,0.40312994,0.06573186,0.3737883,0.016753336,0.3506638,-0.01497546,0.32646632,-0.032457564,0.396261,-0.0697999,0.39484787,-0.023917025,0.3115975,0.0021735833,0.29352966,-0.0061929887,0.34528837,0.0036982384,0.34577367,-0.032062147,0.44707865,-0.017852454,0.36923763,-0.004734062,0.40799907,-0.02095816,0.40604547,0.0015450766,0.28530914,0.030759955,0.37126902,0.0013809287,0.33263737,-0.022489317,0.28839242,0.00616687,0.25358048,0.009106386,0.24871883,1
-143.01688,4.583468,35.582497,2.9822767,-20.872118,2.7323775,21.211967,2.45424,-20.151297,2.6162465,32.470238,2.7450316,35.20126,2.3425443,-0.57529587,2.2983956,20.8034,2.4570189,4.394385,2.444252,-6.3061223,2.5012596,10.1428995,2.759733,-23.982712,2.694665,12.736535,2.445642,5.021155,2.6299858,7.656441,2.4050913,5.1121674,2.3385072,-2.5224805,2.4642465,1.8560847,2.6113067,5.1561446,2.2433805,0.08403987,0.7996708,0.054359123,0.5371453,0.053214382,0.49859604,-0.03304647,0.43463013,-0.047007106,0.404626,0.019909792,0.47755975,0.001016074,0.3432539,-0.028654289,0.4387214,-0.026431544,0.4444324,-0.018330416,0.43836105,-0.013617748,0.33734795,-0.039463818,0.43282157,-0.009479146,0.44425294,0.028558882,0.38706496,0.01975363,0.4662259,-0.016142366,0.45625404,-0.014156284,0.3105298,0.004672517,0.37924024,0.037136868,0.3896179,0.02657456,0.34927937,-0.122771926,0.62321013,0.064005986,0.3896829,0.021767227,0.3769967,0.0051105027,0.30948523,-0.041174546,0.42098314,-0.025554609,0.37826025,0.0024639827,0.25008723,-0.008496462,0.300419,0.031384513,0.34897697,-0.02885991,0.3671375,-0.024855679,0.35145694,0.022853553,0.36212674,0.055178046,0.3783829,0.011317868,0.3476929,-0.008039603,0.32953393,0.014841459,0.29692313,-0.006712631,0.33122227,0.0020579046,0.28856614,0.008538434,0.3289315,0.026505375,0.33586505,1
-142.88072,3.300542,35.181763,2.7377598,-21.111973,2.4818525,21.11969,3.0636756,-20.244411,2.9244814,32.052124,2.8971205,35.40442,2.2018156,-0.11164003,2.5718207,21.076353,2.4459922,4.0119977,2.832687,-6.7133775,3.264179,10.007272,2.53544,-24.317724,2.6353846,12.853634,2.6203063,5.2452755,2.4769664,7.299291,2.976234,4.9252443,2.408745,-1.8992819,2.4278977,2.2690914,2.4964833,4.7142205,2.4039462,-0.019700099,0.5695004,-0.066214494,0.45632747,-0.011354815,0.4213287,0.044347916,0.5897635,0.06424896,0.41747627,0.031284492,0.5127612,0.039407093,0.33268076,0.007936388,0.47634265,0.037170902,0.42800865,0.017154543,0.46180147,-0.00973481,0.5061333,0.031004485,0.37458003,-0.0066507612,0.4586725,-0.012411612,0.47288975,-0.0045338385,0.39631963,-0.0017977788,0.51775104,0.010522097,0.39974028,-0.033052895,0.40354013,0.017231468,0.3820269,0.028642058,0.4560584,-0.052988347,0.38417634,0.027241817,0.36532018,0.01825028,0.34377065,-0.05709207,0.44323134,-0.016057998,0.41512913,-0.019298451,0.38042128,-0.028506476,0.29843184,-0.03302077,0.37179804,0.001418697,0.30168346,-0.010263437,0.34129962,-0.006618654,0.45695505,-0.01852805,0.33029786,0.007937547,0.40627426,0.0014131857,0.3881363,-0.0045265555,0.30698383,-0.023455497,0.4233709,-0.025308045,0.3228544,-0.03296326,0.27796134,-0.045273624,0.36206526,-0.032380126,0.30471277,1
-142.8428,4.100272,34.767704,2.9397857,-20.995117,3.0858257,21.484285,2.6046393,-19.936357,2.7905376,32.416424,3.249157,35.69208,2.587037,-0.16282977,2.3032157,20.763952,2.5936584,3.9889143,2.7587504,-6.4568048,3.0239317,10.22669,2.9933786,-23.670328,2.848959,12.934524,2.5500493,5.406714,2.5987484,7.5220504,2.3306482,5.006244,2.211589,-2.3030932,2.4912167,1.8334653,2.445498,5.214692,2.2667553,0.09244377,0.6445602,0.016191192,0.48404366,0.021211147,0.55958146,-0.032187436,0.49778453,-0.065336235,0.49121538,-0.071318574,0.56706715,-0.062944174,0.44910303,0.034466833,0.46980795,0.042423274,0.4994173,0.025621772,0.43206665,0.02683049,0.42057103,0.009003276,0.4687626,0.05305961,0.5244842,0.022193061,0.3280809,-0.020596096,0.45302662,0.03205598,0.38238466,-0.0065714214,0.3101448,0.01756099,0.4213084,0.036100887,0.3971734,0.042577546,0.38779324,-0.12064937,0.53089434,0.0627436,0.37701753,-0.04661868,0.416811,-0.031516597,0.31740716,-0.02554551,0.36605263,0.053546097,0.43845862,0.0020464933,0.30949134,-0.009807295,0.37735233,0.016898962,0.35614136,0.023689795,0.39378858,0.02461604,0.39835402,0.041877426,0.4501329,0.032020614,0.42571807,0.02487871,0.34353167,0.012011772,0.2932564,-0.023309575,0.27553076,-0.01802828,0.27358636,0.006503004,0.3196144,-0.0021196073,0.329797,-0.034456648,0.31640616,1
-142.57178,3.4984357,35.013737,2.5969586,-20.852097,2.761613,21.323801,2.696559,-20.05628,2.9138124,32.35154,3.237652,35.170967,2.8211145,-0.48695508,2.3172383,20.811497,3.1111286,4.3101764,2.8961647,-6.6089573,3.1038654,9.666956,3.1481028,-23.74564,2.7242985,12.261473,2.4860275,4.926153,2.1698399,7.403115,2.5644794,5.281389,2.3962634,-2.2844145,2.7129955,1.6723461,2.8197565,5.245872,2.53966,-0.026871039,0.626603,-0.011990958,0.3744041,-0.022784602,0.47993225,0.06681738,0.54597205,0.046046138,0.5110139,0.028910534,0.52709204,0.043253407,0.42996478,-0.00060091383,0.375025,0.027792627,0.51750475,0.008255439,0.46494633,-0.004478917,0.5188071,-0.024914324,0.47021532,0.017743954,0.48759854,0.0056399913,0.3620884,0.001809795,0.3311278,0.014823395,0.43124348,-0.0044568265,0.42365396,0.014847383,0.44926348,0.020099247,0.48566905,-0.030758949,0.46057287,-0.067023255,0.47322336,0.038269777,0.34721637,0.0020849379,0.31896767,-0.001026844,0.32434258,0.005011911,0.3597827,0.027091654,0.41628942,-0.006189512,0.3702928,0.007577605,0.31357625,-0.016585099,0.45743233,-0.02327049,0.42255852,-0.059686992,0.49656856,-0.040409397,0.46273285,-0.040923942,0.41379,-0.009643175,0.3479813,0.031855594,0.32017952,-0.009767717,0.3208942,-0.02606054,0.29950076,-0.032428477,0.42613852,0.015470518,0.36879095,0.017123103,0.37561488,1
-143.3528,4.092594,34.940544,2.9965346,-20.94568,2.8085127,20.98142,2.6671011,-20.21404,2.7877655,32.640427,2.7961643,35.40865,2.4273188,-0.5619765,1.9698375,20.749176,2.3699276,3.9449322,2.7541642,-6.433012,2.6097872,10.353914,2.3297167,-23.381487,2.6080496,12.740116,2.4422817,5.5167294,2.3899963,7.4890924,2.6243155,5.554631,2.551254,-2.1955369,2.5536156,1.5947276,2.457138,4.902894,2.4022002,0.11754383,0.6695765,0.020072041,0.4259236,0.032923076,0.49973783,-0.07867068,0.45833713,-0.010400221,0.4714803,8.706313e-05,0.5215038,0.0070873075,0.39110532,-0.0040649553,0.34302458,-0.06335783,0.40373957,-0.012030536,0.46813414,-0.010419524,0.45376945,-0.0044779684,0.34834883,0.015836101,0.4484084,0.023422556,0.3992077,-0.037930056,0.46480584,-0.044225067,0.49225459,0.011952008,0.39493048,0.0072494983,0.4247471,0.045292575,0.39453304,0.022675376,0.4365664,-0.08976935,0.4712084,0.07689472,0.44111204,-0.02462784,0.33372232,-0.0085576335,0.33717522,-0.024276,0.37981296,-0.021472761,0.39957103,-0.023807295,0.35056087,0.029569058,0.262813,0.029379414,0.31123173,-0.017189106,0.4361834,-0.006758034,0.35935104,0.023570677,0.32805213,-0.017326389,0.37422115,0.0468117,0.39745042,0.015037005,0.29234573,-0.013783746,0.3476346,-0.014708445,0.35256937,0.0023829138,0.3444033,0.030717244,0.3151404,0.011677795,0.3092152,1
-142.90688,3.208491,35.00773,2.4770868,-21.080057,2.6290674,21.386292,2.8772178,-20.134386,2.8450773,32.02017,3.00594,35.581512,2.7937365,-0.45919946,2.5034297,20.951777,2.6714365,4.0044274,2.6838992,-6.7431726,2.6101375,9.670733,2.644058,-24.063395,2.7422135,12.698343,2.5234692,4.8433547,2.8214993,7.4525814,2.727983,5.20582,2.9480543,-2.1286118,2.924899,1.8847125,2.5542789,5.0570087,2.5026546,-0.011891749,0.611352,-0.022555957,0.44522148,0.019917965,0.5451017,0.045392446,0.4952547,0.018964395,0.4520003,0.019694198,0.5069687,-0.03227392,0.45511872,0.007933054,0.47193176,-0.012778256,0.41617364,0.014009782,0.43375385,0.03179107,0.36120024,0.014178946,0.3972694,-0.017997231,0.49706158,0.014897785,0.4429543,0.085179694,0.50917524,0.066840746,0.47458676,0.03117305,0.55933136,-0.038085483,0.54758394,-0.023381071,0.39455912,-0.005707862,0.44942063,-0.08826857,0.46608934,0.03370155,0.33256435,0.01730355,0.37958553,-0.03757454,0.3811123,-0.0013627717,0.40590546,-0.008554144,0.3830604,-3.777834e-05,0.41309687,-0.0077348524,0.39189902,-0.024100387,0.36621162,-0.0107013555,0.3930946,-0.03978491,0.3726166,0.0036443102,0.31706443,0.013584347,0.40774116,0.0014146254,0.34930205,0.00029724377,0.36339837,-0.005383552,0.36089176,-0.045665145,0.37913558,-0.068839334,0.45017007,-0.035211936,0.30717218,-0.037073165,0.28869408,1
-143.23123,4.4180555,34.858166,2.9120924,-20.847319,2.4428935,21.228237,2.6628487,-20.043367,2.4705646,32.34253,3.0212784,35.277367,2.4058967,-0.76920706,2.3524773,20.65919,2.8081765,3.6971552,2.6592271,-6.2076225,2.663393,10.12656,2.6123846,-23.594639,2.4568918,13.170548,2.791622,5.4860086,2.5612402,7.276476,2.4210057,5.0659676,2.65211,-2.1035683,2.2018356,1.4065464,2.295428,4.745437,2.5007045,0.025738796,0.6264372,0.02866921,0.5039243,-0.022168651,0.4441557,0.0028297168,0.48583326,-0.019207539,0.39377525,-0.008973562,0.5420762,0.018612444,0.37141022,0.05364121,0.4985356,0.029141694,0.47655833,0.020242954,0.4552151,-0.0014335366,0.3792803,-0.0132942395,0.4203417,0.009464912,0.39941585,-0.044591773,0.42480046,-0.017157244,0.38658777,0.025049714,0.5085572,0.010548522,0.47029114,0.0020979405,0.35203728,0.034658946,0.3390307,0.005800992,0.40905246,-0.15325707,0.68171334,0.017536083,0.3392131,0.0074696625,0.33786628,0.0071019996,0.32049152,0.026554573,0.35658303,0.019384071,0.40110406,-0.007989929,0.31304705,0.005405585,0.35809425,0.040927015,0.41075847,0.001724875,0.3394461,-0.0033821207,0.34059882,0.018677939,0.37721574,-0.005248403,0.35449,-0.005735985,0.3762069,-0.0040130597,0.30008492,-0.03570099,0.3155143,-0.045090258,0.3755792,-0.024728538,0.29401243,-0.0021909843,0.32864207,0.008627398,0.3496599,1
-141.7567,4.0339236,34.97805,2.7758112,-22.185175,2.4036922,21.451302,2.4116905,-19.16092,2.962225,34.04162,2.4551578,34.81839,1.7638398,-1.186158,2.1304433,20.847548,2.8855636,3.5624332,2.809985,-6.109997,3.059098,9.002515,2.7021418,-26.125628,2.6815748,12.6406355,2.6825204,6.978096,2.4175742,10.225853,2.736404,5.3899584,2.4570937,-3.7056913,2.3759284,1.749489,2.3484342,5.4730005,2.5246875,0.05871498,0.68404627,0.031027654,0.4393287,-0.034916077,0.4661293,-0.0131455315,0.40474543,-0.028520258,0.49573797,-0.016142571,0.44279385,0.0082204165,0.29151767,-0.0048211045,0.42316493,0.01004322,0.5731049,-0.042623807,0.5168928,-0.04831134,0.5221715,0.020454166,0.36364448,0.02769417,0.47119156,0.01578962,0.46100357,0.0022228337,0.4526335,0.0137504535,0.47946706,0.03175677,0.4012051,0.01410996,0.41635028,0.029764239,0.3583389,0.03739245,0.44664615,-0.085530765,0.53465337,0.036197785,0.4301342,0.014074086,0.31713375,0.008568067,0.31527352,-0.048115037,0.45699736,-0.01326691,0.31016836,-0.0061443695,0.25152493,0.01822212,0.31377319,0.02674438,0.46932885,-0.018822301,0.41371745,-0.021672303,0.4019127,-0.0026901364,0.36069646,0.017473683,0.35869285,0.0048189475,0.41475925,-0.0021453174,0.33618414,-0.0034091738,0.35342646,-0.018180257,0.3339992,-0.0026365013,0.33302522,-0.016085709,0.326882,-0.018608266,0.3804354,1
-143.07222,3.6555781,35.033325,2.4090445,-20.824594,2.7013702,21.7253,2.7681952,-20.086359,2.5901542,32.001427,3.1226382,35.066322,2.4183068,-0.29751727,2.481871,21.027445,2.778057,3.8422096,2.6523268,-6.71403,2.8614604,10.070872,2.8584013,-23.376627,2.622484,12.667255,2.729214,4.839811,2.0283344,7.148446,2.7257864,5.2827325,2.611759,-2.0614412,2.3983145,1.9222887,2.3800151,5.090459,2.510941,0.022344766,0.5962761,-0.020499956,0.36092412,0.03880958,0.551651,0.05497404,0.51083857,0.060441017,0.48572853,-0.052508302,0.67147326,-0.06311582,0.38782102,-0.025431428,0.44723564,-0.00803931,0.44230908,0.031436667,0.4289287,0.04895608,0.44949895,0.02952291,0.42454508,-0.018041948,0.42713013,0.04795562,0.43398342,0.032424677,0.37536353,-0.013981744,0.47544459,-0.006265456,0.4274137,-0.009843514,0.39179346,-0.0149458805,0.35323203,-0.044138618,0.4607599,-0.0664644,0.3887508,0.027174635,0.3488006,-0.0047357506,0.37584317,-0.015104351,0.37846306,-0.036480814,0.35801113,-0.0401504,0.4015249,-0.009153348,0.32910958,0.021173092,0.341646,-0.0014371524,0.40003318,-0.013694257,0.40648532,-0.026274774,0.38712546,0.0068172254,0.4018166,-0.010168995,0.38723087,0.019015955,0.3515962,-0.012101145,0.2415252,0.011152015,0.37729684,-0.0029449775,0.35377237,-0.01703882,0.31861785,-0.00565286,0.2846433,-0.005792757,0.31973717,1
-143.0481,4.362272,34.538708,2.853815,-21.164637,2.623974,21.15871,2.158863,-20.06995,2.597729,32.10067,2.939743,35.182083,2.5099204,-0.15111472,2.071832,20.376383,2.8237479,3.5895462,2.613508,-6.493691,2.6618168,10.201042,2.451145,-23.294596,2.766524,13.232515,2.388232,5.29734,2.5817418,7.4797287,2.6736817,5.012882,2.5896676,-1.6721858,2.2302425,1.8521498,2.3602629,5.0456176,2.3805788,0.009387258,0.70329887,0.010330569,0.47970712,-0.009156871,0.42586917,-0.022442898,0.36931968,-0.06272887,0.44007078,0.03311129,0.53802377,0.04666389,0.4301101,0.036714606,0.37772194,0.039787672,0.5051104,0.008808824,0.42130494,0.030147828,0.4016298,0.021157747,0.41250497,-0.014949651,0.5106489,0.005953873,0.3696172,0.0068702893,0.44003382,-0.002923274,0.46214223,-0.0036182248,0.38679826,0.015888857,0.3773094,0.003228733,0.3544003,0.022721725,0.42809358,-0.15808114,0.7036675,0.0460898,0.34514204,0.03472447,0.38944915,0.0075958422,0.2777233,-0.014311896,0.34637466,0.007603703,0.35206002,-0.01035632,0.3007401,-0.006667549,0.29833344,-0.022783184,0.4367887,-0.031897865,0.36461067,-0.0030237895,0.35493365,0.018609753,0.3653096,0.04717422,0.397557,0.010288835,0.2962099,-0.014755739,0.36570624,0.004360023,0.356353,-0.06330303,0.38639814,-0.044299647,0.29547787,-0.011628859,0.25142115,0.0035137965,0.3084272,1
-143.258,3.5972087,35.242775,2.9601252,-20.754593,2.3783596,21.234545,2.7404292,-20.322222,2.734036,32.260128,3.0024135,35.402546,2.4136329,-0.38932395,2.3948264,20.7803,2.465386,3.9705834,2.521152,-6.69418,2.4958732,10.149406,2.430428,-23.719677,2.2723281,13.138995,2.4503996,4.8303504,2.5791373,7.1970816,2.5451996,5.016799,2.6436844,-1.5849428,2.4773717,1.6248962,2.4860342,4.5790777,2.432289,-0.0037837652,0.5179178,0.0063654864,0.52769935,-0.022094209,0.42320815,0.024315478,0.5124836,0.04273069,0.4778884,0.027475554,0.5238423,-0.027769884,0.37642646,-0.0025137928,0.40885055,0.024700388,0.42713866,0.018032672,0.45474726,0.009986456,0.37995607,-0.02122681,0.35165083,0.030521173,0.39327204,-0.0060326,0.4242664,-0.03787549,0.42091054,-0.0013111669,0.48293054,0.021901373,0.38881528,0.007077496,0.3898296,0.007233243,0.3843847,-0.002241727,0.40305296,-0.083419815,0.4602263,0.040204387,0.31809154,-0.011472634,0.34348872,-0.039927553,0.33946365,-0.040932085,0.38088545,-0.010670206,0.34885484,0.008032351,0.32848403,0.0564422,0.38860607,0.024639914,0.35822645,-0.0029995216,0.37004635,-0.007819376,0.30320334,0.011828154,0.310771,-0.010316183,0.30372176,-0.019319762,0.33330333,-0.025276145,0.34415507,-0.042981267,0.34887153,-0.045158774,0.36920416,-0.021761134,0.34516376,0.0034843541,0.3454227,-0.020599997,0.29536736,1
-142.93654,4.391591,35.020786,2.7622063,-21.08153,2.7142432,21.104557,2.5350432,-20.267345,2.8621836,32.19323,2.689597,35.816586,2.5025887,-0.46437278,2.183451,20.741901,2.3171587,4.163879,2.5349991,-6.2204447,2.5748014,10.336432,2.5511408,-23.46171,2.75814,12.938591,2.5614784,4.508722,2.6138148,6.838232,2.3619993,5.633177,2.383909,-2.1690578,2.483625,1.6620648,2.3632166,5.149193,2.2974176,0.057505526,0.7407034,0.01585,0.4212239,0.041097026,0.49239567,-0.045090504,0.490571,-0.0017772345,0.48462504,0.0095549235,0.5311849,0.018214932,0.35739198,-0.024601446,0.4238994,-0.02853299,0.39043692,-0.011563829,0.4031499,-0.016920866,0.3558921,0.02813485,0.36861205,0.055425644,0.51522046,0.00746281,0.39821887,0.016270068,0.43420517,-0.021600349,0.41253737,-0.014137596,0.37047884,-0.054437205,0.47979873,0.003375957,0.4113737,0.015755417,0.37310708,-0.09620357,0.48593953,0.045021042,0.3706754,-0.043804243,0.36504555,-0.009974383,0.31217226,-0.057560105,0.3768629,0.002743281,0.35469964,0.0075369733,0.31186312,0.023783881,0.36776215,-0.009016351,0.39026794,0.018598618,0.3569725,0.024403183,0.3848144,0.018972961,0.36911467,0.0037820248,0.40206617,0.028982524,0.3687498,-0.016016472,0.30905592,0.016435292,0.36283773,-0.020508006,0.31991252,0.0059263473,0.31347284,0.005132704,0.31455922,-0.02430344,0.26365292,1
-142.93039,3.3233273,35.15509,2.64381,-20.710852,2.4775932,21.23305,3.0215995,-20.37221,2.349181,31.92325,3.0304644,35.085953,2.6853213,-0.20992857,2.2357125,21.126999,2.8750074,4.227685,2.5584164,-7.1701484,2.732969,10.183108,2.7038605,-23.42424,2.915885,13.001618,2.3247557,4.931961,2.3889942,7.4659114,2.293434,5.6285615,2.6258733,-1.6766329,2.5681212,1.8768907,2.7819905,4.737395,2.80529,-0.017360967,0.5496485,-0.035618212,0.42805156,0.0027757883,0.3988156,0.016860137,0.5632918,-0.006919662,0.36875442,0.03236734,0.50658625,0.010674462,0.32063338,0.03283012,0.45726,0.026727902,0.50665927,-0.039638564,0.4429953,0.018669492,0.470671,0.044539783,0.36987033,0.022988247,0.5463078,-0.04056503,0.40908882,0.028518809,0.42001137,-0.0068978486,0.43825927,0.02534278,0.42168662,-0.00852086,0.42438534,0.021097315,0.45178413,-0.0062925853,0.49543622,-0.058264524,0.37927482,0.06823465,0.37223986,0.036384244,0.35150018,-0.016647154,0.35934022,-0.036253426,0.33911714,-0.07465308,0.45946798,-0.0013655204,0.3764336,0.004824793,0.3018374,-0.021940378,0.41529563,-0.0014690711,0.3658199,0.012724922,0.36176306,-0.010640009,0.35946447,-0.025023205,0.4815833,-0.025331208,0.3397841,-0.020549066,0.2985244,-0.021429773,0.35606104,-0.018477423,0.38638335,-0.044497762,0.34483647,-0.021881772,0.36008713,-0.028609639,0.34198016,1
-142.80453,4.4983144,34.844597,2.7266185,-20.650316,2.6996102,21.557192,2.341857,-20.572319,2.6782718,31.691294,3.1320088,35.00588,2.3268938,0.1497714,2.3354363,21.158953,2.5738513,4.1844697,2.6704156,-6.793239,2.4609895,9.863173,2.7210326,-23.556543,2.8412836,12.663445,2.620672,4.6675706,2.510279,6.982199,2.7349036,5.467601,2.9662018,-1.2613509,2.562631,2.0876212,2.6871743,4.9967027,2.1479812,0.042488586,0.7251222,0.009382556,0.40026823,0.010412505,0.52350676,0.008473845,0.44831964,-0.021967402,0.43181428,0.0013472246,0.6020242,0.02529278,0.30785277,0.023859829,0.46225253,-0.00093575625,0.3844234,-0.019108241,0.3746496,-0.019596117,0.29601473,-0.033798642,0.47180673,0.010727192,0.5329246,0.027435148,0.43981367,0.0041053407,0.4137294,-0.019695934,0.47803938,0.034568075,0.4466573,0.030722992,0.4110654,-0.011230296,0.41380188,-0.02521988,0.31525835,-0.16009137,0.6596779,0.04502952,0.33543715,0.017852377,0.36784318,-0.0043149535,0.30253005,0.02957926,0.43305406,0.03655407,0.46466812,0.016652875,0.31920615,0.0020619896,0.3468473,0.046465892,0.34653792,-0.0059171054,0.37388963,0.0007868345,0.32683504,0.0067021875,0.34052244,0.03488689,0.37862608,0.0061632725,0.35614702,-0.034649365,0.36551145,-0.040093295,0.3579588,-0.05547672,0.44854096,-0.04501053,0.34242308,0.002219247,0.34422183,0.009859775,0.26449355,1
-142.89516,3.354915,34.496777,2.831759,-20.746147,2.4769063,21.602993,2.546227,-20.541245,2.7863753,31.938871,2.4394298,35.366665,2.4572232,-0.10788611,2.3682282,20.58787,2.8095427,4.03096,2.869367,-6.296185,2.4720974,10.346986,2.6362808,-23.246616,2.5595076,13.133073,2.3897324,4.6243854,2.2452726,6.840566,2.6776347,5.595088,2.5145142,-1.4223156,2.2763271,1.4917862,2.3594716,4.4474072,2.2897112,0.039701346,0.5337755,-0.027619319,0.47060186,-0.023592101,0.49415472,-0.024918132,0.44839865,0.029335309,0.44205135,0.020169398,0.45211336,0.051199377,0.402649,-0.017831055,0.4701523,-0.025906026,0.4743236,0.010272021,0.4509151,-0.010702867,0.33273968,0.029071603,0.46911284,-0.016633356,0.46617177,-0.017205322,0.35642493,-0.0022120092,0.37316713,-0.01989426,0.44731945,-0.0077578872,0.3859832,0.018116873,0.31484705,0.033617567,0.38902733,-0.015636675,0.36136168,-0.040172298,0.38116726,0.053849615,0.40236324,-0.0053293575,0.34133667,-0.038962636,0.3431849,-0.022300532,0.4136027,-0.013588253,0.30998585,-0.010027021,0.3072289,0.010350496,0.3645226,-1.5258789e-06,0.33601728,0.005861774,0.34194085,-0.012888021,0.32671493,-0.024946054,0.300703,-0.00989065,0.35503054,0.0136824045,0.315802,0.011807577,0.32425636,0.0037731945,0.3831067,-0.017634027,0.34267718,-0.0015363396,0.25244907,0.0059050927,0.32031652,0.006440315,0.25797752,1
-143.00018,3.9014268,34.73343,3.0049,-20.708895,2.838724,21.318968,2.734979,-20.358809,2.4449027,31.875736,2.7361102,35.208286,2.2207754,-0.4177954,2.1130748,21.256443,2.4950569,4.2537985,2.9734375,-6.7691216,3.1481032,10.042113,2.3743763,-23.715328,2.629406,13.107489,2.7659347,4.983444,2.3609755,7.110309,2.444321,4.9840865,2.492615,-1.3047429,2.4539094,1.8840586,2.54975,4.3862004,2.3743474,0.06312297,0.5292825,0.026597932,0.5530519,-0.014311647,0.5509787,-0.050546814,0.5295569,0.01069851,0.4184169,0.010188,0.5093723,0.008194639,0.35584792,0.010385593,0.40364265,0.009167001,0.42554727,-0.010958338,0.47854623,0.03477191,0.510778,-0.012398273,0.2920321,-0.014738399,0.42404288,-0.010985062,0.44247797,0.053994846,0.44114846,0.0043615378,0.42087078,0.014556474,0.31945837,-0.0059194705,0.4011541,0.029253226,0.426384,0.03607581,0.4586954,-0.12396507,0.58773875,0.053284474,0.37107497,0.005777645,0.36310613,0.03344427,0.41885227,-0.035172317,0.33909813,-0.00030497587,0.3746029,0.014411142,0.33117104,0.016920218,0.32967025,-0.040064387,0.3436765,-0.011925408,0.35340446,0.036882855,0.4266302,-0.00887048,0.2759425,0.0056374595,0.35938874,0.025456773,0.40336558,0.01084318,0.28977793,-0.0069624945,0.321952,-0.023300821,0.3179383,-0.00033482863,0.30985528,0.0137848575,0.34775123,0.0015041636,0.30280206,1
-143.14859,3.4528875,34.543335,2.7689705,-21.257154,2.5190961,21.247501,3.1075218,-20.038311,2.5410595,32.212524,2.7162266,35.27219,2.3515172,-0.39136034,2.3788936,20.96407,2.9683325,3.6674678,2.7967868,-6.7523804,2.982214,10.396943,2.680602,-22.998354,2.6506422,13.0789795,2.2790534,4.711873,2.6598375,7.0499744,3.0079305,5.481822,2.6923356,-1.810876,2.6409655,1.3799961,2.353944,5.0951557,2.2870045,-0.022683373,0.49990743,0.022444163,0.44576174,-0.014796338,0.42026174,0.046830997,0.63674587,-0.021161277,0.43682048,0.019143125,0.51695204,0.003690289,0.40938088,0.015928224,0.42400166,0.016344475,0.4782765,-0.010470306,0.50694007,-0.0016007075,0.45173442,-0.022810567,0.3458502,0.0060208244,0.44408605,0.01617549,0.40228742,0.009165962,0.48539025,0.0057542836,0.57602066,0.0008900422,0.48600197,0.038954847,0.4926045,0.015847167,0.38988894,-0.0061578294,0.4400289,-0.098705575,0.5038809,0.040607937,0.35962456,0.02666755,0.34863892,-0.011326322,0.35615236,-0.0070931553,0.36804116,-0.003965474,0.35814065,-0.00036655573,0.34046865,0.011573839,0.34688696,0.007010405,0.45778257,-0.0077851284,0.39081258,-0.046640355,0.4655572,-0.02387951,0.35937032,-0.037051976,0.3967923,0.0009077746,0.30616686,-0.027876692,0.3550872,-0.02213298,0.3544825,0.004643306,0.37623522,-0.025278667,0.3521377,-0.017746657,0.2877837,0.0035895165,0.31239945,1
-143.23549,4.2748146,35.209343,3.063714,-21.089516,2.749129,21.311584,2.5232587,-20.077408,2.6211483,32.106056,3.0432312,35.3218,2.2819097,-0.47637218,2.2841902,20.8011,2.4809287,4.0018444,2.8200657,-6.1954412,2.9670396,10.575746,2.6286364,-23.108961,2.6354587,13.150904,2.3203406,4.510743,2.2848804,6.7385526,2.7415822,5.2261624,2.2186868,-1.5668424,2.204987,1.4619948,2.3153436,4.4651694,2.5759315,0.045230668,0.61461675,-0.012847526,0.49999225,-0.02805888,0.477206,-0.020600008,0.4273435,0.012747234,0.3618101,0.012225213,0.5734849,-0.018317938,0.3950897,0.031151794,0.47938403,0.018259302,0.4390997,0.022917025,0.48356944,-0.025064964,0.52746356,0.025277955,0.35512885,0.022118555,0.49574068,0.035562254,0.352683,-0.02877032,0.43632638,-0.01895164,0.43548918,-0.0021743083,0.3050812,-0.013711291,0.38578874,-0.01182045,0.38613746,-0.003832021,0.5021087,-0.117187634,0.5121205,0.041725047,0.3244212,0.018504487,0.37346756,0.008032666,0.3011052,0.00061058794,0.3584472,0.007455879,0.4085185,0.025608577,0.34643403,-0.018794503,0.36138484,-0.038753867,0.3598024,-0.03277137,0.3814732,0.003250177,0.42117256,-0.018623041,0.346364,0.018858751,0.36160493,0.0398314,0.29938954,0.0135596255,0.31906,-0.026755035,0.36746442,-0.03295765,0.26217082,-0.01682054,0.27164117,-0.0042957077,0.2885157,-0.009273307,0.32602808,1
-141.27873,3.5583599,34.805542,2.741806,-22.019497,2.0895188,21.532795,2.684819,-18.691795,3.1914937,33.64148,2.7409108,35.101463,2.357904,-0.91394097,2.3124964,20.87879,2.4587,3.7401462,2.6194675,-5.574055,2.770463,9.097168,2.6111236,-26.29124,2.83978,11.764173,2.6128376,6.5153694,2.45819,10.315833,2.5248382,4.917845,2.8457022,-4.7482986,2.537796,1.8703599,2.5595837,5.5104456,2.4781315,-0.078507766,0.60961264,-0.056552123,0.59090173,-0.01876747,0.3725902,0.01782837,0.5748373,0.032156654,0.6299853,0.04671206,0.47908753,0.025677124,0.4195262,-0.0114747835,0.4326305,0.006535655,0.40033108,0.0047784676,0.47301483,0.038896617,0.47651857,0.0003652151,0.4653456,0.0005512164,0.5526293,0.0122014135,0.49385664,0.0166844,0.43261087,0.02372036,0.49802747,0.04838818,0.53467774,-0.010947312,0.40776068,-0.034672655,0.44419008,0.004189238,0.45807227,-0.07715512,0.5034995,0.039072976,0.35114434,0.0055235173,0.29814813,-0.034811173,0.3368202,-0.048147663,0.48243564,-0.016108315,0.37625226,-0.016042212,0.3361949,-0.0017664529,0.35336673,0.0064689377,0.3707456,-0.01335247,0.42680943,-0.013499816,0.42014515,0.006041367,0.36572236,0.055095688,0.46104756,-0.0107631385,0.41877776,0.0062414613,0.32222298,-0.02282013,0.3517881,-0.014199022,0.41565007,-0.0139081655,0.3357621,-0.011014132,0.3531573,-0.020680273,0.32487303,1
-142.76476,3.6246502,34.78315,2.278071,-20.960356,2.7992048,21.49532,2.495316,-20.164593,2.562814,31.414394,2.8695314,35.16907,2.7012413,0.32022125,2.5384774,21.01418,2.5242748,3.7917552,2.530135,-6.772333,2.8840392,9.939462,2.8308485,-23.260271,2.5955293,12.998357,2.4779642,4.4637065,2.5870268,6.7413244,2.5057266,5.4779286,2.4948423,-1.3033711,2.4414096,1.6464189,2.8677046,5.047772,2.536579,0.054430887,0.74104565,-0.00044735303,0.2987219,-0.01088427,0.46725318,0.009101123,0.4262171,0.02822879,0.43727422,0.0018687211,0.44820476,-0.0023613416,0.455434,0.0032194357,0.54906756,0.0074272687,0.45744142,-0.012177445,0.4324144,-0.037518118,0.4929338,0.01592283,0.44082594,0.030823303,0.42239377,-0.016655754,0.40771455,-0.03542091,0.48388818,0.023258597,0.39098036,0.045509033,0.421018,0.027848158,0.38351554,0.0014413605,0.43646684,0.006449283,0.3885685,-0.0827735,0.39319083,0.051590957,0.3233814,0.020917684,0.33584094,-0.014404946,0.3633076,-0.022919716,0.33069637,0.011182873,0.31386647,0.036827594,0.32146287,0.016518246,0.36263916,-0.01149827,0.3716432,-0.031139664,0.33108398,-0.055070344,0.35319802,-0.026411187,0.38668126,-0.0083436025,0.3618836,-0.007511753,0.34304494,-0.00081010093,0.2957509,-0.020363314,0.32857805,-0.04521458,0.34230334,-0.013726356,0.30559516,-0.038086787,0.35351855,-0.0025767959,0.30940872,1
-143.16986,4.2963037,34.929207,2.8133743,-20.889969,2.516607,21.338154,2.5447962,-20.37782,2.7211084,31.819386,2.7770452,35.02693,2.612578,-0.23831391,2.186568,21.245304,2.6224988,3.8952866,2.453203,-6.7260933,2.797177,10.235224,2.7827148,-22.689701,2.8587985,13.110132,2.7305818,4.2794538,2.251117,6.7925744,2.2493806,5.308421,2.3857949,-1.3462235,2.3543334,1.7933965,2.522352,4.9029417,2.561656,0.0778726,0.68799955,0.06400853,0.46362552,-0.025902238,0.5205184,-0.041685015,0.47468194,-0.043857493,0.44275075,0.04327849,0.4671942,0.02608212,0.4114963,-0.0021616882,0.37993866,-0.029419253,0.3575135,-0.03519425,0.41243654,0.015510194,0.42411995,0.017685354,0.38163224,-0.0026863061,0.52852875,-0.025650637,0.4621772,-0.02372089,0.37955838,0.013239259,0.39067793,0.02589412,0.41009498,0.024029974,0.32872686,0.02176344,0.3744648,-0.011372284,0.50158966,-0.07738805,0.46111095,0.034850646,0.382859,0.0029202232,0.33624697,0.010535687,0.29045123,-0.0008043408,0.34875998,0.0028278313,0.3604205,0.013668594,0.36858982,-0.011077147,0.34412065,0.027973719,0.37038586,-0.009499812,0.32141677,-0.03172302,0.37167904,-0.034676768,0.36914942,0.026470479,0.41550887,0.031095695,0.3954373,-0.024568085,0.32432234,-0.03243147,0.30191052,-0.045676228,0.3384395,-0.0027491148,0.31450537,0.012046753,0.30878016,-0.02308014,0.34497687,1
-143.51668,3.131855,34.776066,2.6520257,-21.189959,2.5991867,21.26872,3.1128342,-19.924458,2.8288102,32.295006,3.2607806,35.114563,2.6305754,-0.42516613,2.3640687,21.120571,2.5296621,4.0271173,2.736433,-6.72987,2.7145069,10.128908,2.8489566,-23.212912,2.677411,13.432579,2.4354227,4.865928,2.3049889,6.985392,2.6475725,6.0518703,2.2472756,-1.421022,2.6113129,1.1947637,2.6656537,4.099085,2.0698442,0.0072262855,0.4591883,-0.037355095,0.42348576,-0.051515337,0.54363,0.055518378,0.5593702,0.07957387,0.50955546,0.043752436,0.6398701,-0.042738307,0.41284788,-0.021206997,0.45450124,0.057880677,0.43337455,0.03492187,0.45519546,-0.03259994,0.41431734,-0.025510432,0.42769936,-0.00431575,0.51732296,0.007818714,0.40445915,0.029872386,0.4340105,0.01018052,0.44152945,0.00955029,0.33506984,-0.0025267408,0.4307688,-0.00032481964,0.43662006,0.0013131554,0.33050016,-0.08477718,0.44089797,0.04055616,0.34186536,0.0064608413,0.39057964,-0.08001214,0.42207798,-0.00046139862,0.33820423,0.0005786602,0.42472166,0.038296398,0.35226047,0.02496867,0.33137286,0.0065987264,0.31873,-0.035055287,0.38953963,0.0017053348,0.34250075,0.034617435,0.41655198,0.0018177216,0.39568132,-0.04909952,0.3529986,0.01788816,0.30029553,0.00468916,0.3530043,-0.008074863,0.28659838,-0.027937341,0.31052953,-0.007612312,0.36133587,-0.0046261013,0.278256,1
-143.39337,4.0259066,35.088627,2.694894,-21.071312,2.8880796,21.346626,2.7059488,-20.484241,2.7284627,31.966305,2.4159596,35.557293,2.309922,-0.11207289,2.3783937,21.196037,2.613341,3.6481082,2.522878,-6.5996037,2.789453,10.749938,2.7854323,-22.898603,2.7215402,13.277406,2.5912063,4.518653,2.4316206,6.4287887,2.8329535,5.5369263,2.4021459,-1.0084846,2.3983583,1.4463048,2.3225303,4.5382066,2.3529656,0.027491497,0.5989608,0.029897906,0.44459486,5.95322e-05,0.5359825,-0.04582766,0.52238417,-0.005597621,0.48945817,-0.01229933,0.4571578,0.022103181,0.3636022,-0.03805082,0.47526386,-0.032268368,0.44833654,-0.023883207,0.423959,-0.011572317,0.3989229,-0.025168233,0.39056823,0.015743809,0.47507113,0.0109357415,0.35922855,0.033014935,0.45594764,-0.009181506,0.5102295,0.029560423,0.40921885,0.012388882,0.37517825,0.03500117,0.4207284,-0.044708684,0.39609525,-0.10998205,0.48934653,0.073852584,0.42118979,-0.01952643,0.3552854,-0.008086229,0.36946115,-0.028194347,0.36493868,-0.016089668,0.32262853,-0.018937215,0.33945468,0.008275255,0.3224913,0.04178207,0.41601357,-0.013465409,0.3458582,0.021197192,0.38009855,0.010812725,0.3874136,0.037577037,0.39596674,0.015557569,0.34801266,-0.029277448,0.3389664,-0.012949269,0.36406684,-0.00127646,0.3166876,0.025121521,0.31184715,-0.022824204,0.30774012,0.007874478,0.30831677,1
-143.03566,3.2864168,34.907635,2.5193367,-20.954216,2.4637015,21.553843,2.8064897,-20.045567,2.605761,31.639513,3.05687,34.899742,2.3960738,-0.1485755,2.239438,20.928005,2.572385,3.9466243,2.5132358,-6.770286,2.6685178,10.263843,2.8190334,-22.837067,2.6842995,13.3908825,2.5312943,4.4850135,2.2962644,6.6575713,2.4473689,5.5788655,2.4631934,-1.2310066,2.4267335,1.1132174,2.654998,4.854713,2.4504023,0.006507833,0.46696946,-0.02872266,0.43621525,-0.0035487064,0.45875457,0.016540918,0.5160319,0.01949669,0.43324158,-0.019672383,0.54814786,-0.038382746,0.37550673,0.02274413,0.41403052,0.04471479,0.35374042,0.04151189,0.44255885,0.048519216,0.4397491,0.017944716,0.43540192,0.009491229,0.46848264,-0.03577156,0.3915186,-0.016040044,0.36019847,0.024915181,0.3631592,-0.009649391,0.39300486,0.002945669,0.41000757,-0.028873822,0.42069075,0.015521057,0.4716283,-0.05157163,0.43889606,0.009598791,0.312284,-0.034413457,0.35309005,-0.033930242,0.3631309,0.014213053,0.30639637,-0.022308506,0.39126623,-0.03263327,0.27636522,0.015151613,0.34372455,0.0040331236,0.36089134,0.020084454,0.34980264,-0.0024187216,0.36857185,-0.008686171,0.37152565,0.0027846603,0.35630044,0.019067867,0.33125246,0.0055692345,0.28951275,-0.026073797,0.3285825,-0.007156069,0.25175118,-0.010649854,0.24140115,-0.013472734,0.32679868,-0.03264964,0.34745765,1
-143.53308,4.463313,34.573997,2.389864,-21.078064,2.7917376,21.557604,2.4897664,-20.402266,3.1806965,31.778448,3.3214142,35.506145,2.594616,-0.26849097,2.7514007,21.144482,3.124459,3.6914673,2.8285298,-6.818437,2.767963,10.399188,2.9365664,-22.755682,3.043773,13.047156,2.8302457,4.73129,2.405627,6.9462113,2.5863266,5.7880955,2.4250607,-0.9403026,2.5560372,1.363408,2.4973042,4.3135724,2.6587582,0.010654783,0.7592958,0.035388567,0.39248288,-0.00066928315,0.49960363,-0.03965204,0.46797475,-0.08206678,0.60586655,0.01700835,0.6232486,0.05551888,0.42067602,-0.031737093,0.6164452,0.01963025,0.5628334,-5.340576e-06,0.49801272,0.017490013,0.4356418,0.023064828,0.4290315,-0.0059597585,0.54282075,0.011924362,0.4816883,0.036748603,0.39446864,-0.008909332,0.45897242,-0.00021701821,0.38414547,-0.017888954,0.40570867,0.022840036,0.3605061,-0.020416237,0.4864146,-0.15441728,0.6491921,0.015857821,0.29300767,-0.02066751,0.42467594,0.03945412,0.31554407,-0.025721855,0.44555604,-0.033629473,0.45253155,-0.00672676,0.36931506,0.011534933,0.36517212,0.016770719,0.37822255,-0.002648427,0.38889447,0.024795042,0.37970978,0.029424042,0.3506701,0.0272318,0.47421062,0.031996552,0.37102973,0.032251246,0.33124253,-0.0010432138,0.3727655,-0.013248345,0.30281344,-0.015940795,0.3370312,0.0018636774,0.28105688,-0.0024804615,0.28797722,1
-142.89655,3.536491,35.08962,2.9858665,-21.3334,2.7103562,21.519474,2.5487065,-20.217657,2.5694141,32.137787,2.8146782,35.12087,2.5009136,-0.25791526,2.6628952,20.707947,2.8443387,3.6700125,2.7218647,-6.6832867,2.9823859,10.667847,2.8068342,-22.433878,2.3614373,13.272294,2.4022713,4.0250998,2.3120024,6.728877,2.6440225,5.790289,2.7252924,-1.3844489,2.2943954,1.0103264,2.5201135,4.749151,2.7070014,-0.011371393,0.5909758,-0.009400228,0.54185164,0.0106458645,0.44486722,0.02088251,0.5136464,0.028503507,0.4045499,-0.010572694,0.49659213,-0.023119453,0.3456132,-0.013178767,0.5665827,0.03427034,0.47329396,0.036072835,0.46807757,-0.0046827593,0.488659,0.028239084,0.39014426,0.008914484,0.46741298,0.0061995946,0.43658012,-0.01852254,0.36365288,-0.015987316,0.506994,-0.0012713167,0.430229,-0.014137983,0.37625703,0.041792575,0.45769385,0.04517356,0.5033088,-0.05301001,0.4172308,0.019494321,0.34286243,0.0110928025,0.38121358,-0.04685929,0.36012557,0.019605355,0.37711045,0.019962398,0.34404966,0.044641066,0.39243755,-0.00857059,0.3711035,-0.06315493,0.48222575,-0.01792808,0.37812728,-0.039557334,0.40295044,-0.028785618,0.36875445,0.014284667,0.3254486,0.0023211315,0.3099544,-0.0032096992,0.33803028,-0.010661479,0.36019453,-0.030864893,0.33158082,-0.0004501636,0.3749829,0.008105335,0.32519165,0.0102391075,0.3571025,1
-143.54399,4.2228703,34.65062,2.6711276,-21.243465,2.5925329,21.437569,2.9506571,-19.954885,2.5803688,32.358624,2.6835227,35.607113,2.7606761,-0.45928338,2.4357026,20.904842,2.9194934,3.8113887,2.7223337,-6.5656533,2.6417358,10.353899,2.635728,-22.888739,3.0185623,13.071542,2.469846,4.9412193,2.4572587,6.660762,2.7003014,5.5554404,2.1896224,-1.0680506,2.3144736,1.1704031,2.473363,4.110711,2.4813442,0.08658338,0.7350561,0.035915308,0.4463515,-0.02088069,0.5135037,-0.057758242,0.54377264,-0.04069696,0.35265145,-0.002572719,0.4442088,0.05063356,0.3847548,0.04857612,0.45435232,-0.026252083,0.46698463,-0.03298626,0.4162299,-0.035959646,0.3757061,-0.011300558,0.4326972,-0.032688055,0.5893141,-0.014894465,0.4251736,-0.017003434,0.438114,0.050633475,0.5571356,-0.018221011,0.33693415,0.020059751,0.39913073,0.018491123,0.40195495,0.045064155,0.45292258,-0.11641937,0.5196731,0.05450107,0.3819959,-0.015441245,0.3716562,-0.0034702457,0.39467826,-0.028352968,0.32188836,0.014973713,0.35069647,-0.0011529414,0.3609179,0.005614503,0.2730855,0.025674468,0.39202312,-0.008590261,0.34381452,-0.019823445,0.35062918,-0.009693001,0.3491975,0.029605458,0.4238726,0.014038434,0.33127758,0.009389321,0.28527924,-0.015754633,0.34507555,0.021415735,0.30221057,0.025221897,0.31492662,-0.0028030816,0.35254005,-0.02001927,0.3508284,1
-143.08086,3.0534003,34.376923,2.683336,-21.477034,2.6408732,21.264757,2.8012054,-19.948013,2.5944602,31.916414,2.5774927,35.423172,2.2706742,0.041882,2.3438165,20.531599,2.6465564,3.8220623,2.2870183,-6.741977,2.541321,10.218401,2.567881,-22.806622,2.6255383,13.498396,2.360888,5.0509634,2.6220734,6.9468083,2.6555355,5.845241,2.2245047,-1.0985054,2.6699128,1.038271,2.4375308,4.4689875,2.2690244,-0.027021484,0.52351886,-0.030281251,0.38922277,0.047301173,0.4616427,0.050937023,0.48329237,-0.00953066,0.4362645,0.032872554,0.47520763,-0.00076428626,0.34152806,0.0063930918,0.45277375,0.0038339482,0.4180199,-0.009774388,0.35659268,0.025305968,0.38642117,0.03960478,0.32961693,0.034324534,0.4332643,0.004687905,0.34445295,0.02621757,0.43091056,-1.8789218e-05,0.41777194,-0.020326562,0.36330113,-0.018760895,0.47974357,-0.016604684,0.37177715,0.012710512,0.37160346,-0.06685392,0.41729462,0.023333216,0.3631999,-0.022993857,0.3744609,-0.036073573,0.369421,-0.011219967,0.3809499,-0.009879477,0.3009174,-0.011279217,0.27264756,0.002778477,0.3310744,-0.03762812,0.32840422,-0.01402558,0.27963343,0.004036347,0.3495085,-0.008734333,0.3157639,-0.00043831422,0.3573508,-0.0100987395,0.28432438,-0.014517748,0.35249162,-0.032562453,0.3841237,-0.0055506458,0.29807758,-0.030932412,0.3244126,0.009000808,0.30164975,0.017971482,0.29857248,1
-143.7516,3.8792253,34.675827,2.9407685,-21.184687,3.0070763,21.582697,2.4623852,-19.947495,2.3398135,32.010445,3.0951679,35.239857,2.0844402,0.024249546,2.4242334,20.915293,2.3929021,3.9135013,2.7017572,-6.771471,2.7502053,9.812976,2.5302544,-22.480387,2.6892614,13.888471,2.6231847,4.7916346,2.587746,6.3639383,2.65325,5.618844,2.4375098,-0.7368724,2.444662,1.0730997,2.5833328,4.3766766,2.6270244,0.019911457,0.49670178,0.034661148,0.4688315,-0.014973472,0.49964803,0.021895928,0.4782601,-0.017011473,0.33750248,-0.016743673,0.62950575,-0.0109759895,0.25829664,-0.0056411503,0.49162745,0.023339482,0.38871047,0.021607248,0.47609627,0.009545731,0.48210156,-0.016402215,0.36472544,-0.0082139075,0.45123887,0.0034964995,0.39080194,-0.03689221,0.4500363,-0.01149387,0.4545191,0.052435715,0.4151512,0.008448872,0.37324622,7.510185e-05,0.45793617,0.049998663,0.42602816,-0.12012771,0.5605463,0.049383156,0.40668297,-0.042599436,0.41895315,-0.026352918,0.27257797,-0.022878215,0.320908,0.0148224775,0.41792756,0.0038267483,0.27657753,0.007282173,0.3434081,-0.010206295,0.33885023,-0.006030294,0.36033878,0.008731066,0.3870208,0.03164222,0.37275702,0.036498442,0.43045408,0.044854835,0.35803884,0.014516711,0.32593572,-0.02563876,0.37322754,-0.027455444,0.30492494,0.0005114592,0.32452652,-0.009357329,0.35446364,-0.009055047,0.29337403,1
-212.52274,20.834183,56.861828,18.929235,13.714431,7.8807855,30.150633,5.72711,12.155339,4.591054,-18.615486,4.460239,-9.164209,3.6971164,-7.5848823,3.2153387,-1.4050995,3.014495,12.853944,3.8301845,39.16159,5.713779,43.994823,6.6348443,12.6591015,4.2229724,29.392368,2.9902444,-0.026421444,1.9966131,10.436915,2.7453175,0.08601479,2.8899333,18.4601,3.5095096,6.810771,2.973126,-1.3736047,2.4637928,-0.15118907,4.046042,0.029090587,3.5146177,0.16520813,1.1297505,0.10467998,0.9349911,0.08585292,0.76179576,-0.017666968,0.61849195,-0.029489117,0.55635923,-0.04411175,0.5559444,-0.053265285,0.5886805,-0.07081798,0.8269786,-0.028110959,1.1861837,-0.026729407,1.3879519,0.002254785,0.793972,0.039049692,0.5515873,-0.03053397,0.3540142,-0.04175227,0.515839,-0.0012520424,0.52026,0.01308805,0.633436,-0.017115813,0.44381127,-0.047448378,0.4245338,0.53684634,2.7892733,0.41071337,2.3861804,0.060076255,0.6326023,-0.076896556,0.7388433,-0.060323194,0.5143578,0.05242661,0.4552747,0.027992547,0.37441424,0.07510686,0.3834537,0.052104603,0.40456134,-0.023714678,0.5945763,-0.12517273,0.8327731,-0.13684416,0.94394445,-0.04259224,0.56501514,-0.06610116,0.38575482,-0.013274951,0.260406,-0.060106494,0.36389494,-0.062333737,0.3486416,-0.12451806,0.5263972,-0.09458451,0.4560331,-0.0016753639,0.30228743,2
-217.80618,10.567232,52.10206,11.403047,11.438785,4.7128344,29.164614,2.8434327,11.061477,3.0652654,-19.764814,2.168164,-9.746516,2.1743922,-8.089237,2.2691123,-1.143576,1.9659773,14.187052,2.2033975,40.48001,3.5400584,44.91927,3.7352142,14.010925,2.1300635,31.005878,2.3294961,0.77175236,1.6574533,10.360665,2.1639311,0.64908355,2.3780715,19.419569,3.3802912,7.0515347,2.3338988,-1.4124496,1.7292215,0.05026691,1.8323942,-0.046588544,2.0108159,-0.01843602,0.7976849,-0.027497133,0.59039634,-0.0060544014,0.60207516,-0.0031300362,0.3444658,0.019924961,0.33436415,0.009161975,0.35612175,0.009044814,0.29944962,0.02299068,0.3502331,0.020917159,0.71544623,0.035816547,0.77033633,-0.0034130188,0.36126146,-0.037433527,0.3531264,0.012812389,0.24342933,0.03865331,0.35218048,0.004745384,0.3535476,-0.046932887,0.5282419,-0.0065430827,0.34315252,0.00772274,0.25227973,0.39348367,1.3158374,0.41594008,1.3894475,0.11231077,0.45693827,-0.08572646,0.4049104,-0.08032814,0.46204695,-0.0072272676,0.21192953,0.010574259,0.23514834,0.011089264,0.24930696,-0.013099514,0.2507671,-0.06798988,0.3007725,-0.13591862,0.46961597,-0.143215,0.48067307,-0.057342127,0.29339704,-0.061017636,0.36401233,0.0076370724,0.24590446,-0.04334847,0.27493843,-0.048711568,0.28464603,-0.08911079,0.34027946,-0.048359215,0.24872455,-0.0033182695,0.1809808,2
-218.14471,9.640464,51.910034,9.739609,9.335877,3.206777,26.754084,2.731658,10.209152,2.8383515,-21.161757,1.3907251,-12.587961,1.8197165,-8.525087,1.6190964,-0.26556063,1.7649884,14.055017,2.0223088,40.147305,3.1175113,45.10529,2.9583256,14.54182,1.8493809,31.311989,2.059887,0.6252658,1.4738367,10.287561,1.5610063,1.5419351,2.1199663,20.444088,2.821346,7.67691,2.0952995,0.11539141,1.4186351,-0.071114965,1.8590887,-0.0052160705,1.8440408,0.08618819,0.59481037,0.084413595,0.4346437,0.0326749,0.48939458,-0.010761462,0.21363561,-0.011699177,0.346281,-0.022758897,0.2547232,-0.023779998,0.26382574,-0.020301884,0.34987378,0.014805896,0.6358592,-0.016005436,0.55263597,-0.023839343,0.26945934,0.022548635,0.39702153,0.008717697,0.18708074,0.00081972615,0.31223124,-0.001984057,0.47028744,-0.0030971968,0.52473223,0.007688948,0.35916206,-0.011783486,0.24341784,0.36987075,1.1834607,0.38593242,1.264241,0.09975961,0.40076363,-0.07506651,0.38639405,-0.09546413,0.41717198,0.010153007,0.18159172,0.040110588,0.21692699,0.03664673,0.21092662,0.010956219,0.23989177,-0.03034462,0.27802768,-0.105296776,0.3819354,-0.09071671,0.35041013,0.0072763115,0.25449857,-0.029160282,0.253174,0.019402754,0.22538221,-0.010369061,0.21729173,-0.047640864,0.24524295,-0.09186592,0.321152,-0.05300279,0.29588816,0.013807982,0.20690548,2
-220.43777,8.917177,56.512554,10.654648,14.601012,4.0306916,26.543343,2.0467403,6.606172,2.0466475,-25.511642,1.9742419,-15.195699,1.744095,-5.792051,1.5310099,0.8687533,1.5897087,13.659725,2.0480256,41.907864,3.299208,46.47696,3.4881847,13.578801,2.2378294,26.48118,1.6978446,-1.5899884,1.48905,13.699974,1.9036913,3.9453492,2.560283,19.525755,3.2808337,8.25563,2.3306208,-0.12362314,1.6609764,0.029408148,1.7556819,-0.03596294,2.0284424,0.033661343,0.7576175,0.012885086,0.30352467,0.024151765,0.31883296,0.038587004,0.33962125,0.0059098904,0.25787157,-0.0064487015,0.30216238,-0.01498069,0.22733982,0.0034595747,0.37813613,0.0024074407,0.6704865,-0.0039531486,0.6316577,-0.01722382,0.38675848,-0.0066776085,0.2746056,-0.0033842197,0.23261963,-0.0111373095,0.29381463,0.012603958,0.46789175,0.002075753,0.55492973,0.005879945,0.4655967,0.0015496621,0.22929804,0.35460547,1.165469,0.44841442,1.4601098,0.14080401,0.48749435,-0.011363372,0.2568589,0.017610393,0.29912698,0.023331782,0.30911097,0.03295124,0.20333202,0.035425264,0.19366981,-0.0075850235,0.20223345,-0.0615056,0.2703888,-0.13285942,0.45534095,-0.1261404,0.46380058,-0.035681166,0.293353,-0.021004343,0.20771521,0.0011983092,0.18432936,-0.028345644,0.21673466,-0.07355146,0.33120814,-0.12397584,0.47569773,-0.08216019,0.332492,0.011444187,0.20705366,2
-220.80722,9.14597,56.123543,10.255961,13.714416,3.6091168,26.634968,2.1659126,7.0138164,2.1892538,-25.996548,1.9400747,-15.4107065,1.7090323,-5.4617105,1.660069,0.93979996,1.812039,13.608733,2.0210457,41.789024,3.479537,46.590294,3.6175613,14.121096,2.1784723,26.24654,1.7562864,-1.7204331,1.4984146,13.925574,1.9432629,3.9969249,2.8944328,19.767395,3.296353,8.719267,2.3707635,-0.2389054,1.627664,-0.051897928,1.7832775,-0.07187147,1.9687548,-0.088057175,0.694731,-0.07732061,0.39560202,-0.043092515,0.32127506,-0.049607083,0.3591343,-0.009703524,0.2732227,-0.00726806,0.29556826,-0.00062622014,0.359884,-0.003650944,0.35870418,0.033349022,0.64884186,-0.008071328,0.6562809,0.02625889,0.38895166,0.03345483,0.35013735,0.024016475,0.2192241,0.013290996,0.3142921,0.038292788,0.5477342,0.048472323,0.6126559,0.05486696,0.41706946,-0.0006982996,0.2879406,0.34940168,1.1187932,0.4054854,1.3211974,0.12921463,0.4973409,-0.006183102,0.24264538,-0.03403397,0.30103892,0.03868812,0.23293477,0.030207569,0.21911074,0.033133008,0.22982407,0.0026446898,0.28609547,-0.054985486,0.3194396,-0.12837122,0.44790596,-0.1400655,0.49869266,-0.059073552,0.3146847,-0.0038164349,0.23227705,0.0221164,0.1948997,-0.051810388,0.27639726,-0.10359419,0.40116984,-0.11939211,0.45078897,-0.053701635,0.28712732,0.015151173,0.2503614,2
-221.08842,7.8815312,55.994812,10.433306,13.952348,4.7130275,26.155281,2.7142434,6.726737,2.2806857,-25.750143,1.5192989,-15.339199,1.6168385,-5.681571,1.7354987,0.22252215,1.5778407,13.729622,1.912737,41.646873,3.5433009,46.494762,3.121431,14.2571745,2.3784416,26.587189,1.6164451,-1.8009806,1.6888466,14.039948,1.7468157,3.794565,2.6482406,20.04997,3.1745894,8.450143,2.1908104,-0.057475764,1.7290007,-0.065251306,1.3840669,-0.0041535012,1.9891937,0.120868266,0.916008,0.11503409,0.49388227,0.055495884,0.3966919,-0.023973828,0.27114967,0.022640547,0.2540114,-0.014095325,0.28022364,-0.015320149,0.24312311,0.0105359005,0.2842986,0.052024856,0.6641942,-0.021583352,0.6121024,-0.020174677,0.49402797,-0.014248949,0.22036535,0.0001175344,0.27724397,-0.022091998,0.27369946,-0.03545772,0.47523624,0.017225053,0.54534733,-0.016765881,0.3849095,-0.033055786,0.2829056,0.33568305,1.1343684,0.43062112,1.3814918,0.16602105,0.5610267,-0.006382436,0.38356146,-0.029488152,0.28532746,0.019321982,0.20545281,0.04254533,0.23501346,0.03702386,0.2274781,-0.00553395,0.22491509,-0.031106854,0.20076235,-0.13163675,0.4630491,-0.118450224,0.4206568,-0.06453168,0.28990728,-0.030209856,0.24986501,0.020869687,0.22247235,-0.031076757,0.23579763,-0.089562386,0.3591685,-0.111746624,0.42435765,-0.066538945,0.31671113,0.0032703124,0.23790614,2
-220.79979,9.172021,56.356052,10.192528,14.125383,4.9852805,26.11819,3.085668,6.9202323,2.4868634,-26.085375,1.4740902,-15.234574,1.5596987,-5.7022715,1.6937808,0.36999494,1.5861427,13.331474,1.8475059,41.501427,3.2828515,46.395607,3.4392307,14.429089,2.3895476,26.656082,1.6746336,-1.5507435,2.018118,14.38827,1.8773774,4.1387963,2.5754287,20.02055,2.8959515,8.441241,2.2139742,0.0063974913,1.9863497,0.10469918,1.6389543,-0.16540907,1.9700327,-0.18757714,1.0319531,-0.13476782,0.5779136,-0.06678664,0.4373203,-0.001425048,0.22754431,-0.016235901,0.22147839,-0.018528106,0.29348555,0.0027968897,0.22993995,0.03895039,0.3605431,0.013085108,0.6618353,-0.0054050004,0.57905424,0.062014263,0.3540072,0.00038826466,0.24327679,0.060525894,0.37566322,0.024014104,0.3188776,0.027063964,0.4066283,0.012390547,0.49484038,0.033370562,0.3876417,0.059816483,0.31473082,0.38283512,1.2972744,0.40786618,1.3408022,0.13830401,0.57647735,-0.030730307,0.40586182,-0.042144846,0.32341516,0.031147847,0.20664069,0.028775316,0.19254875,0.033848695,0.21568683,-0.0028899175,0.24782649,-0.015357553,0.21550688,-0.12926686,0.4698253,-0.13535869,0.48902038,-0.04401775,0.3473328,-0.018348394,0.22638173,0.017163742,0.2893815,-0.03655424,0.24952348,-0.081146695,0.33886233,-0.10844281,0.4221848,-0.06787008,0.32190806,-0.0149663985,0.2323144,2
-220.25539,12.309036,56.164513,9.094281,13.608121,2.72837,26.358738,3.00685,7.1728244,2.9249282,-26.054136,2.3694863,-15.645283,2.1264877,-5.5279117,1.7372196,0.6406844,1.614629,13.468504,1.6227071,41.42334,3.5282712,46.420124,3.7763307,14.882125,1.9556978,26.25637,1.7613419,-1.8699912,1.8791927,13.948205,1.9048522,3.820149,2.433,19.990637,3.4803665,8.49547,2.1768384,-0.024952272,1.8753085,0.06180822,2.4153156,0.015674092,1.7930776,0.050247837,0.49403197,0.062478594,0.49520344,0.101260476,0.47050688,0.043710697,0.4372836,0.00897142,0.3723621,-0.0066435393,0.32383594,0.044203363,0.26768523,-0.01532051,0.23795676,-0.009041199,0.6637626,-0.007151567,0.7694549,0.009980416,0.3349319,-0.043298148,0.2947611,-0.033081997,0.26835066,-0.023378508,0.31731728,-0.0009775419,0.46261656,-0.046580695,0.6674693,-0.01845713,0.39197773,-0.030160706,0.28519404,0.49191818,1.5960906,0.3570045,1.1434368,0.04775681,0.40633872,-0.08439916,0.38147482,-0.07304069,0.38544032,0.05514101,0.31376,0.054051295,0.3056239,0.04903753,0.25950712,0.012973132,0.21730559,-0.02566014,0.21796066,-0.13077754,0.4825671,-0.13653353,0.46748865,-0.0037471424,0.279414,-0.0089505045,0.2366776,0.058311727,0.2956769,-0.033475894,0.23581868,-0.07828253,0.347637,-0.13700572,0.5173762,-0.065305255,0.307549,0.008052233,0.23074247,2
-220.2417,12.537237,56.22472,9.076625,13.4265585,2.4044082,26.22962,3.5120797,7.0324183,2.4226918,-26.249928,2.426628,-15.32185,2.1136208,-5.556134,1.8080229,0.68360937,1.8821218,13.777152,1.7095156,40.733147,3.0363278,46.16053,3.1622877,14.79135,2.1561637,26.652643,1.9992255,-1.3645468,2.205926,13.675184,1.6984497,3.7855136,2.5321002,19.80809,3.1545699,8.24195,2.157776,0.057566248,1.586967,-0.0852753,2.3963697,-0.15736036,1.7377479,-0.080869585,0.38863322,-0.096798174,0.6002023,-0.051208947,0.39750412,-0.07340681,0.44755533,0.0028117327,0.35122272,0.012160932,0.33130732,0.027809707,0.27004287,0.033602487,0.317161,0.047858775,0.5219175,0.04550634,0.5751896,0.0680405,0.3895011,0.050844178,0.32149705,0.03250489,0.41096714,0.025011133,0.30449116,0.026677223,0.5184102,0.030101262,0.5608889,0.03539252,0.38865536,0.020147096,0.2505085,0.51398253,1.6605701,0.33432066,1.1278994,0.019860048,0.27343336,-0.09334055,0.4333877,-0.05053122,0.29898822,0.06897005,0.2888237,0.056386746,0.27588558,0.053387284,0.21844152,0.026214259,0.2704577,-0.0037569937,0.24534208,-0.100714654,0.4015098,-0.103397414,0.3786557,-0.0068301624,0.2743326,-0.014582469,0.23559937,0.049337253,0.29212168,-0.0360077,0.20610149,-0.07247101,0.29789057,-0.12356743,0.46163705,-0.06552387,0.3102939,0.0044406718,0.21690024,2
-220.06552,11.411169,56.045742,8.923882,13.4507,3.1997883,26.962208,3.3428135,7.1202197,2.7602115,-26.083494,2.2245493,-15.903474,2.123845,-5.4061627,1.9822434,0.4885191,1.6008075,13.269219,1.9595631,41.217163,3.011693,46.179718,3.2012126,15.222398,1.8563569,26.612,1.7836416,-2.130712,1.9952298,14.130683,1.8096709,3.5518312,2.443574,20.068262,3.136099,8.5273905,2.3527408,0.15157798,1.623242,0.026590817,2.1900256,0.029774725,1.6875253,0.12561642,0.54303056,0.10494979,0.61414874,0.069881536,0.47997382,0.007372889,0.37821338,0.029276349,0.40898886,-0.014846009,0.3173723,-0.019746272,0.24101417,-0.048725385,0.3031231,-0.008220973,0.54469466,-0.06227058,0.59001005,-0.026457401,0.30222595,-0.04004533,0.318353,-0.05836021,0.3563593,-0.06385488,0.33987287,-0.021710558,0.47063795,-0.007964823,0.59947646,0.013214137,0.3566244,-0.008534486,0.2449821,0.47397083,1.5289829,0.36859775,1.2044291,0.014239766,0.4455069,-0.10684402,0.4771946,-0.0623463,0.3690032,0.05437184,0.24411088,0.051838845,0.26615784,0.06553397,0.28922138,0.029360265,0.21809211,-0.0005124468,0.21272781,-0.10780596,0.4054251,-0.12460157,0.4902462,0.0075444113,0.24774073,-0.013474398,0.22624594,0.05137506,0.24860796,-0.031018931,0.22219503,-0.07604043,0.29523316,-0.09428816,0.39642853,-0.070421204,0.33603436,0.0051852134,0.19520894,2
-219.70908,13.295651,56.282154,9.929656,13.356184,2.750832,26.601929,2.626022,7.4187646,2.132334,-26.360903,2.4459422,-15.675707,2.2936194,-5.2456055,1.9987622,1.014163,1.6964874,13.016134,1.6643112,40.8733,3.2694886,46.386124,3.867197,14.92957,1.9674392,26.50859,1.9761385,-1.4975028,1.7527891,14.498012,2.143503,3.690776,2.536936,19.560324,3.520278,8.277265,2.325685,0.07648604,1.7412016,0.039025616,2.4873612,-0.0792177,1.9057349,-0.028133094,0.48163876,-0.06806176,0.45389503,-0.02454059,0.35719097,-0.008246143,0.44307315,0.009784006,0.4116344,0.011007863,0.33625856,0.013998316,0.28464106,0.015048863,0.2779456,0.011677816,0.56118983,0.030393997,0.7005163,0.033526815,0.30453202,-0.010944811,0.30592692,0.022656353,0.28010833,0.014126081,0.35129854,0.0256484,0.45205146,-0.0030391694,0.6445679,0.00435652,0.4159005,-0.0049400795,0.31218958,0.5534392,1.8069514,0.41507763,1.365328,0.08685386,0.39199778,-0.05334076,0.37740767,-0.066235006,0.32718262,0.07572116,0.28710854,0.07290633,0.3360762,0.046330027,0.25072435,0.012652108,0.23039757,-0.028632706,0.25381,-0.11825439,0.43037596,-0.15235704,0.541818,-0.040497415,0.28463638,-0.049556587,0.3094885,0.029395873,0.23282395,-0.06727782,0.30245608,-0.07186567,0.31884018,-0.11158778,0.3960667,-0.060593333,0.3073969,0.0035141266,0.27364945,2
-219.91833,11.5632105,56.290257,10.1372595,13.371222,3.5458152,26.76545,2.2855506,7.167567,2.254971,-26.264172,2.113279,-15.479569,2.1769319,-5.57008,1.9066111,0.43076864,1.6830038,13.234127,1.8869475,40.910103,3.2467291,47.045547,3.545571,14.78733,1.8874385,26.234686,1.8481412,-2.3935199,1.9621301,13.947316,1.8769968,4.459251,2.5298946,19.760511,3.445498,8.173551,2.4376872,0.702988,1.853867,-0.20496386,2.168609,-0.0142274415,1.8596884,0.13189027,0.667761,0.07400343,0.39736632,0.048622753,0.41773257,-0.048385393,0.35665777,0.006044102,0.37878123,-0.00030932794,0.29741442,-0.026841328,0.24667907,-0.053867407,0.3019797,0.021717673,0.5250279,0.05662,0.61099404,-0.006368463,0.34931463,0.0012371063,0.29792553,-0.02751675,0.32429886,0.028114961,0.3453199,-0.009430643,0.43638223,-0.02145038,0.6163263,0.005312494,0.4215872,-0.0333997,0.2750642,0.45139578,1.5411644,0.42404634,1.3903434,0.1163999,0.45973924,-0.07270213,0.34514102,-0.06271558,0.2820021,0.05755319,0.31287575,0.0615012,0.27525586,0.049635183,0.27834225,0.00033944295,0.21537125,-0.013330749,0.23343234,-0.111283936,0.456892,-0.12459867,0.4490508,-0.030136598,0.2716208,-0.03465835,0.21855286,0.035320252,0.27597114,-0.029439256,0.22642502,-0.08080779,0.31051856,-0.113009185,0.4757062,-0.07148973,0.34110975,-0.007934094,0.22070304,2
-220.37791,9.03347,56.710606,10.354452,13.26591,4.6218276,26.287909,1.5837282,7.267306,1.7047749,-26.485645,1.6538948,-15.331688,1.7597274,-5.2556686,1.8368375,0.66999996,1.4894123,13.154146,2.220776,41.41706,3.12556,46.86611,3.3222134,14.500521,2.0534284,26.012907,1.5008845,-2.269682,1.662974,14.325061,1.7914758,4.3674164,2.6397796,19.444149,2.8146448,7.8515887,2.3571913,0.8999343,1.7795637,0.048686862,1.7593035,-0.045472454,1.9933188,-0.036288828,0.86847186,0.0025578325,0.23891518,0.028916892,0.3073896,0.021524789,0.28368947,0.017757647,0.28553614,-0.005245517,0.29109395,0.02379709,0.25895974,0.015664525,0.4318961,-0.022550685,0.5876593,-0.003422517,0.5709252,0.039383236,0.34481937,-0.0026484912,0.23236437,0.005566806,0.27600455,-0.030244263,0.2982671,0.035937548,0.5095365,-0.01914967,0.46584114,-0.011393464,0.40157065,-0.030793201,0.30456156,0.36279914,1.2074076,0.4095462,1.3150452,0.15055375,0.5403719,0.0010398113,0.1995404,-0.033976633,0.23758675,0.025644934,0.22595069,0.026514258,0.21711011,0.032700676,0.22916971,0.00024189123,0.20452867,-0.05602631,0.33115748,-0.12509264,0.44396815,-0.12071507,0.44829723,-0.046283912,0.27235448,-0.018720638,0.21555121,0.0029556137,0.21842617,-0.05550311,0.2503129,-0.06873923,0.3139573,-0.102613755,0.40156463,-0.080249876,0.3560506,-0.016370509,0.26852256,2
-218.4897,9.475244,52.3128,10.87353,9.564952,4.4921365,26.705173,1.8462971,10.0978985,2.0856707,-21.878038,1.7469934,-12.192058,1.9407696,-8.316854,1.8062948,-0.16335109,1.5252161,14.446194,2.2149596,39.51706,3.0456479,44.620274,3.2429,13.957453,2.0731285,31.614588,1.8912593,1.2605532,1.4659026,10.290894,1.7748071,1.4223928,2.4310849,20.068012,3.1684,7.685265,2.1790917,-0.5054831,1.5731013,0.07017846,1.7446994,-0.0370023,2.1054807,0.0058479602,0.8833405,-0.0015526239,0.29062945,0.024492994,0.31721988,0.0154845165,0.24589242,0.010777516,0.34876502,0.014873688,0.30951744,0.03130399,0.21137097,-0.018986251,0.29859203,0.01587856,0.5777842,-0.019771429,0.5928999,-0.0015941986,0.3440123,-0.031400844,0.33577517,0.0047781137,0.23595145,-0.016159322,0.2919797,-6.975394e-05,0.4587594,0.007797175,0.5529031,-0.0045189452,0.44530004,-0.02553375,0.27583957,0.39107344,1.2926843,0.4418479,1.4329896,0.17936791,0.6143976,-0.0017494697,0.22835745,-0.041127916,0.26188824,0.029231226,0.26626018,0.04602494,0.2648201,0.040970728,0.21734154,-0.006736196,0.2085598,-0.04591602,0.2970285,-0.10207566,0.3884663,-0.11767289,0.41740137,-0.051921185,0.28884128,-0.034170303,0.23596655,-0.01533786,0.2119799,-0.05080877,0.23913853,-0.06948236,0.32156768,-0.1186307,0.4506981,-0.0573955,0.28794584,-0.025247552,0.21805279,2
-219.83984,9.531321,57.422157,10.560719,13.075201,4.6714687,26.468994,1.8155096,7.9388766,1.7961847,-26.830763,1.8340843,-15.049091,1.8802159,-4.987638,1.9241304,0.90182936,1.4556034,13.137335,1.9087838,41.53376,3.4586978,47.597477,3.647197,13.835729,1.8241575,25.237463,1.8355886,-2.3378425,1.716412,14.395577,2.0475686,4.3424854,2.6295512,19.664585,3.2916508,8.1449375,2.2695131,1.0663084,1.7864019,-0.06076842,1.8257363,-0.008892998,2.0369575,0.043816444,0.9398188,0.006687204,0.31681237,0.023501376,0.28006127,-0.017804176,0.29587212,0.03000335,0.29587463,-0.0031924578,0.3540459,-0.022028968,0.20646375,-0.00046330414,0.29904753,0.025801841,0.6078343,-0.0049514184,0.70872927,0.00027684064,0.3721593,-0.00071398664,0.2968614,-0.008805359,0.2372667,-0.011355805,0.3368276,-0.018590216,0.49557376,-0.005695057,0.59358144,-0.007390268,0.41226715,-0.017757166,0.32085952,0.3838768,1.2408788,0.43302172,1.40074,0.17464265,0.58257145,-0.00021676329,0.25126344,-0.017248597,0.2476344,0.04331517,0.23627058,0.044239823,0.23522498,0.035848796,0.21721126,0.0027407114,0.17682968,-0.029344482,0.25530693,-0.124173515,0.4719157,-0.13662086,0.48116425,-0.03962454,0.21660732,-0.04114614,0.25110915,0.028532535,0.22023797,-0.07119516,0.29360697,-0.08387632,0.33794928,-0.11201972,0.41324672,-0.08080102,0.32612577,-0.028853025,0.2186315,2
-219.77986,7.678038,56.88642,10.085941,13.049321,4.315524,25.946896,2.3062353,7.1640882,2.617165,-26.20788,2.2425597,-15.072046,1.6421196,-5.0382676,1.7846565,0.37296593,1.592581,13.264054,2.0304098,41.920044,3.478379,46.964745,3.266474,13.8017435,2.0690536,25.48677,1.6569293,-2.5001662,1.6943071,14.596733,1.7439122,3.966787,2.7751398,19.728958,2.7441483,8.269875,2.0196111,1.7048732,2.0445771,-0.08707698,1.5088702,-0.110723756,1.9507118,-0.06624485,0.7715778,-0.048845336,0.4315149,-0.08195824,0.39032498,-0.07197723,0.34814116,-0.027128411,0.26088998,0.023186373,0.27897742,0.019254373,0.26802146,0.0013114306,0.42125073,0.032226533,0.6816834,0.0128509225,0.6465154,0.036990393,0.31689906,0.03346028,0.2639724,-0.0016381864,0.2431346,0.012794258,0.31031045,0.01232693,0.49011368,0.06931179,0.4787599,-0.0015844015,0.33526924,-0.026829116,0.32589623,0.29577667,1.0106963,0.39574456,1.3032625,0.16118409,0.60235363,-0.022132855,0.31114644,-0.0614954,0.3363198,0.008695328,0.29772103,0.03829172,0.21933366,0.039556503,0.24951473,-0.020110082,0.21829599,-0.057861563,0.26749837,-0.11478818,0.41744533,-0.11340788,0.41222507,-0.024431115,0.29102096,0.018155105,0.23572956,0.03642605,0.24060649,-0.03829574,0.23948225,-0.094689034,0.39305466,-0.079137295,0.35967115,-0.041611195,0.24731427,-0.002138921,0.24507502,2
-219.61006,6.848645,56.849136,9.731736,13.387633,4.637136,25.249342,2.2190852,6.1244364,2.5057237,-26.109716,1.8771602,-14.552672,1.6381491,-4.888978,1.8429277,0.51012063,1.7750798,13.02514,2.185895,42.101433,2.804106,47.26358,2.6939924,13.010723,2.1163895,25.876907,1.8395736,-2.168742,1.7593855,14.969579,1.6016849,4.6626163,2.3125236,19.434284,2.5136719,8.376244,1.8696452,2.1055734,1.9883336,0.028883245,1.2510437,0.0022041614,1.8534255,0.056281023,0.8890889,0.07297173,0.27006683,0.076166354,0.44127148,0.06439782,0.2648061,0.032910734,0.26423505,0.0049559814,0.33363008,-0.01852085,0.31831357,-0.01474993,0.38594422,-0.0030906678,0.52389514,-0.006717066,0.46143347,-0.014004944,0.402945,-0.0028772142,0.3287533,-0.010193706,0.33453888,-0.021576116,0.24826771,-0.029707061,0.43580666,-0.025128743,0.48589072,-0.03735816,0.3323941,-0.0049253153,0.36993757,0.28211296,0.96334726,0.3979024,1.3010426,0.16576825,0.6177748,-0.02205545,0.29015908,-0.055315606,0.35357955,0.00600236,0.24676055,0.01928536,0.17987238,0.028538998,0.23600477,-0.026529323,0.23940316,-0.05553079,0.28199318,-0.082897395,0.36548918,-0.10938531,0.39760607,-0.037648864,0.2954247,-0.010322349,0.25976974,0.009023527,0.24322969,-0.023186373,0.21135534,-0.06691622,0.28966686,-0.075999275,0.32467616,-0.030270364,0.18265735,-0.030543514,0.259873,2
-218.99788,12.568009,56.542736,9.699304,13.097957,4.1921425,25.977829,2.5933173,7.1178517,2.058134,-25.552874,2.209856,-15.177232,2.3470294,-4.9623375,1.8585738,0.7649078,1.7510456,13.331208,1.6101279,42.677746,3.6226792,48.00672,3.955585,13.016155,2.01471,25.483236,1.8822968,-2.5220602,1.9233153,14.462238,2.311582,4.71531,2.5149121,19.789522,3.2270403,8.823971,2.432445,1.9545488,2.0488205,0.24352367,2.4107857,-0.07846841,1.853404,-0.100454025,0.78401685,-0.09511176,0.36527973,-0.035069108,0.24747086,0.053310312,0.39940026,0.03820109,0.44928318,0.03586282,0.29476318,0.035097186,0.3006567,0.011772047,0.25413966,-0.0094303135,0.6792382,-0.019640483,0.7519883,0.038888067,0.33143416,-0.012451083,0.32976878,0.053469155,0.3174728,0.010567962,0.4625423,-0.009555186,0.48221332,-0.026006918,0.6215261,-0.0040337048,0.4234276,0.017353218,0.36988,0.47418192,1.6612821,0.38557306,1.260342,0.13870044,0.5774767,0.015415019,0.36552748,0.0017547635,0.23614942,0.062630944,0.30499643,0.06585095,0.29735786,0.03908657,0.24009566,0.018043313,0.2728438,-0.034777418,0.2031846,-0.13698266,0.49628347,-0.14085048,0.50862277,-0.012948301,0.29615018,-0.03930508,0.27676955,0.006208131,0.2035089,-0.08394662,0.3485933,-0.08431693,0.35721618,-0.1266938,0.44986683,-0.08525964,0.36101317,-0.04629783,0.30863222,2
-218.8706,13.352627,57.29462,9.568898,13.646759,3.1210337,25.276937,1.9051567,5.9406223,2.0827575,-25.720766,2.5135605,-14.275312,1.9541459,-4.6949444,1.986209,0.5095203,1.4805048,13.630868,1.789716,42.600883,3.608582,46.556137,3.5591087,12.416911,1.6872158,25.861506,1.7159988,-1.9413335,1.8751757,14.109123,2.1317787,4.0144777,2.6931937,19.860918,3.3699493,8.148528,2.3918226,1.616818,1.9290434,-0.21085525,2.5253482,-0.025941057,1.8303691,0.07833494,0.6290709,0.044235304,0.2957596,0.037590228,0.30740806,-0.06673471,0.45476836,-0.010325267,0.36901984,-0.018749645,0.29405233,-0.019206092,0.21753462,-0.016748205,0.31119508,0.016218795,0.7281117,0.012276723,0.69048506,0.010617968,0.25635698,0.01131732,0.2737201,-0.0011661805,0.29768544,0.007756952,0.4029492,0.0035520848,0.46403524,0.03384239,0.6316573,0.002573127,0.48297808,-0.042325694,0.28935456,0.5386917,1.816839,0.36836722,1.1855859,0.07639349,0.38814917,-0.03319758,0.24513692,-0.04774933,0.2514323,0.0740861,0.33307105,0.03700363,0.22716951,0.047362044,0.29127017,0.025651956,0.2299997,-0.02294718,0.23204824,-0.13300763,0.4644412,-0.13577032,0.46667364,-0.011306772,0.2122825,-0.015512949,0.2077891,0.042217556,0.27434182,-0.04429101,0.269214,-0.069315955,0.30994838,-0.11901766,0.44516614,-0.05954834,0.31381828,-0.019886483,0.24300323,2
-220.10027,7.771125,56.767445,8.871919,13.807486,3.2453494,25.300596,2.3264894,5.7079062,2.5190513,-25.739649,1.6148379,-14.793095,1.8510303,-5.0393147,1.6306273,0.18765555,1.5333526,13.43925,1.8181736,43.122166,2.9626372,47.75027,3.1532872,12.403129,1.8356701,25.484087,1.9345113,-2.5543222,2.2038476,14.033194,1.8565092,4.6810875,2.2479818,20.113708,2.5705762,9.052216,1.9998746,2.1288126,1.7474614,-0.092256136,1.4532553,-0.095229864,1.6093037,-0.07476354,0.5852254,-0.054708563,0.39289874,0.00093704,0.42143208,-0.029979141,0.23280723,-0.052681718,0.28623334,-0.033982374,0.2742219,-0.003432603,0.21737416,-0.013671006,0.30976644,0.008197271,0.49172497,0.020556744,0.57970315,0.03166853,0.27604482,0.040885918,0.29846445,0.021313274,0.3225146,0.017842436,0.28773513,0.035709675,0.38826296,0.04925369,0.49651945,0.017536508,0.27924487,0.031611502,0.27847248,0.31322557,1.0475824,0.3461279,1.1677837,0.099717624,0.43229297,-0.05112029,0.31401625,-0.08990011,0.36819202,0.0009120446,0.18555626,0.03361417,0.245444,0.019305125,0.18245383,-0.020784914,0.2285242,-0.03437343,0.21334954,-0.10434809,0.40319195,-0.11849216,0.42793095,-0.023616534,0.2121351,0.026316794,0.23653813,0.03689238,0.25309235,-0.03471289,0.26813474,-0.0509184,0.29887676,-0.07251806,0.28990906,-0.054518387,0.2542282,-0.016856477,0.22730656,2
-219.71028,8.903081,57.128002,8.611789,13.571603,2.9002094,24.947527,2.507879,5.6618567,2.6058671,-25.93603,1.9287013,-14.316678,1.7580673,-4.6913505,1.5033429,0.41841048,1.4106228,13.725685,1.7486799,42.754517,3.3463829,47.18298,3.494998,11.651625,1.8841617,25.223463,1.9307723,-1.8753923,1.742954,14.475865,1.853239,3.9805856,2.1481025,19.225391,2.741912,8.78081,2.1403332,1.9782485,1.9823867,0.16886559,1.6789172,0.010825055,1.6163553,0.06593201,0.52321583,0.045102518,0.43054265,0.042746883,0.521297,0.06584085,0.32321948,0.025877427,0.29516873,0.029770793,0.2508429,0.0044679935,0.2439873,0.009928773,0.34885737,-0.017657822,0.6410483,-0.06049375,0.6202434,-0.026722705,0.28545117,-0.0634916,0.31984803,-0.055684164,0.3112401,-0.063202865,0.33243102,-0.024274262,0.38959655,-0.04644923,0.5200786,-0.064609766,0.4175999,-0.053153135,0.3533088,0.3492632,1.2011014,0.36021617,1.1831628,0.09987504,0.42572454,-0.07080646,0.308432,-0.0918738,0.36003748,-0.0036833396,0.22858031,0.018806951,0.22961989,0.012593226,0.19129767,-0.008238409,0.20592432,-0.04065771,0.22762373,-0.115418844,0.3988539,-0.13579404,0.50020266,-0.030962827,0.26681715,0.0031728982,0.20088677,0.033980772,0.26717567,-0.0057547283,0.18884858,-0.049581233,0.27960905,-0.06798412,0.34241813,-0.019657608,0.27418268,0.0029950212,0.24335039,2
-219.88062,9.956612,57.140446,9.830075,14.317151,3.7261033,25.041185,1.7863154,5.3010736,1.9967537,-25.474508,2.091949,-14.044803,1.8109088,-4.8317676,2.0266967,0.2291351,1.740692,13.974493,2.0209281,42.413593,3.1235082,47.26639,3.4744627,11.327028,1.9876194,25.303734,1.725839,-2.1297178,1.6660842,14.261869,2.0549989,4.028655,2.5522218,19.598019,2.9640458,8.906669,2.234275,2.7548776,1.9037147,-0.08452012,1.92549,-0.071327575,1.7598864,0.05444869,0.65986896,0.03893193,0.26382774,0.032378253,0.335734,-0.01080159,0.34131944,-0.026596077,0.288846,-0.031938333,0.3684256,0.0020040255,0.22976147,-0.019082986,0.36817455,0.01543731,0.59457314,0.0075804344,0.67964685,0.021117978,0.2956784,0.043727946,0.2668583,-0.0066880235,0.24851334,-0.0032259887,0.37152916,-0.0049918983,0.46451116,0.010680074,0.52206796,0.04417705,0.41005808,-0.014972553,0.35080892,0.39750174,1.2816677,0.41404906,1.3803374,0.12875675,0.52080166,-0.019537179,0.22901264,-0.041972194,0.2459667,0.050608132,0.2606981,0.041622043,0.2800142,0.042164493,0.24641353,-0.025017757,0.2149899,-0.03934089,0.2588401,-0.11794298,0.4176183,-0.12684892,0.43838358,-0.046440754,0.26564255,-0.02788328,0.1939723,0.023446761,0.21928017,-0.050066367,0.26996484,-0.075988576,0.32478642,-0.09793176,0.38582253,-0.06646962,0.27733094,-0.02833468,0.24796928,2
-219.79561,13.124386,56.885696,9.28442,12.902081,3.4514763,26.411524,2.8803327,7.4029484,1.9949112,-26.408726,2.4080849,-15.153106,2.6380923,-5.2183824,2.1145973,0.9405203,1.957704,13.317389,1.746935,41.807594,3.2576642,46.940697,3.9583387,13.509415,2.2446523,26.097847,1.7512676,-2.444642,1.7903934,14.1507015,2.2346609,4.00745,2.3079216,19.55902,3.6813161,9.037352,2.433729,0.23409623,1.7925036,0.21231894,2.5097132,-0.107300155,1.730035,-0.12026439,0.68129647,-0.079005085,0.46008387,-0.03332116,0.25843114,0.039352637,0.45227575,0.031253245,0.48565498,0.022041783,0.41433066,0.074415326,0.3850734,0.039816353,0.3244046,-0.0060343007,0.64577764,-0.0055562826,0.7118388,0.047121614,0.33612782,-0.046989974,0.3334143,0.0010897178,0.28172183,-0.030002043,0.39918762,0.0101272585,0.45328608,-0.03433951,0.732175,-0.033550926,0.45004895,0.017070172,0.26872882,0.5018938,1.7433127,0.35804367,1.2101383,0.1054112,0.4712243,-0.072093725,0.40994903,-0.022771334,0.22726962,0.07479542,0.35396242,0.08110796,0.36211404,0.048802152,0.23158501,0.011024895,0.21838106,-0.0027112411,0.2528538,-0.11171454,0.4057694,-0.14787398,0.5203062,-0.029437272,0.28930265,-0.029222522,0.19771034,0.04822279,0.24239731,-0.06744109,0.31970134,-0.07645813,0.33294588,-0.13600308,0.48635295,-0.06981334,0.31804383,0.0036112051,0.2152758,2
-219.95514,13.847325,56.741566,9.523876,12.487736,2.9961343,26.050884,2.514522,6.6910043,2.4312413,-27.110533,2.92577,-15.0488205,2.3328202,-5.298996,2.1901248,1.2305465,1.8005991,13.576426,1.6571683,41.36226,3.4960918,45.98818,3.8480148,14.15357,1.8393756,26.51424,1.9196465,-2.3657303,1.7804974,14.262346,2.3566124,4.3729153,2.5772245,19.4215,3.6996787,8.248163,2.4467745,-0.05331066,1.6653234,-0.16607893,2.6642654,0.014871098,1.8357091,0.117075026,0.60656774,0.04113696,0.4854846,0.02584255,0.3967484,-0.0674188,0.54688674,-0.024156295,0.39729384,-0.03843533,0.30990106,-0.029613888,0.2973819,-0.050638486,0.24233744,0.02722683,0.67418164,0.00671408,0.67236114,-0.008235425,0.3219593,0.015158519,0.2796529,0.00082479254,0.31564617,0.026177753,0.4473805,0.011213904,0.47036025,0.0049561425,0.6234923,0.04284573,0.45353815,-0.018135134,0.32070553,0.54507214,1.7868371,0.37933496,1.2301869,0.050384868,0.3346928,-0.0662117,0.30119836,-0.055176485,0.28856733,0.090109386,0.37766838,0.067977875,0.29123324,0.051966675,0.2873577,0.03243596,0.22905025,0.0010950657,0.20052521,-0.12226866,0.45972347,-0.15693207,0.5562671,-0.0076544764,0.182738,-0.05133093,0.25243682,0.039322328,0.25280812,-0.07023006,0.2974693,-0.07723004,0.30556884,-0.11847652,0.45142895,-0.077800654,0.32812038,0.00493433,0.23120391,2
-218.03539,13.661511,51.567505,10.026262,9.093475,3.186486,26.572378,2.7928112,10.03973,1.9428151,-21.284859,2.4273949,-12.153904,2.11826,-8.762421,2.6267202,-0.35173118,2.1033158,14.081377,1.8879211,39.60818,3.4514852,44.85473,3.7165549,14.348857,1.8384022,31.390915,2.3892508,1.013932,1.5054252,10.380761,2.2502387,1.4420079,2.434228,20.096544,3.4856136,7.7983146,2.608,-0.19448702,1.5283304,0.116075665,2.6160216,-0.10936083,1.9209787,-0.055037413,0.60438347,-0.08009055,0.4368496,-0.020970307,0.35327455,0.018620439,0.47034654,0.015355565,0.4304945,0.047175527,0.41946486,0.04930965,0.3491824,0.030429339,0.30953076,0.007754062,0.6116466,-0.0128613105,0.716214,0.036606077,0.3208961,-0.022047315,0.38708094,-0.0041275006,0.25711375,-0.026977599,0.3756767,-0.00027545783,0.40682238,-0.049534496,0.6532512,-0.009979267,0.4772179,0.0032408128,0.27362558,0.5522308,1.8372608,0.39395878,1.2972226,0.087989345,0.40854606,-0.08001876,0.44371828,-0.049668986,0.258966,0.07217841,0.32159436,0.04796629,0.27084994,0.08529012,0.35364062,0.061391465,0.29861456,-0.031296067,0.25802967,-0.12686697,0.46593106,-0.13076997,0.45904037,-0.016826332,0.21288306,-0.059589434,0.28578183,-0.0012435179,0.19363442,-0.07558912,0.3131105,-0.07610562,0.3225112,-0.118908376,0.42899132,-0.09140134,0.37792382,-0.0005615579,0.183595,2
-220.71304,9.596485,56.7465,10.724071,13.65197,4.6853614,25.592915,2.2938125,6.044729,2.2202244,-26.38324,2.2078044,-14.685706,1.6778522,-4.799363,1.5631946,0.19805105,1.7657034,13.224784,2.1496832,42.66909,3.3884118,47.37147,3.416809,12.65407,1.9787316,25.115004,1.8498645,-2.4627607,1.8702722,14.688356,1.9870411,4.0202103,2.7463896,19.914288,3.207777,9.030655,2.4641645,2.0603352,2.4245346,-0.11052723,1.9188976,-0.049261417,2.088861,0.08556342,0.8315576,0.06202663,0.36880457,0.06569346,0.33681002,0.006336249,0.41845325,-0.03313441,0.2960458,-0.033361293,0.2398169,0.01945244,0.3209483,-0.0028895342,0.37704375,0.03155227,0.63502103,-0.0005961051,0.7036775,0.010503137,0.26541853,0.005024787,0.2980263,-0.02329477,0.3152208,-0.024466008,0.31792104,0.01626826,0.5725472,0.023003967,0.61057913,0.0066782953,0.43886694,-0.006855379,0.35742337,0.3666751,1.192107,0.42612204,1.3775699,0.15829444,0.60460424,0.027777262,0.32450083,0.019216698,0.3077496,0.07083476,0.33204123,0.013470041,0.18323608,0.043655008,0.23168543,0.010288591,0.24987851,-0.05826608,0.3014056,-0.108974926,0.37603027,-0.13404377,0.454823,-0.016574662,0.20932238,-0.0032529884,0.19252364,0.01456867,0.21598648,-0.06650567,0.2838042,-0.09467031,0.35753426,-0.11261701,0.4322485,-0.081171475,0.34804562,-0.05101925,0.34889826,2
-219.79594,8.851177,57.535378,10.36349,14.177532,5.2791414,26.12616,2.4824095,6.4574904,1.9455581,-25.817251,1.991109,-14.101121,1.70687,-5.0232325,1.9047781,0.396575,1.9008411,13.312412,1.9666473,42.4579,3.438061,47.51096,3.6031435,12.029843,2.174095,25.253252,1.5498705,-2.347151,1.6339809,14.185706,1.8920859,4.3814282,2.4365735,19.010708,3.1953952,8.665235,2.4016984,2.1722589,2.5346746,0.019271733,1.7283416,0.029007867,2.0018926,-0.0005325171,0.9763497,-0.025148554,0.46819812,-0.03900225,0.32429984,-0.017194312,0.31440768,0.032717243,0.329589,0.03771536,0.35594505,-0.009178996,0.34223387,0.0034864445,0.32387245,0.0027082737,0.6054906,-0.009728945,0.66443944,-0.010558575,0.37738797,-0.016417336,0.29758674,0.0038289474,0.25845435,-0.0122762825,0.31865335,-0.019803293,0.44555086,0.016429784,0.6339201,0.0035777607,0.4397992,-0.008723774,0.46910602,0.34627056,1.1074643,0.43308762,1.4131129,0.21005227,0.75954705,0.048971,0.2941482,0.015797652,0.2119935,0.046621263,0.24376065,0.027747216,0.23222953,0.01811042,0.21649113,-0.015658151,0.26150492,-0.04002153,0.22736214,-0.13397919,0.49362084,-0.15065339,0.53284794,-0.033764143,0.24158044,-0.03940485,0.24999171,-0.0049016373,0.21333982,-0.045535844,0.21603234,-0.080328114,0.3262446,-0.1069545,0.39919573,-0.07482409,0.29284808,-0.042417336,0.3221347,2
-220.60342,8.380566,57.414948,10.597888,13.616778,3.6567447,25.38659,2.3784072,6.111946,2.3635564,-26.459248,1.9875228,-14.249773,1.8364195,-4.712172,1.5133238,0.17618309,1.6561334,13.348706,1.924933,42.233383,3.545863,47.283775,3.463276,12.905544,2.0403392,25.840126,1.5175409,-2.1385021,1.8561909,14.30477,1.7816453,4.393657,2.5327804,19.269985,2.9730978,8.253734,2.1224523,1.4612938,1.6259857,-0.095617354,1.5814642,-0.081792,2.011959,-0.057903856,0.680895,-0.082303286,0.382243,-0.07819697,0.3598526,-0.06302749,0.31436494,-0.013318049,0.32026616,-0.009442478,0.21458612,0.017075347,0.2774403,-0.0123193925,0.3003582,0.025053479,0.6606761,0.032915395,0.5651718,-0.019083655,0.417881,0.039308455,0.24055527,0.022387585,0.29891542,0.016366277,0.28337827,0.009063155,0.3758507,0.03653517,0.57493246,0.048567988,0.37853888,0.019285345,0.23676133,0.34292257,1.1280012,0.4368708,1.4304687,0.11681815,0.43331707,-0.04802803,0.32425788,-0.021915281,0.2722054,0.045076583,0.30543557,0.023189174,0.22007428,0.018551923,0.19842078,0.004510374,0.22134697,-0.045546077,0.27456045,-0.13529585,0.48983854,-0.13318115,0.48506555,-0.022622328,0.26906314,-0.007578022,0.18895674,0.019652795,0.29976997,-0.04110831,0.23692626,-0.08406374,0.3567236,-0.09709612,0.35389215,-0.07256975,0.3090104,0.00393083,0.22461542,2
-220.99551,7.0091333,57.15012,10.4086,13.640385,4.2533927,26.020779,2.4209952,6.3268437,2.3950272,-26.414434,1.6459763,-14.096511,1.6862097,-5.0477943,1.7727485,0.2608908,1.4011482,13.016964,2.0165265,42.604073,3.1788545,47.749584,3.1087677,12.989701,2.3864408,26.104053,1.4000938,-3.12185,1.8782657,14.2438345,1.6417034,4.8706026,2.5419183,20.038729,2.758545,8.583571,2.0024571,1.5882791,1.7114031,-0.025224641,1.3445444,-0.01102336,1.9203851,0.09190313,0.7753291,0.07936539,0.38781524,0.05567711,0.41185588,0.019038588,0.25415596,-0.0011569482,0.27771777,-0.0007203432,0.2776041,-0.009166552,0.21638581,0.02546813,0.3599034,0.0012103227,0.5409673,0.0010435692,0.5455613,-0.015029394,0.4708598,-0.022597313,0.2306654,-0.029493853,0.27225125,-0.03671781,0.24230117,-0.001875507,0.4673647,3.757477e-05,0.54497826,-0.040016368,0.3699168,-0.029669428,0.27979797,0.2714266,0.88729125,0.4437354,1.4541886,0.13390589,0.54989064,-0.05162462,0.39619696,-0.056179177,0.30351582,-0.014203833,0.2192841,0.05115866,0.25850853,0.026903974,0.20808858,-0.014304044,0.18328059,-0.039893746,0.24772571,-0.11367033,0.40674916,-0.10932912,0.41898045,-0.07527856,0.30234915,-0.0027449685,0.18677829,0.03617521,0.2626369,-0.032807596,0.21144319,-0.08808118,0.3288751,-0.09539614,0.35233352,-0.034267377,0.25961265,-0.014216395,0.21473055,2
-220.48442,8.533686,57.467808,10.305199,14.398526,5.3442245,26.619734,1.8147048,6.5592103,1.718583,-26.092445,2.1263762,-13.91568,2.0000513,-4.7048664,1.4002645,0.44988096,1.5102329,12.85102,2.0903134,42.489315,3.197144,47.407166,3.571846,13.188275,2.4496913,25.794603,1.4449787,-2.611237,1.9514886,14.17632,1.6470505,4.3158355,2.5160067,19.2085,3.5588634,8.530366,2.5876553,1.1934849,1.924734,0.07849209,1.5872248,-0.051324256,1.9591057,-0.015853398,1.0050032,-0.0079167895,0.31188416,0.041942,0.2748063,0.050750367,0.38055044,-0.009533842,0.3031379,-0.021071628,0.22888386,-0.015130231,0.25124392,-0.003196929,0.38579786,0.023560224,0.59151673,-0.02542239,0.6263961,0.023868568,0.36999422,-0.019464992,0.27306187,0.016324846,0.29205692,-0.010280888,0.31396052,-0.010819681,0.41293454,-0.021129726,0.6235017,-0.015902212,0.5234864,0.0058902013,0.28985697,0.30682015,1.0668893,0.41758263,1.3580323,0.21138453,0.7244559,0.033763643,0.2622275,-0.0026885225,0.17178667,0.043947775,0.24641152,0.031689666,0.24190323,0.015252845,0.15877376,-0.011075586,0.19790563,-0.060123224,0.29070875,-0.117376104,0.44937184,-0.13015947,0.4885568,-0.037873253,0.25233382,-0.009369087,0.20046884,0.015215503,0.26093742,-0.031106293,0.19507112,-0.06810664,0.3131862,-0.12734756,0.47001103,-0.07946948,0.31612805,0.0037795068,0.21712892,2
-220.0756,11.800594,57.753967,9.477981,14.07338,3.5109088,25.925747,2.7680886,6.286188,2.358918,-26.032486,2.1282465,-14.281215,2.067412,-4.7293267,1.577049,0.40848714,1.6091489,13.142354,1.711538,42.468014,3.3600054,47.16307,3.5946472,13.175356,2.1461074,25.596987,1.8249673,-2.676891,2.030771,14.26235,1.7024742,3.8040714,2.5952911,19.670103,3.4250772,8.262949,2.1289656,0.94640267,2.0185044,0.06339302,2.198958,-0.13744532,1.777771,-0.07901421,0.64729553,-0.07582273,0.454804,-0.051462635,0.3974479,-0.014371407,0.35536247,0.016802566,0.35832697,0.030198682,0.24354078,0.03432084,0.28823438,0.02426801,0.27324393,-0.00011405211,0.59529716,-0.00087387377,0.6409397,0.036605176,0.363313,-8.168496e-05,0.28310627,0.029943079,0.31902355,-0.024069056,0.25979966,0.0043347506,0.45745575,0.009585021,0.604732,-0.017211052,0.3538916,0.0029246297,0.31733656,0.47396109,1.5521924,0.38437954,1.2636482,0.09441092,0.51579666,-0.04588715,0.42421553,-0.037283845,0.29066238,0.056453653,0.3175818,0.04583352,0.27136818,0.034931682,0.23552853,0.0064410474,0.20743234,-0.011996552,0.20898488,-0.11505222,0.41930655,-0.15400021,0.56055796,-0.032740086,0.25258988,-0.038429048,0.21507993,0.02591859,0.25486964,-0.031038716,0.23153877,-0.06957232,0.34224772,-0.12122195,0.46182624,-0.06386769,0.2781939,0.0031820994,0.29883823,2
-217.09828,16.660723,58.632286,8.849912,13.832185,2.8467846,27.361998,3.801974,8.34902,4.5265985,-24.69989,5.680038,-14.092223,2.903021,-4.6617823,2.228991,1.0898685,2.2395701,13.653361,2.6828973,41.68408,3.316262,46.106274,4.201333,13.742511,2.058855,25.94911,1.9532279,-2.280985,2.0026817,13.3758545,2.42722,3.4585576,2.7639523,18.970877,3.6919558,7.9925094,2.7641718,0.24217981,2.0586128,0.07918096,3.25281,-0.051604506,1.763983,0.0105968295,0.43439695,-0.021879276,0.7559654,0.022949442,0.82737046,0.016536335,1.136941,0.028276928,0.5265038,0.00842685,0.39116633,0.03279141,0.38895592,-0.0237601,0.51498044,-0.03566543,0.63835204,-0.0007296122,0.80257875,0.02741282,0.39418098,-0.0007626717,0.3092934,0.008253538,0.30213645,-0.004708136,0.4704351,0.0075906166,0.44072673,-0.05019222,0.62140816,-0.024638612,0.4750534,0.0067008696,0.35718825,0.5828975,2.1530614,0.3136134,1.1022198,0.005116448,0.36795223,-0.1066798,0.42487565,-0.08393717,0.5067283,0.10165525,0.748039,0.07128853,0.3518073,0.03724195,0.23177196,0.0313958,0.2528367,0.009695968,0.33047363,-0.11080615,0.44493976,-0.11973929,0.562619,-0.013864468,0.26261637,-0.023646815,0.24997678,0.04628561,0.31567818,-0.06446988,0.32330304,-0.06217342,0.3293496,-0.11112705,0.43546832,-0.07951249,0.41982755,-0.010050678,0.24254552,2
-218.96149,14.684857,57.84616,7.71449,13.191254,2.1409082,26.78034,3.9613307,7.960727,3.0330372,-25.55082,2.8162878,-14.306794,2.2029793,-5.1939683,2.4094052,0.927859,2.259668,13.841157,1.7861598,41.10363,3.1597233,46.585606,3.5328062,14.532732,1.6628357,26.694893,1.8977469,-2.066835,2.124676,13.424041,1.8731198,3.7196693,2.0806055,18.987906,3.6967678,8.0887985,2.3674026,0.21862361,2.0814443,-0.090983614,2.7418942,-0.108517736,1.3869332,-0.0010499221,0.3695398,-0.05786771,0.7714929,-0.0015260329,0.60159224,-0.060666252,0.5065642,0.023595694,0.37677115,0.0077364664,0.4232989,-0.010082292,0.4500376,0.010292116,0.33723384,0.010303344,0.54663247,0.05040925,0.67703706,0.010142482,0.29214397,0.039120376,0.31945282,0.03232003,0.4312955,0.014122365,0.32665324,0.023258818,0.3215041,-0.0007670476,0.6240424,0.028883737,0.44226956,-0.018403959,0.34542677,0.62229174,2.043005,0.3083028,1.0672005,-0.02058905,0.2860587,-0.12097318,0.4856645,-0.095346875,0.3922474,0.09648941,0.40122765,0.08235895,0.35458258,0.06393063,0.27244145,0.06629641,0.28575608,0.020751424,0.24776769,-0.11242602,0.48737392,-0.11616569,0.46918413,-0.006621248,0.23094971,-0.038291864,0.26554134,0.037654486,0.3264162,-0.048960507,0.28107044,-0.05101864,0.26355729,-0.14264822,0.539549,-0.08458418,0.34890273,0.0034049437,0.26079512,2
-218.08234,15.118131,51.7307,9.370021,8.775522,2.071613,26.600477,3.134013,10.3514185,2.5781577,-21.321014,2.594381,-12.522855,2.0551045,-8.853885,2.9446032,-0.27334884,2.176493,14.378937,1.629369,39.541218,3.3828506,44.481274,3.410952,14.569396,1.6389998,31.86525,2.430859,0.9951091,1.627119,10.020269,1.8915349,1.3779278,2.4554932,20.126732,3.62917,7.7608438,2.4896882,-0.38164344,1.7405792,-0.10229601,2.9557579,-0.027516086,1.7957011,0.048914127,0.32279906,0.008976885,0.57930815,0.022408023,0.42694503,-0.050334018,0.44199994,-0.0020170505,0.34402278,-0.04792151,0.55653405,-0.00063346716,0.3999454,-0.017285552,0.2890646,-0.00045637717,0.639656,-0.005206299,0.6104132,0.006863529,0.23119704,0.03240192,0.42359424,0.0068938094,0.23642775,-0.013467469,0.3119375,0.032759864,0.41295284,-0.009571823,0.66829234,0.007434647,0.41857597,0.0031630902,0.28107157,0.6131675,1.9598161,0.37573618,1.2247953,0.026343009,0.27085352,-0.09917343,0.40939656,-0.07104522,0.35620952,0.06295835,0.28767553,0.049264062,0.2539931,0.08148679,0.339086,0.043404903,0.24784668,0.011183566,0.2151167,-0.13218753,0.47562918,-0.1268462,0.45900247,-0.03403784,0.2609997,-0.07906626,0.32773876,0.012088276,0.2074233,-0.056391444,0.28450775,-0.047971744,0.29182434,-0.13212407,0.4855025,-0.06422653,0.2993319,0.006121802,0.24920599,2
-218.3765,11.735499,52.540283,9.875822,8.693915,2.4910266,26.391796,2.525245,10.806119,2.6528711,-21.367834,1.9696444,-13.2752905,1.6685387,-8.649765,2.1952953,0.42957112,1.784377,14.459135,1.8171047,38.9378,3.0247755,43.942467,3.110176,14.768775,1.9381574,32.58484,2.1948872,1.35643,1.6100591,10.586353,1.5753694,1.0377914,2.1436915,19.999151,3.2270095,7.4734545,2.1923437,-0.8730711,1.2997074,-0.13779736,2.1447592,-0.03309097,1.8379308,0.04245205,0.4709692,0.024647467,0.46031567,0.029758861,0.53364724,-0.048639428,0.34708166,-0.0076085567,0.28261468,-0.032549545,0.40418294,-0.03818431,0.2970674,-0.024870586,0.3196667,0.0026968075,0.5003906,-0.019640923,0.60244995,0.00076357584,0.3000827,0.02286089,0.36455026,-0.012594105,0.22597528,0.0015827692,0.24450827,-0.0041581336,0.4042482,0.02049124,0.6215794,0.013572242,0.42642337,0.004500232,0.21345836,0.46708703,1.5697564,0.40068406,1.3212293,0.08254638,0.33746502,-0.06673241,0.29929954,-0.06350545,0.29275003,0.06030034,0.33743477,0.03419585,0.20655066,0.04655064,0.24971485,0.007326145,0.22447509,-0.028395725,0.22591418,-0.08945647,0.3751026,-0.11695122,0.4086511,-0.051911116,0.2946221,-0.060538232,0.30887383,0.021302646,0.20813298,-0.011187308,0.21239379,-0.069634974,0.2902142,-0.12856138,0.47086924,-0.06209603,0.2861867,-0.00986645,0.1936186,2
-218.568,9.020231,52.722187,10.903344,9.210137,4.0485735,26.62429,2.0544071,10.81507,2.2334301,-21.536787,1.7712203,-13.268773,1.7222472,-9.202243,1.6171916,-0.109905206,1.7024245,14.489945,1.991168,39.043713,2.9891868,44.19584,3.1933572,14.615903,2.1252573,31.829462,2.1961784,1.2054925,1.5899546,9.944369,1.8319426,1.3954564,2.292223,20.142204,2.9814167,7.518926,2.2600358,-0.43425003,1.4378523,-0.0004098012,1.7250614,0.0080500385,2.064709,0.026536487,0.7901742,0.06960866,0.36556903,0.051196393,0.36785406,-0.012879881,0.33790603,0.00932684,0.3200289,-0.016000332,0.26702338,-0.010676796,0.2233556,0.004723373,0.3284439,0.0078192195,0.5655966,0.014647051,0.6332442,0.013409402,0.36912596,-0.038292672,0.40540013,-0.013535346,0.27244124,-0.019570637,0.30128038,0.0022157962,0.43818435,0.011786329,0.5869562,0.018209934,0.47784203,0.0055739093,0.22902839,0.37011784,1.2179496,0.4527216,1.4711533,0.15446937,0.52705866,-0.025415974,0.24085085,-0.046242945,0.2908113,0.023038235,0.22987704,0.03452585,0.1980027,0.033518717,0.21136625,0.023454273,0.23228249,-0.049130235,0.2949793,-0.10819296,0.386626,-0.104928166,0.35911942,-0.06987862,0.29522908,-0.054012246,0.31796637,-0.013078256,0.19781582,-0.04997078,0.27363276,-0.07136951,0.298318,-0.1088079,0.3959863,-0.04806822,0.29115275,-0.0031983275,0.17275839,2
-218.27785,13.165964,52.342842,10.014021,8.9195175,3.6897914,26.512186,2.8367662,10.75193,2.4489691,-21.645182,2.141665,-12.748169,2.2080674,-8.70981,2.4362035,-0.017519768,2.1858397,14.866662,1.9826214,39.46277,3.1557493,44.63434,3.3347502,14.40149,2.0979493,31.602592,2.3165345,1.0475675,1.6209583,9.960725,2.0488615,1.7606968,2.422781,20.267212,3.4769228,7.6247463,2.4521673,-0.55355716,1.5934361,0.19746017,2.4505954,-0.1282466,1.9646077,-0.09620169,0.69758683,-0.07917597,0.40207797,-0.031327274,0.40484822,0.043235503,0.3925443,0.03933149,0.41535327,0.033599913,0.4455985,0.054450788,0.37251583,0.043972142,0.3622399,0.015571873,0.62463874,-0.017092206,0.6364723,0.047477707,0.39027232,-0.028591398,0.41244182,0.009367364,0.23358373,-0.010698419,0.3565838,0.0066407425,0.40522745,-0.035678137,0.7083928,0.002401308,0.4805065,0.01772031,0.25010327,0.49654484,1.7039315,0.3841756,1.2820067,0.10366106,0.5102648,-0.06118045,0.38327846,-0.04858421,0.2902796,0.03985054,0.2344483,0.06526381,0.2738287,0.06778296,0.33621803,0.036420982,0.25027367,-0.019923907,0.2629927,-0.11645564,0.4175802,-0.1227836,0.43930995,-0.028725877,0.29329696,-0.053286433,0.2976452,0.003886783,0.22377224,-0.05516516,0.28567088,-0.07264043,0.32469407,-0.12501796,0.43962243,-0.06837597,0.30211812,-0.019762803,0.18751042,2
-218.21881,12.760062,52.466785,9.659483,8.613712,2.6629627,26.334988,2.7269423,10.132833,2.8239102,-22.187166,2.201091,-12.448083,1.9487427,-8.407251,2.5347192,0.28214353,1.7367996,15.070444,1.6560439,38.918526,3.3250387,44.5563,3.1094723,14.491922,1.9044646,31.940504,2.070606,1.8516399,1.5232869,10.107568,1.8294244,1.9438174,2.2542868,20.10459,3.3092935,7.64701,2.5498352,-0.3755349,1.4553592,-0.23082626,2.4289906,-0.0007813087,1.8507652,0.09088152,0.54010314,0.041001245,0.49340096,0.04016107,0.4645039,-0.07007113,0.38037756,-0.04189483,0.35275272,-0.021470837,0.46907854,-0.03022994,0.28758502,-0.054388404,0.28876126,0.020527223,0.579286,-0.012416113,0.5286213,-0.03191784,0.306603,0.025522526,0.31478453,0.01348755,0.24198334,0.01913426,0.3228344,-0.030242424,0.39875445,0.04350116,0.6239641,0.038236786,0.46098378,-0.0021394435,0.2518857,0.47020414,1.6220049,0.39745155,1.2877626,0.061753653,0.3638131,-0.109157786,0.42065072,-0.10937019,0.46132705,0.043338496,0.29612792,0.043886438,0.22127396,0.08152544,0.32723594,0.026911536,0.24228784,2.640119e-05,0.2099903,-0.10419561,0.39819676,-0.107830204,0.41657752,-0.049992397,0.29597867,-0.045451663,0.2918419,0.006092806,0.19866654,-0.042677667,0.22566187,-0.05535209,0.2821985,-0.09718063,0.38367724,-0.054379478,0.3271358,-0.009803195,0.19656284,2
-219.02939,8.413758,52.616093,9.78764,9.33136,3.107605,26.491796,2.5549397,10.172987,2.692671,-21.896055,1.7797917,-12.507118,1.572494,-8.510014,1.7791349,0.09666208,1.6407064,14.434905,2.0968246,39.278873,3.1940331,45.17276,2.9673674,14.091706,1.9794056,31.926924,1.7436255,1.1499296,1.7848027,10.072808,1.6689751,1.8581378,2.2801714,19.978624,2.78614,7.836148,1.9607205,-0.75168735,1.3709656,0.04152945,1.6768669,-0.060625196,1.8604636,-0.020162765,0.6014952,-0.019560272,0.42555633,-0.018717334,0.5512208,0.010944733,0.23177595,-0.02740689,0.28258705,0.0058945473,0.33232862,0.015019913,0.26930386,0.01593777,0.34708974,0.027332366,0.6064562,0.010660567,0.58290076,0.036120456,0.34405696,-0.0071866955,0.2789532,-0.0058110217,0.29094875,0.015064502,0.26821852,0.027561182,0.37051708,-0.00018763175,0.4880967,0.0067326273,0.3191213,0.010398433,0.21865693,0.3147892,1.0090463,0.39776486,1.2938952,0.115770936,0.45806354,-0.06844805,0.35394815,-0.07175478,0.31236497,-0.0033080175,0.20536396,0.01846186,0.19303744,0.010208207,0.19324906,0.017563667,0.23238209,-0.060736705,0.29986665,-0.121169545,0.41659138,-0.10368482,0.39675525,-0.023515623,0.25798577,-0.022251725,0.23103641,-0.0006653832,0.2485399,-0.04529878,0.24126649,-0.055532176,0.33327317,-0.08911601,0.36348933,-0.054956116,0.27489105,-0.0063883048,0.17862543,2
-218.85806,10.743728,52.14252,9.7392645,8.937471,3.2385106,26.132633,2.4467409,10.173944,2.8641236,-21.922634,1.6430749,-12.820045,1.7556231,-9.032478,1.8331407,-0.23675914,1.5887132,14.58093,1.8736159,39.02128,3.4579914,44.699024,3.3916929,14.178339,1.9794061,32.390053,2.0016036,1.6042441,1.6798698,9.983464,1.7049357,1.8207463,2.0682807,20.228264,3.0333226,8.097978,2.2713227,-0.6681933,1.3461144,0.0674079,2.0146873,-0.007145632,1.8262914,0.054767493,0.5399642,0.050699186,0.43386072,0.055537324,0.46104848,0.053435635,0.24774638,0.031483427,0.2532014,0.012411382,0.30012637,0.014613195,0.26872423,-0.01715724,0.30298132,-0.014094939,0.63999575,-0.009434619,0.56732804,0.026325127,0.27249113,-0.015428759,0.33594593,0.017464478,0.28508177,-0.024186164,0.2823545,-0.02768232,0.36798507,-0.011262006,0.5695467,-0.033456612,0.36252102,-0.021472326,0.20480025,0.44990018,1.501275,0.4181441,1.3782884,0.12767136,0.502963,-0.06709236,0.3171903,-0.09608981,0.4324024,0.006769447,0.20576152,0.041537408,0.25227663,0.06907065,0.29475656,0.03483066,0.24445131,-0.030833002,0.2304509,-0.1084686,0.37544158,-0.13988195,0.51555836,-0.055812187,0.31502685,-0.045936517,0.2957832,-0.000270407,0.2340334,-0.041907515,0.26779392,-0.055078357,0.26496735,-0.10616854,0.37201807,-0.053649977,0.31933483,-0.02359241,0.19423167,2
-217.98221,10.313158,52.18595,10.618322,10.364581,4.0973268,28.090622,2.0268354,10.368857,2.1582801,-20.345373,1.7524128,-10.966746,1.7235363,-8.364374,2.0401738,-1.027564,1.6216843,13.96397,1.9029626,39.558716,3.2877316,44.394173,3.2653186,13.281892,2.1157084,31.500282,2.1151197,1.4875951,1.597799,11.084249,1.8702921,0.9965298,2.4087265,19.37662,3.2457812,6.9253025,2.5402558,-1.2806317,1.7232392,-0.033322144,1.9812193,-0.04735759,2.041751,0.03879283,0.713586,0.029538658,0.29093096,0.0345275,0.38791597,-0.0045733615,0.3210501,-0.019706924,0.31683818,-0.049833022,0.38781556,-0.013094267,0.2754145,-0.0049237106,0.3347473,-0.0053420216,0.57581943,0.0010274227,0.6287975,0.0006812004,0.33754703,0.021205362,0.283794,0.0054316237,0.25409424,-0.015962476,0.29364404,0.036576398,0.44935155,0.01916672,0.592105,0.017045112,0.4565511,-0.016370883,0.30426818,0.39611465,1.2984049,0.4266237,1.3883861,0.14545907,0.5450913,-0.0013797925,0.25529006,-0.029284008,0.30726138,0.03293967,0.22684042,0.012388652,0.21757834,0.040339846,0.2589495,0.022264898,0.22022176,-0.052928768,0.24834009,-0.11582556,0.43694654,-0.11805639,0.4158287,-0.058548804,0.3069822,-0.03832739,0.2868764,0.0031486258,0.1912228,-0.041932326,0.24062012,-0.0580428,0.3230505,-0.119481556,0.44907755,-0.07124904,0.3446313,-0.024216138,0.25699687,2
-217.99747,12.746545,52.414543,10.457966,8.896161,3.1238286,26.32344,1.9572583,10.161007,2.3575654,-21.191376,2.1962595,-12.918052,1.6994019,-9.202862,2.2206168,0.16213733,1.8270165,14.650298,1.9822221,39.027515,3.388857,43.916542,3.217138,14.23329,1.8795942,32.41511,2.5282793,1.5124012,1.6823796,10.169161,1.7610158,1.6255189,2.3952475,19.96405,3.4575398,7.8287587,2.2870443,-1.001045,1.6260093,0.00977657,2.3758268,-0.036881257,1.9729064,0.012719639,0.60249674,-0.004723351,0.35370353,0.02658252,0.42164367,0.003943432,0.34980068,-0.0025104762,0.2714618,-0.013654107,0.39775997,-0.0021228304,0.2767512,-0.029160874,0.31562388,0.010039,0.5861884,-0.0034681908,0.6041054,-0.007983449,0.32171503,-0.018823821,0.39316803,-0.013050913,0.2688118,-0.007809797,0.2705333,-0.003904979,0.33066764,-0.012154439,0.58149445,-0.015391607,0.37304154,-0.01666046,0.29944387,0.52697235,1.7253715,0.43854195,1.4347087,0.10731982,0.41634476,-0.03751795,0.25085837,-0.05318286,0.3103422,0.064219,0.30247363,0.0502702,0.24740398,0.062710084,0.25289693,0.009512137,0.249451,-0.039501462,0.28247175,-0.12968765,0.49704143,-0.13316453,0.47369996,-0.04979654,0.24226014,-0.080591746,0.37610906,0.010510408,0.20219016,-0.045987528,0.2532714,-0.077917375,0.3673605,-0.13809207,0.5231876,-0.07127996,0.33389837,-0.010093199,0.2322694,2
-217.84111,13.534949,52.173527,9.952025,8.831622,2.704175,26.632622,3.006158,10.356023,2.625137,-21.083185,2.3938892,-13.109805,1.9745051,-8.89531,2.2705104,0.38132367,1.7097424,14.342403,1.7227411,39.305656,3.3520977,44.71223,3.3223612,14.775083,1.7529427,31.792555,2.3278809,1.182654,1.8256067,10.096852,1.7214701,1.2698752,2.3160615,20.079443,3.5117674,7.6490507,2.325588,-0.606629,1.4026885,0.036074977,2.6211824,-0.12546763,1.9283235,-0.08011051,0.51740116,-0.06354557,0.5969027,-0.035283092,0.53955597,-0.03555495,0.46005285,0.0012197935,0.3079617,0.022110019,0.4047508,0.05069873,0.32331157,0.038237374,0.26123038,0.058078885,0.6331349,0.020553052,0.57649153,0.033562407,0.33303472,-0.003852969,0.33436066,0.04871918,0.36639625,0.009979233,0.27855924,0.015784997,0.32803735,-0.011693375,0.60775495,0.007980189,0.32635808,-0.0034419722,0.19394308,0.54827404,1.7644322,0.4009908,1.3263755,0.073057555,0.34233254,-0.0933748,0.34673807,-0.07387645,0.33644846,0.07039727,0.3734678,0.04737228,0.2454623,0.069170415,0.29907936,0.024240425,0.23450886,-0.0073754746,0.23172139,-0.10936749,0.3793657,-0.107608736,0.40652305,-0.02672863,0.24298735,-0.053974636,0.3354835,0.011754938,0.25379595,-0.043461293,0.25873414,-0.04382945,0.27245918,-0.13265541,0.4976644,-0.061125543,0.28645557,0.0025630519,0.18887864,2
-218.42953,10.763511,52.062656,8.809327,8.755015,2.5302916,26.403467,3.083473,10.114835,3.1821737,-21.514719,2.1518495,-12.98926,1.8555523,-8.976934,1.9893197,-0.17911738,1.7691921,14.471774,1.7684603,39.1312,2.52821,44.826134,2.8131297,14.5310755,1.7022482,32.091686,1.9848825,1.1703165,1.8400449,9.63996,1.4611019,1.4269388,1.9992884,19.916481,3.1024485,7.767384,2.3591084,-0.41693926,1.5784152,-0.24171968,2.0385199,-0.023007892,1.764658,0.06687233,0.41583896,0.043710206,0.51988083,0.020696001,0.59270805,-0.08552643,0.37522537,-0.023895051,0.27441484,-0.04614726,0.39073315,-0.042409934,0.29800746,-0.04995511,0.29976362,0.014075114,0.4800204,0.0077418475,0.5649573,-0.022684332,0.28273973,0.04606961,0.29853356,0.024799772,0.3386623,0.023021996,0.24983315,0.016239457,0.3672084,0.023479879,0.59507364,0.03168956,0.42558417,0.0045871367,0.26768234,0.39709094,1.4364549,0.33905017,1.0789235,0.038014285,0.3268676,-0.10164892,0.40282375,-0.12537369,0.47490865,-0.0031501292,0.29273367,0.030955534,0.23777144,0.06169497,0.27062395,0.022827314,0.20239106,-0.014307257,0.22749974,-0.09405399,0.33471653,-0.094698384,0.35082024,-0.0068022544,0.25329068,-0.006249666,0.27620122,0.033551134,0.2757963,0.014018784,0.17730138,-0.04313296,0.25812492,-0.11362957,0.44578364,-0.06327,0.33194017,-0.00657306,0.21768941,2
-218.31976,6.635511,52.52174,10.014363,9.03088,4.1552706,26.136206,2.4932706,9.92091,3.0421891,-21.479902,1.8857293,-13.309235,1.5198698,-8.846889,1.5107913,-0.003640329,1.6342416,13.939625,1.8507024,39.452305,3.2437868,44.717915,2.6510174,14.264462,1.7858802,31.785606,1.675648,1.2082093,1.4275519,9.92123,1.6905284,1.5000644,2.082066,20.164108,2.0681682,7.9296603,1.8525814,-0.3069692,1.5645663,0.07583983,1.2700742,0.008570187,1.8821098,0.05644758,0.77380395,0.07266119,0.43551457,0.0397222,0.5779018,0.019340053,0.3104598,0.011620538,0.24008638,0.04714943,0.27417135,0.01211551,0.3081625,-0.01666175,0.30504376,0.0034112416,0.5934429,0.007823753,0.49482432,0.004423987,0.28537175,-0.03277196,0.27518684,-0.007386214,0.24326046,-0.020480463,0.3047135,-0.039673086,0.34951475,-0.022590399,0.3951235,0.002584186,0.33508784,-0.020855183,0.28037965,0.24990809,0.8487636,0.40815675,1.3306698,0.14932227,0.52411234,-0.054940768,0.3176382,-0.10132071,0.3767801,-0.039226428,0.26475275,0.014334159,0.1777649,0.016579436,0.21190634,-0.0059769703,0.23233518,-0.049374588,0.2547695,-0.107796334,0.4253269,-0.092666425,0.34428817,-0.04811245,0.27173248,-0.013553016,0.21123937,0.019209411,0.18986279,-0.024404453,0.20458272,-0.04386644,0.29224902,-0.056723293,0.26916936,-0.04194957,0.20563509,-0.0030046636,0.22528668,2
-219.17902,9.827109,52.25834,11.106611,9.867372,4.380085,26.902092,2.0007613,10.495556,1.8380985,-21.369389,1.852487,-12.378071,1.746009,-9.170089,2.1237462,-0.8694297,1.6710881,13.735121,2.208134,40.233624,3.4655156,45.49732,3.288794,14.5273485,1.9513566,31.418198,2.026396,0.9859875,1.5902989,9.854583,1.9097217,1.3149399,2.284615,20.4636,3.058932,8.179674,2.2752087,-0.25425917,1.4503691,0.09602105,1.8866966,-0.028015694,2.087177,-0.010471388,0.7523021,-0.004718232,0.34958118,0.013475495,0.26784524,0.059108697,0.29716155,0.041724395,0.32068768,0.041888826,0.42127612,0.0043858564,0.30215234,-0.0059272656,0.3502102,-0.026358457,0.6022356,0.007299482,0.5797681,0.0077992915,0.3079856,-0.013084088,0.36445624,0.0013262868,0.21422495,-0.034091752,0.29098445,-0.014355924,0.407374,-0.046953883,0.556548,-0.0051075276,0.4539901,-0.005871699,0.20860784,0.38263592,1.2625782,0.46383125,1.5122256,0.17847215,0.623178,-0.009358786,0.2372516,-0.031247528,0.22470663,-0.009680378,0.20488894,0.052343562,0.26936057,0.055197783,0.27017468,0.012994554,0.20722912,-0.037575576,0.2785871,-0.12608978,0.4673582,-0.13070737,0.4763945,-0.052862033,0.29842627,-0.041843906,0.26024526,0.0046887947,0.18946458,-0.054732647,0.29124436,-0.07787769,0.35715964,-0.11117244,0.42996126,-0.08002965,0.31583673,-0.026049297,0.20365393,2
-219.04985,10.048355,52.437447,10.9677725,9.491409,4.789754,26.420992,2.3730588,10.328782,2.1195667,-21.365332,1.9916966,-11.74508,1.6453722,-9.492445,1.8993165,-1.1685407,1.8677955,13.455922,2.3294926,40.11792,3.6370666,45.24356,3.382496,14.152141,2.087212,31.00524,2.0272214,1.0337888,1.8443419,10.113795,2.1386817,1.4127524,2.2240725,20.31879,2.9610925,7.9710226,2.5740576,-0.34460372,1.8474647,-0.10826975,1.9577495,-0.040546063,2.1457932,0.048988387,0.9178056,0.059567835,0.3780924,0.026451759,0.33932483,-0.015970161,0.34633797,-0.02048355,0.2755527,-0.018112192,0.34331998,0.003986753,0.3200264,-0.038773376,0.41125712,0.045837782,0.7149769,0.05003849,0.6401494,-0.008803657,0.34486917,-0.00208376,0.29770413,0.018779209,0.26538503,0.004283034,0.3612601,-0.010704404,0.37391588,0.0019314178,0.51865494,0.0026483866,0.48786318,-0.025084224,0.33919436,0.39205086,1.3152312,0.44371232,1.4328688,0.17941222,0.6218348,0.020223947,0.3428751,-0.042238817,0.29337728,0.040876407,0.3068573,0.02458124,0.22204413,0.034970034,0.24034365,-0.00021581467,0.2946348,-0.060288887,0.3412966,-0.1261256,0.47556108,-0.12172574,0.44932583,-0.05193505,0.27170146,-0.024867686,0.23996514,0.0006351049,0.25228655,-0.041986406,0.28492832,-0.06405287,0.30871817,-0.0882779,0.37893832,-0.07983425,0.3340815,-0.040488206,0.26529205,2
-218.68936,6.7882504,51.835815,11.214127,9.568607,6.414613,27.104656,2.8265946,10.4307785,1.725522,-21.518616,1.5996467,-11.896589,1.5246458,-9.590003,1.7356133,-1.2401621,1.4660515,12.932599,2.2809768,39.98346,2.855948,45.328995,2.7830331,14.387676,2.3397536,31.160799,1.968253,1.3095177,1.7364734,10.628255,1.8263273,1.4102892,2.0404391,19.536865,2.5132186,7.8848257,2.5022326,-0.48593155,2.252296,-0.026540155,1.29478,-0.035360746,2.1681027,-0.016966365,1.2774512,-0.0022915767,0.5829895,-0.008456669,0.25028947,0.011541753,0.24611357,0.0069666523,0.27698043,-0.019125199,0.28940272,-0.027791524,0.21284732,0.0067786803,0.39071628,0.014976384,0.5814714,0.01472683,0.54953116,0.014708035,0.4404576,-7.252326e-05,0.27530482,0.015913455,0.30250138,0.021428535,0.31934792,-0.008643389,0.38394392,0.0020185765,0.5003921,0.0049010753,0.46706548,0.0032131488,0.44304758,0.26413134,0.88153636,0.4768887,1.5422239,0.26611504,0.8680277,0.07978603,0.3445707,-0.009573119,0.2011952,0.002135723,0.21196753,0.008451937,0.20122048,0.033036247,0.21851127,-0.0032366992,0.18272038,-0.049845252,0.31999522,-0.0970186,0.36405575,-0.1106107,0.41092306,-0.079671726,0.36438602,-0.044317685,0.31245527,-0.031114744,0.24965946,-0.045570113,0.2527007,-0.06681581,0.29607308,-0.058880754,0.30249107,-0.07399066,0.3026855,-0.06641214,0.31012228,2
-219.62839,6.524287,51.213768,11.05846,9.727116,6.608184,27.869324,3.1009145,11.237284,1.8335807,-21.575748,1.7594606,-12.199366,1.4420873,-9.34779,1.4894768,-2.0364072,1.8763409,12.599873,1.9695019,40.12696,2.7698317,46.533855,2.9961069,15.283381,2.4500816,30.250383,1.9738986,0.78819287,1.6889677,10.565307,2.0269132,1.4492553,2.2881086,19.670763,2.6173384,8.240125,2.4093242,0.11426788,2.2903676,-0.0038512303,1.2450972,-0.036298547,2.0303438,-0.035529256,1.2241312,-0.009258564,0.5289851,0.00064663705,0.22992903,-0.033967726,0.32299536,0.003552521,0.22658567,0.0033614489,0.19880669,-0.013456743,0.33651188,0.006186054,0.284607,-0.004719327,0.45733425,0.015704302,0.4965448,0.0066539473,0.40392008,-0.019396236,0.2982496,0.0062013753,0.23674713,0.008475385,0.34501025,0.024691276,0.4369398,0.007204672,0.4790584,-0.0009298288,0.4093695,0.0074374494,0.44549987,0.22938551,0.74630934,0.43574807,1.4210353,0.26541343,0.8904266,0.08727694,0.36606458,0.0066708107,0.18305394,-0.007024112,0.2371003,0.0018098253,0.1794187,0.015251576,0.17701218,-0.030266082,0.2522911,-0.06213018,0.3119284,-0.09141771,0.36335713,-0.10394785,0.39103392,-0.06647961,0.36261132,-0.029245298,0.25262308,-0.025547866,0.243123,-0.045788508,0.2836612,-0.066767424,0.32321867,-0.076520465,0.40341857,-0.07172658,0.31164122,-0.064939655,0.29903683,2
-218.93248,8.59782,51.320267,10.790347,9.485141,6.3714886,27.42983,2.6984353,10.564449,1.9569135,-22.109926,1.8421277,-12.064245,1.8150649,-9.026564,1.6679595,-1.8783667,1.7112162,12.592398,2.0181537,39.501328,3.1905484,46.199196,3.1769898,14.921509,2.0200632,29.40326,2.0500436,0.56328684,1.7966704,11.217165,1.7730204,1.9701557,2.1443737,19.080858,3.2025318,7.896939,2.3459165,0.19411993,1.9618253,0.13273752,1.6309655,-0.02950595,2.023803,-0.07171823,1.2282064,-0.07293888,0.45006657,-0.015679069,0.3298347,0.0112314215,0.33473665,0.035344545,0.2843126,0.019926608,0.2786614,0.010743339,0.2335951,0.01639969,0.3684745,-0.008504054,0.6060586,-0.02998355,0.5748141,0.012185842,0.3746665,0.013134835,0.3540342,0.0530324,0.32180697,-0.019049266,0.25716013,-0.0025464022,0.35523298,-0.017344527,0.61832184,0.01784354,0.43525934,0.02703958,0.34925124,0.31871057,1.0873557,0.43278813,1.4260429,0.23930046,0.7982161,0.06421934,0.348847,0.0020833537,0.27223125,0.0027800284,0.24567322,0.03165648,0.23898618,0.020757353,0.21102817,0.011312543,0.21212947,-0.047065455,0.24748155,-0.112302706,0.40875262,-0.11573389,0.40776092,-0.041319467,0.2701351,-0.032823775,0.26626682,-0.017031457,0.21084654,-0.01782571,0.20502126,-0.055365436,0.2613696,-0.122527875,0.4729905,-0.08228567,0.3328345,-0.040465135,0.26853028,2
-218.36473,8.8202,50.926304,11.284573,9.182133,5.4889092,27.82005,2.5454266,10.611046,2.0031948,-21.977375,1.9241046,-11.731459,1.5947853,-8.479473,1.4081095,-1.9820061,1.6068294,12.533753,2.044354,39.725445,3.0617402,46.834564,3.2164958,15.610596,2.1880457,29.369204,2.1430964,1.1230495,2.1130316,11.51398,1.7970127,1.8364112,2.1858578,18.91627,3.1284258,8.44738,2.561958,0.025324814,1.8911628,-0.11393485,1.6774439,-0.022846427,2.152331,0.08046021,0.98663014,0.06297942,0.41061246,0.00613884,0.32715672,-0.054076143,0.3402022,-0.0023160935,0.25348482,-0.0009198617,0.2343839,-0.009704114,0.26572448,0.010874697,0.41572368,0.020493632,0.51426077,0.026303394,0.6118502,-0.00066764536,0.40057132,-0.023072913,0.31749398,-0.027343584,0.37289873,-0.02120684,0.32335457,-0.01358669,0.38235742,0.0389943,0.59520835,-0.0042903204,0.4900576,-0.02194644,0.35456288,0.33996266,1.1603839,0.4550163,1.4740695,0.21068013,0.7668758,0.04541353,0.35019493,-0.021402147,0.30846885,0.022835767,0.24729176,0.002268584,0.21198018,0.026277643,0.21408966,0.018414516,0.2142123,-0.053303055,0.27186194,-0.10799763,0.44640395,-0.1059944,0.40280217,-0.06886935,0.29766002,-0.045795538,0.2983396,-0.029812876,0.28542218,-0.044578,0.2515083,-0.072844505,0.31686407,-0.1130189,0.45700574,-0.07195474,0.297989,-0.04895359,0.30183345,2
-218.19847,10.311359,52.653206,10.813367,10.604591,4.384458,28.31445,1.8538938,10.74123,2.1419613,-20.635296,2.0976098,-11.475755,1.6184592,-8.605082,1.8059087,-0.4741863,1.5111196,14.306441,2.1342845,39.769268,3.356929,44.322662,3.3569994,13.35941,2.0745656,31.629429,1.9777586,0.73195213,1.6355782,10.535058,2.0193791,1.3248489,2.3670537,19.617193,3.1573722,6.9137454,2.546699,-1.5351783,1.9311546,0.051737446,1.8995068,-0.031200409,2.04202,-0.03330794,0.85997736,-0.020034794,0.34082794,0.024233084,0.33182433,-0.020386897,0.38930595,0.0018918706,0.26392344,0.011975044,0.29798245,0.02855806,0.22073182,0.0042587356,0.37865815,-0.016864667,0.6134121,-0.0034182034,0.60126406,0.016539764,0.3557566,-0.028309304,0.2823821,-0.032157265,0.29530972,0.017484933,0.37364587,0.01751558,0.45922574,-0.011282466,0.56471694,-0.0033837098,0.44748044,-0.0037839834,0.37718675,0.42923966,1.4219279,0.43747723,1.4271572,0.14855458,0.52573806,-0.011193967,0.2492542,-0.038807385,0.30793795,0.047229208,0.29058418,0.010259201,0.16248858,0.047825694,0.27224076,0.007822883,0.18795398,-0.039302282,0.26612845,-0.11671027,0.4275595,-0.11040623,0.43952292,-0.050324656,0.31922767,-0.05199493,0.26303548,-0.021436246,0.22519791,-0.042716224,0.24013102,-0.036765885,0.2964679,-0.09935603,0.40477225,-0.06690769,0.2990941,-0.027853258,0.27906,2
-219.18536,12.633026,50.899815,10.000343,9.6627445,5.0300555,27.664152,3.2534626,10.552826,2.4137907,-22.123531,2.163377,-11.282223,2.0097058,-8.9362955,2.2838466,-2.5953877,2.2824056,12.755989,2.1071005,39.78318,2.711012,46.69947,3.361551,15.256689,2.3172085,29.018738,2.0508552,0.4506541,1.677363,10.913978,2.1637597,2.0824966,2.0253963,19.059841,3.3506477,8.764174,2.8217626,0.09186661,1.8657187,0.29495123,2.353624,-0.08818864,1.8792574,-0.14423436,0.9189032,-0.12454881,0.5292373,-0.03722531,0.3685998,0.07911309,0.3783914,0.07142977,0.29014087,0.06318011,0.40072677,0.04425456,0.4200083,0.055375256,0.36475366,-0.018145803,0.5353948,-0.038595863,0.5849641,0.0515906,0.38960734,-0.028563242,0.39959314,0.016763842,0.2825075,-0.012164307,0.35190094,-0.015279638,0.30483055,-0.05412575,0.5972613,-0.008915409,0.54070646,0.044254556,0.31468472,0.4464298,1.6525962,0.39900735,1.3529721,0.14567001,0.7066103,-0.009693857,0.51739484,-0.02956782,0.3640359,0.013756695,0.24110828,0.039945584,0.2535319,0.050870124,0.21114992,0.051634207,0.3060105,-0.016583435,0.2976087,-0.09206441,0.345212,-0.1189509,0.43364254,-0.061373834,0.3132183,-0.050255205,0.26323766,-0.0048226905,0.21884349,-0.058018945,0.3222969,-0.026318291,0.26184073,-0.09902329,0.36888683,-0.080611154,0.29790622,-0.033805367,0.21240431,2
-218.31256,12.831212,50.836132,10.308185,9.060617,3.876147,27.710167,2.6148908,10.139945,2.5161715,-21.82352,2.4429066,-10.885322,1.9322993,-8.945309,2.3397105,-2.6872728,2.2734501,12.445676,2.044111,39.507866,3.2603033,46.664642,3.521317,14.924384,1.8053522,29.343554,2.2340708,1.0766611,1.6176436,11.742184,1.9059751,1.698184,2.4117002,18.912176,3.6873736,8.440274,2.5279365,-0.76179034,1.6468709,-0.24620943,2.4515302,0.033310026,1.952691,0.162031,0.75351244,0.12116967,0.51539886,0.05007528,0.46706975,-0.076946974,0.36428013,0.0058610933,0.29818454,-0.05970731,0.38284326,-0.042356834,0.41639265,-0.0725923,0.34332165,0.022648973,0.6104911,0.00828806,0.7024019,-0.01809794,0.38135928,0.033279352,0.34235364,-0.013511854,0.24855188,-0.009411133,0.33486974,-0.018418752,0.42848957,0.035213325,0.6592358,0.02265799,0.38786608,-0.040135987,0.31643382,0.49324283,1.7120475,0.4258903,1.3903627,0.1077865,0.54493654,-0.013613092,0.29829863,-0.053242773,0.30875525,0.06260093,0.32790148,0.059085142,0.30808643,0.07766693,0.34693852,0.06012919,0.31072822,-0.004038717,0.2619939,-0.11377762,0.429272,-0.12772676,0.45191595,-0.037033647,0.20201565,-0.038186464,0.31812114,-0.0124702975,0.1905545,-0.05258444,0.29082412,-0.0946861,0.36923212,-0.13644648,0.5942385,-0.09091203,0.4054799,-0.033000372,0.21338728,2
-219.3171,7.029866,50.566353,11.684713,9.8407135,5.5366664,28.224869,1.6477817,9.985312,2.0903409,-21.865467,1.5801139,-11.329975,1.8054888,-9.213012,1.9828724,-2.9283297,1.5222299,12.356006,2.1107433,39.6066,3.2319856,46.927418,3.1343913,15.110849,2.2984066,29.292053,1.7677878,0.34835315,1.6063904,11.699132,1.7010845,1.9211018,2.5034864,18.94632,2.558906,8.575757,2.1537876,-0.4074614,1.8943661,-0.014324731,1.3358848,-0.056628592,2.1910517,-0.0358561,1.0724448,-0.0063468358,0.27076313,0.017809827,0.3762193,0.007342753,0.28749958,0.016682344,0.2985741,0.01111311,0.35216734,-0.015100375,0.214479,0.00038254078,0.40859503,-0.0020522703,0.5192528,0.015419813,0.59483,0.029727781,0.3845145,0.02596232,0.26459625,0.022141175,0.21285033,-0.009847947,0.24871832,0.0020786726,0.3954482,0.018282058,0.5120271,0.006715914,0.35582748,-0.02073573,0.33538434,0.2781951,0.91652894,0.49055973,1.6223072,0.2071237,0.6947472,-0.0033438995,0.22460744,-0.058481347,0.30419305,-0.028515838,0.22939716,0.048352204,0.2697935,0.07144869,0.3025155,0.012591381,0.19510515,-0.06261035,0.28179216,-0.106040694,0.43067554,-0.10221122,0.36858022,-0.06781239,0.31466666,-0.02582049,0.22800204,-0.012253193,0.1928802,-0.031711895,0.19644322,-0.068010494,0.33829403,-0.07602184,0.32887948,-0.050970346,0.30840486,-0.04494028,0.24805541,2
-219.15613,9.649616,50.715935,10.159103,9.61166,4.2919407,28.097988,2.3871112,10.938084,2.6469514,-21.764627,1.7723231,-11.661412,1.7548374,-9.184735,2.096286,-2.6594486,1.904907,12.50882,1.9559994,39.629776,3.2937844,47.028942,3.499622,15.308705,1.9817531,29.08703,1.8805922,0.6550455,1.7182816,11.175448,1.7738117,1.3547417,2.434471,18.77422,2.8118262,9.045711,2.2579896,-0.19488712,1.6852325,0.11840612,1.7978076,-0.03497288,1.8541241,-0.10111375,0.67263556,-0.07710942,0.43947425,0.0003796761,0.4998472,0.049010936,0.3018811,-0.003551652,0.238418,-0.026639631,0.31395012,-0.005451265,0.34806275,0.03184149,0.35563648,0.0016831105,0.67880124,0.017812207,0.667195,-0.0026054766,0.27562678,-0.025086995,0.27791676,0.006801596,0.29659605,-0.0073546227,0.25786272,0.04803806,0.3823216,-0.036436595,0.4776027,0.0071111936,0.36529112,0.021503842,0.28160733,0.3791414,1.2827834,0.40402192,1.3418808,0.13404435,0.5567314,-0.0483034,0.3302071,-0.08057851,0.34927657,-0.016266674,0.19825207,0.012604299,0.18264732,0.06536779,0.30181685,0.018672511,0.27246612,-0.04201207,0.29479435,-0.09918232,0.36608946,-0.123654306,0.4588199,-0.03457696,0.2848379,-0.031248271,0.22794668,0.011429238,0.23859064,-0.022472512,0.21948603,-0.062712096,0.33336416,-0.083088234,0.3517084,-0.057714477,0.3270188,-0.01845449,0.19920051,2
-218.91692,9.320317,51.093464,9.467667,9.391058,2.5128577,26.99172,3.2501757,9.939851,2.8936884,-22.013947,1.5862519,-11.256817,1.5976918,-8.682268,1.8461984,-2.5900507,1.4610572,12.6840515,1.5949074,39.58886,2.9752917,46.63569,3.1867888,15.307395,1.8664536,29.366024,1.8452405,0.6926427,2.0619342,11.303842,1.4915031,2.2420917,2.1922212,18.83962,2.6964808,8.302727,2.1158972,0.107168004,1.4838619,-0.066696726,1.7733996,-0.13401672,1.912539,-0.029947823,0.49153233,-0.031355657,0.5935616,-0.031950258,0.53763705,-0.010255324,0.26316193,-0.035937972,0.318814,-0.023195142,0.32433766,-0.0010318756,0.20625466,-0.0007229475,0.25125676,0.0259932,0.5271456,-0.0036078673,0.5560155,0.049517274,0.38774478,0.06033356,0.30393076,0.03158552,0.35985446,0.00644351,0.23548192,0.024533572,0.3771251,0.032208104,0.5018965,0.030230707,0.3497169,0.005706325,0.25685957,0.36897993,1.1986334,0.35198057,1.1235299,0.04560849,0.2770325,-0.12847592,0.48386237,-0.10715416,0.4099691,-0.026109293,0.23227175,0.009751851,0.19916914,0.05360795,0.25947794,0.010893186,0.19595788,-0.003406349,0.22307952,-0.10568261,0.40428734,-0.1182402,0.42708394,-0.010061449,0.21812013,-0.0027774766,0.21394882,0.07310482,0.3306216,0.0003679899,0.18893133,-0.040935103,0.30716863,-0.0967736,0.3748433,-0.063062936,0.28587666,0.026985064,0.19370767,2
-218.7829,8.654459,50.937073,7.9579253,9.089365,1.8488297,26.585253,4.310423,9.5173645,4.113817,-22.01228,2.0693417,-11.905159,1.6277263,-9.343735,1.6909122,-2.3754556,1.8604394,12.698617,1.7444683,40.063744,2.923262,46.34244,2.8333647,15.196125,1.9479617,29.787907,1.7151846,1.0925074,2.1815047,10.100282,1.8579767,2.103538,1.59221,19.983019,2.3868897,8.710511,1.821902,0.5222141,1.8345053,0.053230196,1.6669779,-0.072646916,1.5047141,-0.039617106,0.31555405,-0.025188264,0.85687375,-0.028625092,0.77825916,-0.03889685,0.36061177,0.014820179,0.27266863,0.0034850414,0.28136262,0.029238485,0.31730935,0.020151516,0.29911163,0.0052038487,0.55236816,0.0009976313,0.53666824,0.025223434,0.34818858,-0.00067114737,0.22388081,0.0076762163,0.32443583,-0.0141449105,0.26248914,0.03104108,0.22538482,0.0097713815,0.33174616,0.017628778,0.30295813,0.0028117106,0.29455677,0.35764337,1.1607199,0.32053968,1.0870191,0.035131615,0.2717809,-0.14412968,0.49606097,-0.1433694,0.5078144,-0.040835705,0.27216366,0.0021926377,0.22635531,0.02171458,0.19237235,0.028570399,0.2529488,-0.0065973555,0.2234896,-0.09877226,0.35283008,-0.09294319,0.3514586,0.01969083,0.2699435,0.008667114,0.21013437,0.07840004,0.35820076,0.030679561,0.22877383,-0.010751546,0.21668264,-0.0878478,0.37492672,-0.020762129,0.21060154,0.025315842,0.24768007,2
-218.93044,9.005575,51.453636,7.9488716,9.346061,1.8523021,26.637926,4.311759,9.916669,3.834697,-21.599388,1.6895227,-11.975423,1.5659444,-9.280106,1.5774162,-1.9245254,1.573976,13.1602125,1.7611299,40.34075,3.1853726,45.828125,2.660298,14.705243,1.6690084,30.496042,1.810235,0.8724174,2.2524114,10.075464,1.4967667,1.9396687,1.5510544,19.845922,2.2288573,8.16022,1.782308,-0.30142993,1.5678878,-0.043087944,1.6824613,-0.02354914,1.5423414,0.024616467,0.32189158,0.02247508,0.7799505,0.0459575,0.7111373,-0.010322442,0.32572725,0.0044794725,0.29075614,-0.009108184,0.2816503,0.0062075835,0.26152325,-0.019685008,0.29432812,0.010708134,0.5931579,-0.018413343,0.45861107,-0.02307144,0.259604,0.0054532783,0.2844906,0.027017832,0.40541425,-0.023442864,0.24500099,-0.0061122025,0.26378432,-0.009995769,0.4258897,0.0039978377,0.2795341,-0.0016773976,0.29888523,0.36603498,1.2161099,0.31904474,1.0345937,0.0029559722,0.30417043,-0.1693354,0.6273049,-0.14783943,0.51854026,-0.023781244,0.17956117,0.00066755246,0.1678575,0.012590592,0.2001818,0.027229043,0.23113868,-0.005917076,0.24585934,-0.106776886,0.41554132,-0.0952757,0.38098264,-0.004934684,0.18503435,0.006100907,0.2735233,0.05124288,0.30104417,0.0153080635,0.19198051,-0.0039211824,0.22527806,-0.073722005,0.31365308,-0.03234917,0.26649746,0.020631332,0.18797953,2
-219.00105,10.781957,51.71955,8.3626375,9.341035,1.7304969,26.142717,3.9644945,9.664576,3.6281598,-21.510704,1.6282996,-12.058695,1.642321,-9.594334,1.9257871,-1.4502014,1.7610203,13.167006,1.6103613,40.23979,3.0625114,45.9481,3.0419133,14.495752,1.8358492,30.907757,2.1497917,1.1848041,2.0194004,10.222071,1.6795747,2.2451205,1.6266999,19.879944,2.630631,8.359328,2.1416264,-0.16567063,1.4692992,0.09340453,2.11017,-0.06991869,1.6145737,-0.015831938,0.34760407,-0.01130129,0.74704546,0.024502806,0.662714,0.012549727,0.26636562,-0.002027873,0.2758457,0.028465014,0.35748056,0.038736437,0.29750577,0.02153885,0.29761553,0.01891624,0.5936548,0.0038153648,0.49168593,0.03080977,0.24611704,-0.00062660803,0.33154398,-0.02693518,0.33377212,-0.027614616,0.27195826,0.022570292,0.26427463,-0.02153478,0.44153008,-0.014441116,0.35148853,-0.02999195,0.25518256,0.41191667,1.3572112,0.31406793,1.0168309,0.009564174,0.27417666,-0.15554841,0.5673274,-0.12642708,0.4949685,0.002357052,0.20884086,0.0017510946,0.22280245,0.038916,0.24461865,0.028677478,0.20593981,-0.015696265,0.20876138,-0.10886826,0.38459697,-0.10691858,0.42909104,0.028363604,0.2573253,-0.000115964045,0.2639881,0.05497595,0.3183627,-2.8096712e-05,0.22707132,-0.029228471,0.21424598,-0.09307464,0.3842477,-0.06067676,0.33905885,0.009460118,0.18475358,2
-218.98741,10.70052,51.734474,10.003971,9.129195,3.6802394,27.047802,3.2377439,10.684723,3.0746012,-21.499023,1.9281843,-12.057881,1.7366465,-9.864952,2.169765,-2.0389497,1.7639943,13.069788,1.8897069,40.004154,3.114002,46.402832,3.1369522,14.769245,1.8985822,30.143585,2.1968837,0.81047785,1.6543329,10.11703,1.5234764,1.624401,1.9502015,19.63798,2.9633305,8.49886,2.4741452,0.12160033,1.5701473,-0.16941623,2.0200953,0.057283577,1.8868138,0.13815293,0.6669072,0.091230184,0.56863844,0.06717084,0.5617031,-0.016445665,0.3095182,0.005483154,0.25785404,-0.01995811,0.38190344,-0.030004634,0.28341523,-0.048850294,0.32814786,0.01256573,0.6014748,0.034718174,0.62361676,-0.03355386,0.30510354,-0.016670257,0.3824989,-0.0285932,0.29694474,0.004773548,0.20812261,-0.011053977,0.3708229,0.0042486633,0.55341953,0.016897516,0.4522709,-0.03471979,0.23738022,0.40865508,1.385777,0.38712594,1.2603606,0.087885775,0.43851167,-0.063849196,0.36682737,-0.077884294,0.33533418,0.008935857,0.26048896,0.034763098,0.22041057,0.058573365,0.309894,0.021017384,0.25194067,-0.025043666,0.28091177,-0.108891055,0.4156769,-0.100957066,0.3472984,-0.016378172,0.2712723,-0.036314975,0.31397948,0.013600072,0.24009624,-0.010508405,0.15631683,-0.043286454,0.24351783,-0.10361226,0.40978485,-0.06966695,0.3105275,0.004066192,0.19114403,2
-219.12854,7.571721,52.723167,11.393418,9.140856,5.2990775,26.470425,1.7877011,10.508144,2.251428,-21.746756,1.5913329,-12.581618,1.5641552,-9.440585,1.6674484,-0.5875896,1.7242781,12.996324,1.969967,39.767254,2.911538,45.626953,3.2237375,14.499527,2.5137641,31.355396,2.0210688,0.6291182,1.4821639,10.0717,1.7207841,2.1095328,2.3405597,19.136045,3.0032732,7.832588,2.1296704,-0.1304294,1.7879238,0.061650086,1.3879972,0.0112577295,2.1256905,-0.024447354,0.9287467,-0.00095905294,0.22334217,-0.012011132,0.34256372,0.012915923,0.23935561,0.010945406,0.25439113,0.01305752,0.20053627,0.009002462,0.2261409,0.022751087,0.37063384,-0.013984056,0.5366899,-0.009607667,0.5799878,0.010744596,0.39146793,0.029897995,0.28032565,0.0070869904,0.18854249,0.001960058,0.3059338,0.021850044,0.37537402,0.001221158,0.564816,-0.013237896,0.32566664,-0.0109753935,0.28634456,0.29910207,1.0031537,0.48490676,1.5935158,0.21343563,0.7431509,-0.0065162494,0.24148318,-0.057647865,0.3108443,-0.001602635,0.18251678,0.016833551,0.18246445,0.03773223,0.22771893,0.017150557,0.23473123,-0.019668262,0.2316313,-0.10258871,0.39888066,-0.121358946,0.45147032,-0.09025321,0.37845215,-0.04665305,0.29923177,-0.004822786,0.20881833,-0.02049279,0.23193449,-0.056110904,0.28309622,-0.089485206,0.3458369,-0.06349287,0.29692587,-0.041457243,0.27278093,2
-218.04733,10.874597,52.051212,10.790994,10.133092,3.8164926,27.580608,2.5010815,10.279209,2.64324,-20.656546,2.1732273,-11.8753195,2.0128994,-8.3819275,2.1320796,-0.86571854,1.7651746,14.063824,1.8773531,39.632137,3.7884378,44.448296,3.3677397,14.165723,1.8352047,31.289354,2.377253,0.7587616,1.8423088,10.498173,1.9212285,1.3778648,2.0381749,19.84665,3.2131855,7.0222907,2.5114174,-0.9483912,1.5378926,-0.022775767,2.2285562,-0.07089025,2.1629906,-0.016882816,0.7719892,-0.070294894,0.44278273,-0.03235448,0.4694711,-0.032453895,0.40516508,0.00971239,0.30620843,-0.0026888407,0.40575007,0.014460111,0.2650647,-0.005485641,0.30074564,0.010893551,0.71126074,-0.00081622787,0.6919596,0.028425977,0.33802348,0.026294257,0.40388244,0.027968485,0.2733989,0.01154847,0.36674106,0.028891718,0.37737477,0.029660262,0.64971423,0.0051336912,0.48051322,0.009462387,0.23652594,0.4377408,1.4428374,0.42991805,1.4227761,0.1181865,0.4887992,-0.035939027,0.34633934,-0.046922993,0.36998093,0.02456222,0.24879816,0.013335256,0.23270325,0.06151168,0.2902745,0.015672479,0.16423424,-0.016415942,0.20995389,-0.1521596,0.54160464,-0.12412617,0.44587293,-0.014334259,0.24693492,-0.048800725,0.2707903,0.0015204723,0.25603786,-0.043483205,0.25176224,-0.042751364,0.25320134,-0.113710344,0.41304323,-0.06891267,0.31988513,-0.0067028203,0.22199282,2
-217.7488,13.106405,52.8436,10.271298,8.929027,4.291993,26.309683,2.842726,10.785247,2.296121,-22.039442,2.2354689,-13.612075,2.5775814,-8.949578,2.3336139,0.21725254,1.8509946,13.836123,1.8153127,39.295975,2.8428109,45.354733,3.580874,14.833841,2.0957341,31.332287,2.2860286,1.0013597,1.7347339,9.767483,1.8196251,1.5671308,2.3364072,19.73915,3.0102673,8.019194,2.4467566,-0.4275856,1.6960751,0.24357086,2.4698055,-0.10308226,1.9559528,-0.12232836,0.81118435,-0.11105613,0.48322418,-0.031831734,0.413886,0.057979226,0.3971146,0.029500265,0.4443973,0.049075566,0.41519982,0.054551084,0.30020514,0.062376507,0.33757344,0.008453912,0.5605768,-0.019038985,0.648121,0.06167262,0.34514305,-0.046604495,0.4010159,0.0010008867,0.314081,0.004580021,0.31653878,0.015540471,0.42800993,-0.024958922,0.55635977,-0.031150546,0.47760627,0.013903454,0.2829534,0.50142574,1.7407129,0.40163374,1.332608,0.12973653,0.52712697,-0.057677276,0.3909998,-0.049069397,0.26554456,0.040410805,0.33095422,0.052712657,0.320143,0.061559297,0.29971507,0.031886768,0.272087,-0.01444404,0.24276051,-0.09139309,0.32059446,-0.14813723,0.5262312,-0.037930116,0.2410508,-0.055103883,0.26983035,0.028940227,0.26091045,-0.04548578,0.20594917,-0.078960806,0.31919456,-0.10185306,0.38566497,-0.07342364,0.30447862,-0.031211361,0.25826198,2
-217.58731,15.324089,52.654842,8.26299,8.354186,1.7393011,26.02019,3.829912,10.655194,3.245043,-21.048433,2.4465148,-13.327555,2.2157352,-9.447386,3.367625,0.3182491,2.4084268,14.175205,1.5302371,39.238148,2.4703906,44.825504,3.0965796,15.363608,1.6037447,31.881851,2.23393,0.49170214,1.6585146,9.4038315,1.8263164,1.746195,2.2574136,19.652914,3.6632876,7.6187434,2.49924,-0.19966824,1.4047062,-0.09423253,2.852427,-0.097689964,1.5384594,-0.026699768,0.29919764,-0.052406423,0.69464606,-0.01296423,0.6732144,-0.06271319,0.43952963,-0.0038822687,0.4234647,-0.011440629,0.58077776,0.00045309434,0.45430332,0.003581698,0.22265126,0.030527653,0.43924704,0.018495992,0.5869528,0.033292696,0.28230911,0.03106853,0.38770407,0.033869214,0.27063435,0.030351272,0.29693615,0.025897708,0.41562852,0.005020853,0.6846692,0.010800038,0.4273585,-0.007862429,0.258325,0.60860103,1.9720423,0.3361995,1.1224525,-0.004869024,0.20428857,-0.14974524,0.5274574,-0.108080834,0.4146308,0.03693081,0.33557686,0.05445396,0.26802847,0.13813233,0.49203756,0.09374664,0.38363495,0.0339099,0.21892361,-0.081362315,0.3176998,-0.10976154,0.39535344,-0.023218183,0.22096214,-0.057260975,0.26074073,0.032255445,0.21871643,-0.053243443,0.29123154,-0.062252425,0.3152613,-0.1243542,0.45710462,-0.07481,0.35921872,-0.01471163,0.19304368,2
-217.82762,10.84839,53.254837,9.791488,8.376089,3.4630537,26.27188,3.1788568,10.435964,2.9756708,-21.722534,2.0182307,-14.089164,1.8727921,-9.216741,2.3707547,0.44362164,1.8864741,14.484098,1.9480213,39.275,2.6921806,44.118526,2.5979033,15.049367,1.9288185,32.201126,1.9876467,0.9837891,1.7868724,10.261861,1.745398,1.5796005,2.1019747,19.66896,3.2965395,7.7609644,2.4459748,-0.7384915,1.6424136,-0.17763533,2.109325,0.06935501,1.829244,0.14896403,0.6558451,0.11762833,0.5698438,0.083386645,0.5208137,-0.05595506,0.32700968,-0.02242127,0.29644176,-0.05943703,0.4364625,-0.06588617,0.33809146,-0.05318101,0.32811642,-0.0036608917,0.50195855,-0.0027398109,0.47714382,-0.018188814,0.28427055,0.008977899,0.31583443,-0.060626917,0.29455566,0.017148536,0.28211832,-0.006692923,0.31942046,0.020661868,0.5969617,0.005109057,0.38634875,-0.03047568,0.2828469,0.40324548,1.3651408,0.3789525,1.2339277,0.06029376,0.37948206,-0.08547403,0.42082667,-0.08921384,0.3828438,0.04126183,0.2673173,0.055422317,0.27921984,0.0454853,0.26672676,0.015127411,0.25437883,-0.013426542,0.26894775,-0.086152755,0.33602104,-0.07988806,0.2919674,-0.022923004,0.27069822,-0.025388254,0.25238094,0.016075647,0.2354439,-0.02346746,0.19202572,-0.064297035,0.33277082,-0.11745988,0.4329736,-0.061079197,0.32079753,-0.026533438,0.24474312,2
-218.9875,7.4697733,53.232307,11.586073,9.433307,5.6124673,26.44607,2.201261,10.547284,1.9920173,-21.719694,1.8599147,-14.632061,1.9449463,-9.272849,1.5247048,-0.012379357,1.638701,14.034623,1.9339796,39.463825,2.7419763,44.68936,3.2674716,15.214175,2.4126518,32.012245,1.957605,0.41118774,1.7380378,10.024755,1.6982281,1.6410549,2.414773,20.293257,2.5001018,7.828373,2.5550823,-0.36750787,1.7825856,-0.008723127,1.5169737,-0.051696453,2.2165911,-0.009652285,1.1039656,0.037079465,0.38155088,0.03006399,0.28118277,-0.0015307021,0.28250527,-0.0031217705,0.3466679,-0.036168907,0.25957608,-0.005593825,0.25496173,-0.0032034947,0.3298568,-0.023142792,0.5149094,0.013058743,0.5658966,0.002613306,0.40824378,-0.015485951,0.32589123,-0.0023840116,0.3445342,0.006753241,0.31345892,0.006402243,0.4498486,0.01350105,0.47244123,0.009487618,0.53480184,-0.0042990097,0.32686812,0.27215037,0.8577834,0.47980088,1.5668666,0.23009378,0.786857,0.007999685,0.33442855,-0.03310846,0.28245127,-0.008579946,0.2698247,0.015066035,0.24102023,0.03862135,0.20636535,0.008708323,0.24139455,-0.040334605,0.27006674,-0.10400315,0.39639598,-0.145111,0.5220043,-0.079488,0.36978784,-0.011411201,0.25498152,-0.0225147,0.24403499,-0.043538276,0.2338444,-0.06665545,0.3137541,-0.069769286,0.29392964,-0.09730389,0.3903893,-0.033270024,0.25945583,2
-218.89934,9.351178,53.318382,9.972358,9.012453,4.802391,25.697151,3.1352756,9.390413,2.7690215,-22.59094,1.8601052,-14.6076975,1.5560732,-9.19893,2.0838,0.67454803,1.7534201,15.18565,2.1286933,39.471375,2.7738724,44.098972,3.012723,15.219415,2.2407231,32.196056,1.9197254,0.6102973,1.7390778,10.258068,1.7042392,2.2908442,2.3243523,20.352734,3.103203,8.598342,2.2845068,-0.29742742,1.5478789,0.09062923,1.7233689,-0.17264014,1.9034084,-0.17120837,0.9369831,-0.16247569,0.5419509,-0.10557583,0.45050332,-0.003789329,0.29277834,0.023165597,0.26056725,0.019579759,0.4285067,0.047538918,0.32782945,0.038441233,0.35402334,0.022693964,0.5065541,0.023710815,0.4988101,0.09899846,0.4613901,0.053904187,0.276495,0.06147783,0.30004916,0.022030236,0.29430446,0.054942667,0.41075945,0.01322119,0.53876114,0.04056004,0.39230695,0.048099473,0.28075692,0.35934764,1.2204373,0.37455052,1.2473314,0.12970164,0.5410126,-0.051853582,0.3753199,-0.06392353,0.37526426,0.005222634,0.28926846,0.015455441,0.19089113,0.04214453,0.24462959,-0.0028099357,0.23358278,-0.058067404,0.32761076,-0.10109703,0.3900332,-0.102467224,0.4251579,-0.043656018,0.29282913,-0.017435206,0.21906091,0.01834202,0.19852246,-0.022549503,0.22833955,-0.046265915,0.32104164,-0.0932959,0.42123017,-0.046069324,0.3423359,-0.012963768,0.16169919,2
-217.90486,9.2147,54.114117,9.71233,8.727295,4.9117527,26.182703,3.3937206,10.573419,2.8506625,-23.244385,1.7498277,-15.020489,1.5664746,-8.784232,1.8621979,1.1310643,1.6726866,14.912014,1.9274192,39.122364,2.9274685,44.300316,2.8407078,15.064813,1.932403,31.09859,2.0832179,0.52327657,1.7727817,10.986745,1.5105584,1.6877437,2.0553892,19.912777,2.803769,8.848125,2.3641334,-0.46509364,1.7623249,-0.14903225,1.766219,0.017046297,1.8147687,0.1696854,0.89959085,0.18647957,0.6734877,0.12075035,0.4936789,-0.031578466,0.29889554,-0.027650632,0.27977577,-0.017931322,0.32372084,0.0007492006,0.21679918,-0.055225853,0.3539247,0.03308503,0.52961,0.015371374,0.49804863,-0.041373465,0.3021389,-0.011545539,0.3069219,-0.050046254,0.27839458,-0.0051765624,0.23471826,-0.036483355,0.39441663,-0.008949038,0.49572584,0.011759688,0.3577887,-0.06957022,0.3289837,0.35865268,1.2136761,0.40882772,1.3531896,0.15677398,0.66244215,-0.005632833,0.4086144,-0.052657757,0.37519583,0.02207693,0.24839921,0.013181472,0.2003477,0.059917018,0.2710269,-0.0023756265,0.2524349,-0.03966806,0.26899847,-0.10061211,0.39357427,-0.11161453,0.4260769,-0.01993276,0.262677,-0.031486742,0.25767297,-0.0010817592,0.25184092,-0.015890779,0.2070775,-0.05771004,0.26776224,-0.09240867,0.37319407,-0.079293765,0.33793822,-0.026995867,0.23671088,2
-218.58684,8.486435,53.60124,10.394872,9.764577,5.4138417,26.351957,2.7371225,10.312675,2.6918936,-22.563162,1.7149646,-14.591982,1.7720261,-9.254193,1.5289319,0.75794023,1.5661851,14.796099,1.8649004,39.32863,2.7324626,44.45027,3.1972601,15.753295,2.05853,31.388853,2.3847501,-0.5682923,1.9398589,9.868929,1.636241,2.253554,2.1689167,20.451328,2.950564,8.104674,2.5138574,-0.5818621,1.8679985,0.08194712,1.6288861,-0.08804621,1.9650708,-0.11631084,0.96934,-0.11378023,0.41743428,-0.095440716,0.40103042,-0.009336289,0.2852685,0.019058917,0.24617547,0.02306413,0.26153377,0.020014307,0.2635588,0.029573819,0.340745,0.020956678,0.5315373,-0.027721288,0.5413085,0.0011228378,0.34026432,0.029603353,0.34522212,0.048640054,0.25510404,0.004774246,0.25084454,0.00492871,0.35732502,-0.014802287,0.5464788,0.026222749,0.43482983,0.027214864,0.32793507,0.31790477,1.0907375,0.41723508,1.3725737,0.18941028,0.7225753,-0.006703982,0.33034799,-0.02757474,0.31043866,0.0026782723,0.2270831,-0.0052994117,0.20249431,0.014479912,0.20602632,4.0853367e-05,0.19356556,-0.028988218,0.19958867,-0.10035226,0.36371735,-0.1278576,0.51821697,-0.03608114,0.2607865,-0.057458837,0.32153293,-0.006363526,0.26049796,-0.008377508,0.18992364,-0.050293617,0.28181967,-0.075870365,0.33181217,-0.067880474,0.297047,-0.033443782,0.24466689,2
-217.85847,7.728849,53.469246,10.341614,9.042856,5.4799166,26.323547,2.838859,10.323376,2.5567508,-22.522102,1.7346425,-15.117246,1.4770017,-8.536615,1.567769,1.0272188,1.788169,14.307882,2.1855462,39.280716,2.938277,44.539036,3.2990108,15.54067,2.124311,31.408653,1.9375155,0.54329026,1.7440045,10.7204075,1.8305143,1.5885252,2.1512542,19.615982,2.7142618,8.438986,2.3185084,-0.662836,2.1068802,-0.054027308,1.4244831,0.005443045,1.8719963,0.099040546,1.0564549,0.12763965,0.48888418,0.07652637,0.49953136,-0.013941254,0.26311293,-0.018002799,0.2497813,0.0029075018,0.29812542,0.02606098,0.2973595,-0.014778926,0.36443397,-0.0053423587,0.48776773,-0.007627047,0.5821351,0.012229257,0.32003886,-0.03695254,0.29318634,-0.04997921,0.34910277,-0.015839908,0.28326815,-0.018500853,0.34996128,0.011198477,0.5045119,-0.014996301,0.3993097,-0.0014847425,0.29890734,0.31486893,1.0836011,0.42203248,1.4045469,0.20042455,0.708207,0.029259626,0.39128572,-0.032961287,0.2935803,0.008953991,0.21254954,0.020015547,0.18412967,0.029274406,0.21586561,-0.009775939,0.25095442,-0.06553214,0.32347688,-0.11094403,0.42472315,-0.111997254,0.42472863,-0.053076174,0.32536823,-0.027495408,0.29968855,-0.010546704,0.23891915,-0.03598376,0.24287322,-0.06894535,0.31273025,-0.09423624,0.4046623,-0.072842605,0.33027548,-0.052078724,0.32698256,2
-218.39233,7.467691,53.731697,10.395425,9.879375,5.636243,27.091545,2.5301676,10.781426,2.3198726,-22.685507,1.8970836,-15.343682,1.6800209,-8.850712,1.5710795,0.77172935,1.7641178,14.4588,2.1008399,38.959587,2.7114415,44.191822,3.0128813,16.24082,2.474634,31.282442,1.8848264,-0.5904319,1.6385611,11.080754,1.9936893,2.028353,2.7111604,19.906546,2.6700504,8.3449335,1.9994572,-0.30334377,1.8836728,0.054924466,1.5139688,-0.063734055,2.0151556,-0.104321204,1.0998467,-0.07410789,0.3851226,-0.018516032,0.32804617,-0.0041593076,0.31902385,0.062088657,0.32216042,0.025287544,0.22343747,0.0059869345,0.29555935,0.021070708,0.29895693,0.0049673226,0.5223975,-0.0054319086,0.5606988,0.019380169,0.42347863,0.009983465,0.29840183,0.059141263,0.31215224,0.018180627,0.33285365,-0.0100839725,0.44854128,-0.02706284,0.47052693,0.007745981,0.38040918,0.029622013,0.33040443,0.3040556,1.0091523,0.43690652,1.4348176,0.23377588,0.8206323,0.049180128,0.35148707,-0.03311208,0.3114377,-0.0068502314,0.26358035,0.031082781,0.18237604,0.041390784,0.23122276,-0.0038896524,0.2526946,-0.03096808,0.29155114,-0.102791324,0.3661508,-0.113467395,0.40960974,-0.06645275,0.3238293,-0.034027107,0.2504424,-0.010440256,0.2196618,-0.06469934,0.29929462,-0.072645746,0.3548831,-0.096847184,0.39413124,-0.05392737,0.30421343,-0.050915416,0.2680711,2
-218.38206,11.165844,53.51465,10.346154,9.285199,3.990754,26.35654,1.8504039,10.092514,2.334145,-23.248404,2.123878,-15.083917,1.8444809,-8.97218,1.69716,1.0597752,1.3356936,14.689352,1.9397742,38.791325,3.1501632,44.20362,3.413214,15.666896,2.3208299,31.208317,2.1968095,-0.2455147,1.5467188,11.0699415,1.931703,1.9143637,2.5062757,19.726807,3.2742145,9.051854,2.1423192,-0.5954318,1.6235741,0.12076858,2.0184681,-0.02107943,1.9858185,-0.017234515,0.73426443,-0.034703292,0.29495037,0.02112086,0.33620384,0.057572342,0.33473778,0.019195708,0.32214946,0.034595307,0.3152727,0.010177267,0.17532553,0.01531799,0.3922004,-0.013857526,0.5859774,-0.0042861644,0.58491355,0.04746214,0.39566484,-0.028327404,0.3304542,0.011456616,0.23329835,-0.0066617196,0.39110798,0.04372525,0.4729837,-0.0030666792,0.60238075,-0.024795942,0.36346605,-0.0046926644,0.26265612,0.44307926,1.5411854,0.41278458,1.329622,0.14546388,0.52267987,-0.03913143,0.21904072,-0.054810513,0.37416807,0.043977305,0.27369952,0.043403458,0.20444797,0.04459924,0.23593333,0.014961267,0.16626461,-0.02517457,0.2101308,-0.09715079,0.35220316,-0.13121814,0.48072618,-0.059990473,0.31053004,-0.048731923,0.2972818,0.017474711,0.20814511,-0.028825283,0.23848802,-0.068130285,0.34912196,-0.11306738,0.4718638,-0.049300365,0.2703386,-0.033659354,0.23708877,2
-218.12254,11.117987,51.018215,9.663928,9.321408,2.6189811,26.664942,2.8591018,9.217314,2.5367813,-21.230108,1.5988634,-11.428653,1.9688934,-8.17429,2.281756,-0.57934296,1.7767098,14.061166,1.7007573,39.67227,3.697531,44.504482,3.123823,13.7115965,1.7564015,31.21341,2.295009,1.4627504,1.7352122,11.16377,1.874081,1.5480568,1.9788625,19.793198,3.2404017,7.119185,2.1109433,-0.6043114,1.3739449,0.03973113,2.1227546,-0.06696736,1.8407574,-0.024681136,0.4982648,-0.048954736,0.506203,-0.01614809,0.48092645,-0.014981891,0.24578409,0.02128144,0.34130597,-0.007529655,0.43133584,0.003829868,0.3085692,0.007595981,0.26638803,0.041646093,0.7292349,-0.014902056,0.576133,-0.018038372,0.2970914,-0.009298478,0.3082111,0.022507664,0.28238162,-0.014728086,0.32271308,0.0067515704,0.36925188,0.030402837,0.59057695,0.017482342,0.29313982,0.01603257,0.22792901,0.4427823,1.4411587,0.39436042,1.3102626,0.079759836,0.32992834,-0.08416002,0.3809331,-0.059035763,0.28030202,0.031104894,0.21695982,0.011549328,0.1996254,0.06143144,0.26176217,0.025769204,0.22458448,-0.03415954,0.25675204,-0.13084494,0.45932952,-0.11890634,0.4302019,-0.015939405,0.24109614,-0.032792136,0.2560637,0.011024977,0.22524008,-0.052478157,0.23537104,-0.051317714,0.28830048,-0.10430854,0.3842759,-0.0713839,0.33170587,0.0039953985,0.19532144,2
-218.19363,10.962577,53.533104,10.706738,9.176763,3.9877415,25.90458,1.8850915,9.985588,2.1614025,-23.147179,2.3376977,-15.188008,1.5774074,-8.452741,2.1809988,1.1630505,1.4813213,15.0054245,2.17391,38.487583,3.2395093,44.03832,3.1610336,16.14231,2.1393147,31.172903,2.230411,-0.031514376,1.6188143,10.810952,1.922248,1.8724493,2.507617,19.450474,3.028071,8.506541,2.563753,-0.57409185,1.7103084,-0.16308497,2.1373963,-0.033014737,2.0249045,0.06950319,0.7803322,0.05466086,0.26737815,0.0071290913,0.36036214,-0.05721373,0.40916494,-0.015705317,0.25149384,-0.016837718,0.44337124,0.011425873,0.23758268,-0.029050607,0.3369894,0.034854397,0.5872424,0.031291816,0.56415695,0.004133709,0.3934229,0.040611118,0.3874429,-0.02571218,0.23611763,0.014173309,0.37610954,0.008693042,0.43903396,0.029279327,0.5590282,0.035436183,0.4537093,-0.03535868,0.3463225,0.4189868,1.3833497,0.42116794,1.3559637,0.12508385,0.4559716,-0.024066577,0.24165726,-0.05073328,0.26147103,0.041075237,0.32291362,0.027260795,0.18687044,0.06587221,0.27764282,-0.018421855,0.26257446,-0.06591986,0.34798113,-0.12416464,0.4326797,-0.10712958,0.41843373,-0.03215963,0.26781854,-0.044446703,0.2854497,0.018996572,0.22542731,-0.044131827,0.2404669,-0.0701013,0.3384109,-0.09021985,0.35083807,-0.088688016,0.3761824,-0.017644119,0.22425537,2
-218.80946,8.324383,53.566353,11.158941,9.735164,4.2998962,26.666584,1.9444649,10.324446,2.2990658,-23.009579,1.6050506,-14.838621,1.49761,-9.335366,1.8435353,0.7396833,1.6386831,14.956477,2.1827137,39.10721,3.1792805,44.479607,2.8949678,16.29331,2.5909557,31.658316,1.9658449,-0.52194417,1.7979785,10.678985,1.9273026,2.075484,2.7913578,19.720884,2.798226,8.75901,2.2967367,-0.61072326,1.7780465,-0.01155507,1.5884011,-0.053537574,2.1538477,-0.027875666,0.9057655,-0.017216144,0.30013987,-0.006845058,0.36460382,0.026582567,0.2676407,0.0021988594,0.25600716,-0.015217957,0.3690412,-0.014357749,0.24935256,-0.0003614609,0.32359838,0.006432027,0.5597796,-0.0042501525,0.5422437,0.02080847,0.4094716,0.011949557,0.30535123,0.00863351,0.29652232,0.03598302,0.37432328,0.0030436441,0.5564892,-0.0263964,0.530142,-0.0069672326,0.43056896,0.012784502,0.35005063,0.32067126,1.0392253,0.44801766,1.4378166,0.16015743,0.54237944,-0.05369841,0.29542556,-0.066488974,0.34955627,-0.018908367,0.23147526,0.020716246,0.14656256,0.030830372,0.19525674,-0.0035633994,0.2185648,-0.06955693,0.3469526,-0.12329172,0.46605548,-0.09310938,0.36944762,-0.058853302,0.32473838,-0.043161158,0.29376265,0.0071739885,0.22463305,-0.03185135,0.25030085,-0.062192764,0.3560684,-0.06768168,0.32801515,-0.051149506,0.2986781,-0.0195596,0.22926934,2
-217.4707,13.165428,53.812336,9.729367,9.232999,3.5354981,26.061287,2.571128,10.091485,2.546549,-23.09595,2.174862,-14.5040865,2.1194315,-8.749505,2.3345659,0.5200362,1.7978246,14.809661,1.6149223,38.57099,3.2938519,44.299347,3.2500978,15.388063,1.8890674,31.050655,2.2295666,0.42395854,1.7614096,10.666121,2.0106604,1.9759892,2.3203042,19.179882,3.5215185,8.567714,2.4808886,-0.69728184,1.8501811,0.19022827,2.45488,-0.09757537,1.9179504,-0.08254021,0.7467072,-0.07662461,0.43956897,0.013858296,0.46728832,0.047394775,0.42452893,0.029759426,0.37591547,0.045562904,0.48929545,0.022171432,0.30992076,0.031928185,0.25737375,0.005044167,0.5972862,-0.016375307,0.5708555,0.02298057,0.32000569,-0.022823876,0.3936344,0.028514711,0.2589862,-0.04450435,0.3496491,-0.0067062746,0.41106024,0.0098317,0.684961,-0.0054687867,0.46769994,-0.03466217,0.29620203,0.52063143,1.798231,0.3998183,1.3410859,0.116057806,0.47568005,-0.06098694,0.3188583,-0.07263948,0.29184285,0.04633684,0.28709248,0.05556205,0.30873397,0.065960065,0.26989886,0.027362552,0.23460191,-0.01817123,0.20002416,-0.12531668,0.5050868,-0.1271402,0.4546076,-0.032942776,0.25235555,-0.058392648,0.29729015,0.011785221,0.23295243,-0.03642472,0.22837545,-0.046166085,0.24995211,-0.13605659,0.4929012,-0.074290514,0.31882897,0.011746381,0.20776267,2
-218.62064,13.484171,53.353317,9.635428,9.073072,2.930594,26.275417,2.3181791,9.970802,2.513989,-22.388258,2.339501,-14.530587,1.9636303,-9.222597,2.5576673,0.997826,1.7880714,14.886916,1.6541148,38.596554,3.2651663,44.0458,3.2609901,15.4327135,1.7987068,32.525352,2.2802336,0.006088712,1.6603824,10.020412,1.5254862,1.86611,2.0718596,19.352499,3.503958,8.076224,2.5472674,-0.9035242,1.6357394,-0.2327965,2.591385,-0.018037649,1.8498169,0.08481153,0.5409754,0.04287451,0.40108743,0.033051714,0.50744826,-0.08676831,0.470192,-0.009799792,0.33412036,-0.052896842,0.4759525,-0.0304889,0.3130271,-0.041382115,0.24705604,0.024702974,0.57191986,0.008414709,0.67873,-0.00065258465,0.31043714,0.019821072,0.40595922,-0.0081990305,0.24597074,0.005616382,0.26641366,-0.0063164234,0.37387624,0.0053178566,0.6472305,0.021271676,0.46540374,0.010172058,0.25971434,0.50235516,1.7008464,0.38406795,1.2390009,0.054974057,0.36478394,-0.076878846,0.3275449,-0.069671854,0.2852396,0.049265258,0.2866284,0.05070061,0.28743905,0.07041992,0.2997735,0.026315035,0.24270561,-0.0148719335,0.2107109,-0.12388535,0.44513848,-0.12818548,0.44492894,-0.034695476,0.2245973,-0.044306245,0.26973346,0.011525245,0.22935061,-0.045932006,0.2013498,-0.06238625,0.30139956,-0.12131,0.43410885,-0.07590024,0.36164114,0.006059341,0.23430145,2
-217.34883,12.994699,53.119694,9.220796,8.4665,2.9336057,26.517826,3.097967,10.776536,2.88095,-22.011564,2.2116735,-14.870758,2.4380023,-9.104042,2.3030992,0.7922764,1.9884913,14.133463,1.9462525,39.151997,3.035767,44.645386,3.3739605,15.780448,1.8194656,31.698603,2.6961682,-0.3320682,1.6469104,10.032414,1.6618952,1.6263258,2.247027,19.457378,3.4050317,8.462081,2.640072,-0.63995385,1.3820589,0.17122263,2.4314277,-0.08101164,1.7377905,-0.044908367,0.49541157,-0.079187565,0.5489572,-0.01996589,0.5166825,0.03783102,0.35463908,0.021072414,0.3994621,0.05011846,0.4379291,0.056545567,0.37896797,0.0539038,0.3081356,0.027680045,0.5286752,-0.0007030927,0.66114056,0.029758507,0.3309185,-0.027445672,0.42290846,0.024506418,0.28281808,-0.015419685,0.28124866,-0.0128081655,0.3939031,-0.004977175,0.5740576,-0.020457275,0.44895902,-0.005626344,0.20153427,0.51129884,1.7659993,0.3539424,1.1805592,0.07122731,0.37993768,-0.09452079,0.4013528,-0.09482331,0.4152521,0.058519773,0.32269037,0.0505678,0.27029446,0.067739636,0.2790259,0.027567485,0.27263886,-0.01869948,0.2689051,-0.11270994,0.42762423,-0.12381068,0.42978647,-0.010950397,0.22334069,-0.0824372,0.36196107,0.016023088,0.25301507,-0.03635202,0.18672907,-0.07625322,0.33230573,-0.12821256,0.49169675,-0.0805779,0.34191087,0.003134481,0.18598752,2
-216.9446,13.633919,53.74387,8.88979,8.732827,2.1887238,25.725475,2.996049,9.601457,3.1825535,-23.03066,2.57287,-15.289055,2.278782,-8.359916,2.5886776,2.0476327,1.7455647,15.157384,1.6873565,38.66401,2.9603224,43.985485,3.3403363,15.89134,1.6730592,31.560284,2.442028,-0.23750587,1.7629339,11.47918,1.9533157,2.4220848,2.3373582,18.946188,3.3221436,8.785823,2.2961226,-0.5528213,1.6676676,-0.1994084,2.5417292,-0.035756476,1.7712137,0.060997993,0.39487115,0.04452722,0.5720864,0.02035923,0.56928205,-0.05936573,0.41897425,-0.037552655,0.38783237,-0.06689453,0.5565285,-0.026731582,0.2541006,-0.05627661,0.277229,0.008683322,0.62046975,0.037004046,0.61108786,0.0070153126,0.2363335,0.060811047,0.42531735,0.029624414,0.33208987,0.030156082,0.28151712,0.0019118455,0.45476976,0.016759703,0.6473059,0.04171937,0.409957,0.012698507,0.29257718,0.5444851,1.8433945,0.37046897,1.2067711,0.03664372,0.26948944,-0.115383275,0.4307774,-0.098425865,0.38973677,0.054375224,0.4268604,0.05861685,0.2906234,0.07384808,0.31198612,0.027167745,0.24648365,-0.0052480046,0.21816494,-0.08779668,0.3404604,-0.13023931,0.46405154,-0.020868447,0.19952492,-0.062516645,0.31860805,0.015321084,0.21520773,-0.04028024,0.23066834,-0.06988876,0.30586508,-0.1089701,0.4366332,-0.050514232,0.27573073,-0.002076712,0.21438044,2
-218.21541,12.162574,53.993187,9.84603,10.12583,2.8230438,26.295311,2.6924143,9.279642,2.9740644,-24.243168,1.8667829,-15.156916,2.0296078,-8.706054,2.0610466,2.13736,1.6780798,15.233483,1.6848726,38.606037,3.1564255,44.24601,3.5597408,17.13827,2.1584704,29.752836,2.0645022,-1.1813682,1.8374231,12.698383,1.746777,2.7667673,2.3559709,18.943434,3.0012274,9.394084,2.4389026,-0.68091,1.7177265,0.10047044,2.2389219,-0.021348631,1.8817782,0.019358063,0.53829503,0.004435422,0.47958055,0.015234419,0.535173,0.02582273,0.28541178,0.024735572,0.37089422,-0.0101534035,0.4060045,0.0044446248,0.25842595,-0.006690383,0.28377655,0.017290805,0.6214286,-0.022278236,0.6310934,-0.008350779,0.33389705,-0.028962938,0.3408991,-0.022583893,0.29188353,-0.008486816,0.27059728,0.03376066,0.4149355,0.010813743,0.58945775,-0.009583466,0.4230734,0.01334309,0.2987464,0.48403817,1.5956258,0.40207508,1.319654,0.06389483,0.3352116,-0.100632876,0.39178756,-0.07327658,0.4093086,0.033093043,0.22655997,0.062124617,0.27169025,0.050329693,0.25846478,0.0076251067,0.2435774,-0.036549967,0.22932075,-0.10996678,0.38451144,-0.12463942,0.48703933,-0.045593858,0.34663415,-0.023885563,0.25369108,0.019571096,0.25992525,-0.052580807,0.24668409,-0.045748536,0.31624594,-0.09790523,0.39946228,-0.0666779,0.3183098,0.012218664,0.21999824,2
-218.61707,14.155123,54.608116,9.462099,11.767177,2.1962347,26.14545,2.690218,8.798541,2.6190135,-24.62568,2.2038736,-15.882193,2.3905067,-7.238471,2.397173,1.9046328,1.8026687,15.153479,1.681779,38.70521,3.1311219,45.09434,3.7843776,16.458738,2.0183558,28.341496,2.0765722,-0.8185195,1.9775099,14.257681,2.4659166,2.8293617,2.3522577,18.389013,3.4847307,9.17656,2.3707738,-0.85806775,1.6154102,0.00094457774,2.7014985,-0.08876631,1.8604606,-0.02264309,0.4181163,-0.034295976,0.52123624,-0.00900482,0.538439,-0.025578514,0.3331001,0.004791502,0.4732973,0.019081827,0.36101666,0.02118082,0.3319287,0.002660169,0.24766105,0.009219067,0.57262284,0.00654627,0.68154985,0.03332091,0.37941635,0.0066399574,0.3412522,0.039515406,0.31488398,-0.0049746037,0.38952142,-0.0009733273,0.3509707,0.0057133455,0.68661016,0.012011619,0.43749064,0.002941227,0.27607605,0.5789148,1.8680362,0.3828257,1.2344891,0.054708067,0.25332025,-0.07061503,0.3315294,-0.06614942,0.30734882,0.049629446,0.27177817,0.07099211,0.2992987,0.062727645,0.29877374,0.011949435,0.2630418,-0.025069574,0.25080478,-0.13301362,0.48543373,-0.1312551,0.4706136,-0.032933895,0.2451994,-0.047122244,0.24651077,0.04465702,0.27691758,-0.083758995,0.3464392,-0.05817854,0.27184513,-0.122657046,0.4258033,-0.06624759,0.312833,0.024775924,0.23422569,2
-220.10437,11.792952,55.71803,10.290986,12.384246,3.2775805,26.219006,2.3761513,7.6699066,2.365365,-24.945883,2.0014448,-15.411466,2.3131125,-7.7263947,2.2087762,1.6634976,1.5101283,15.280099,1.5285112,38.73202,3.1572695,44.559414,3.286502,15.913299,2.0943224,28.766788,1.8276496,-1.4694816,1.7753285,13.977556,1.8179616,3.2638936,2.5797782,19.124704,3.344649,9.355169,2.3564112,-1.1831341,1.5959918,-0.20610194,2.2554526,-0.00062132615,1.9718059,0.083950095,0.5142946,0.026864382,0.41054624,0.02189477,0.51577544,-0.069232,0.356377,0.012238822,0.40953615,-0.041476272,0.37380803,-0.017998163,0.22339682,-0.009942734,0.23103264,-0.040106528,0.6289913,0.01940648,0.6825782,0.008080208,0.36836582,0.020982333,0.2516445,-0.034266304,0.271209,-0.0038778929,0.30164424,0.009482728,0.49352744,0.008405708,0.58006024,0.015004661,0.4144378,-0.009322942,0.28287873,0.45780423,1.5460844,0.42783067,1.3812343,0.08233182,0.45208696,-0.077397086,0.34207916,-0.058447298,0.32097706,0.055485822,0.28228545,0.060771346,0.3129241,0.050657872,0.28653374,0.014848517,0.18844381,-0.025253637,0.22209148,-0.11684669,0.4314803,-0.10646915,0.40200168,-0.051750176,0.30438378,-0.027279284,0.18076657,0.020645611,0.23141155,-0.02818374,0.2337297,-0.06778953,0.31190518,-0.12281462,0.48073408,-0.09350696,0.364545,-0.007949105,0.22649878,2
-220.95107,7.278569,54.823128,10.362381,11.954276,3.9870422,26.576097,2.8046858,8.537824,3.1383712,-25.754545,1.7459046,-16.21055,1.8535997,-7.0848637,1.780382,1.8207775,1.4351176,14.382522,2.2610393,39.769386,3.4577105,46.256958,3.3712356,15.655319,1.9935524,28.105371,1.4244372,-1.1309805,1.7044209,14.658977,2.0315356,2.9829712,2.603848,19.329647,2.9852936,9.692476,1.7728412,-0.40361106,1.5525095,-0.0035546669,1.40853,-0.10836554,1.9870061,-0.059334572,0.69762367,-0.051350154,0.54242206,-0.05574157,0.5968011,-0.035502374,0.32161582,-0.027940053,0.28894204,-0.007954484,0.35392427,-0.008030373,0.20790283,0.019507093,0.44782025,0.021990284,0.67144305,-0.004573448,0.59636015,0.013843907,0.33038726,0.002528352,0.21562023,0.02242708,0.31019416,0.030200992,0.3437642,0.020406436,0.36984852,0.06070629,0.43617865,0.0075474535,0.23987614,-0.033637237,0.24436855,0.2667248,0.8896918,0.4118651,1.3413184,0.13456908,0.4937754,-0.094584316,0.41174796,-0.10068102,0.3959808,-0.018897012,0.23058753,0.008550507,0.22662684,0.05175769,0.2485734,0.029012559,0.19786981,-0.0605028,0.29602194,-0.12834235,0.46374586,-0.13040112,0.49342445,-0.016944893,0.24613589,0.009531289,0.19349895,0.03278295,0.23527189,-0.056571256,0.31785792,-0.08389114,0.38781473,-0.09170927,0.40197068,-0.030107139,0.253094,0.008946604,0.19966918,2
-218.43361,12.526431,50.098045,8.795494,9.333962,1.9285914,27.38708,3.459432,9.590845,3.0384057,-21.333382,1.927074,-10.3892765,1.7181033,-8.047954,2.153971,-1.8139862,2.0531538,13.066267,1.6235248,40.255657,3.1371408,45.60196,3.455866,14.62193,1.6841674,29.870499,2.1116197,0.9240022,1.6607895,11.571385,1.8213726,1.7766695,1.8828157,19.402716,3.3827875,7.8845506,2.6362622,0.2709078,1.4830492,0.01807835,2.394605,-0.068334356,1.7427006,-0.007815911,0.36763996,-0.037618887,0.6022551,0.013053329,0.5189033,-0.0043410007,0.3196129,-0.019371212,0.3386747,-0.0051291357,0.4066622,0.012632245,0.35337016,0.008833803,0.2672048,0.044629015,0.5769469,-0.001914934,0.63373274,0.0147644775,0.25403127,0.022312619,0.28215557,0.02575629,0.31403592,0.011882203,0.3325085,0.0263481,0.38181546,0.024446443,0.5992199,-0.00016752024,0.46589863,-0.008363752,0.23727143,0.5262661,1.7244606,0.34493008,1.1112106,0.033512805,0.25717038,-0.12388687,0.46117675,-0.11299218,0.4596175,0.024612956,0.22338061,0.03565812,0.22422875,0.07213956,0.30760697,0.04559712,0.2773903,-0.013586923,0.22866176,-0.12315753,0.46479395,-0.12683257,0.43868503,-0.0099152,0.19784506,-0.06330837,0.30746332,0.015795873,0.21793175,-0.03971703,0.21834461,-0.029432353,0.22261739,-0.14612576,0.57034355,-0.07436642,0.32747573,0.0173799,0.20662113,2
-219.03583,7.6443257,54.28469,9.911704,10.49391,3.3459966,26.24737,2.710399,9.211209,3.6954944,-24.77278,1.8616933,-15.066854,1.6749038,-8.5249815,1.7065175,2.1945162,1.7264532,15.122001,1.9018917,38.030373,3.1135366,44.371304,3.0437064,16.99828,2.070289,30.002254,1.7687998,-1.3702747,1.843426,13.351005,1.7673682,3.1185439,2.2798035,18.189262,2.411808,8.914265,2.1014316,-0.5488119,1.5699931,0.057982974,1.412634,0.011079113,1.867358,0.00658832,0.5735023,0.069050536,0.5489506,0.06628186,0.67581975,0.039771777,0.33117422,0.011339996,0.2743293,0.016597778,0.2242406,0.011395745,0.34635508,0.0109054195,0.38011163,-0.05648977,0.6033139,0.01148006,0.5268944,0.0106897205,0.39774397,-0.022779569,0.22599764,-0.026919225,0.315984,-0.0055303774,0.3065501,-0.0042129955,0.42631677,-0.021746548,0.40111962,-0.04438948,0.36458495,-0.015280241,0.30721366,0.30098516,1.0044274,0.4063045,1.3340158,0.113050476,0.4000751,-0.073865466,0.33400393,-0.11218332,0.46459693,-0.0312814,0.25507683,0.02858874,0.18882656,0.023628844,0.18983625,-0.022625776,0.21938923,-0.054115478,0.22918266,-0.11460473,0.397922,-0.12634936,0.48737338,-0.052980907,0.31673476,-0.010984197,0.22950017,0.035871755,0.22668512,-0.02798229,0.23235136,-0.064381205,0.29381064,-0.064205036,0.31182122,-0.048149344,0.26982933,-0.0041299993,0.215348,2
-219.58447,7.982046,55.37308,11.075853,11.186893,4.952118,26.708979,1.8145349,9.548608,2.5377054,-25.392504,1.7248775,-15.624518,1.728549,-7.9783325,1.888134,1.8671186,1.8682948,14.735224,1.8705931,38.40933,3.411566,44.833775,3.2076023,16.89604,2.2327194,29.14579,1.552443,-1.6572087,1.8448212,13.754768,1.8031044,2.4066741,2.6712255,18.722095,3.021134,10.077381,2.3965836,-0.37020516,1.9294797,-0.045646843,1.4772729,-0.016938517,2.0078106,0.033931125,0.90108865,0.0106282,0.23708294,0.012424946,0.47336364,-0.009209135,0.25993696,-0.0027623323,0.33078384,-0.008972448,0.26901093,0.014880642,0.30989417,0.008998073,0.35201818,0.024896622,0.6059773,0.00065720634,0.5584024,0.008729876,0.4031552,-0.01054964,0.22127596,0.0045316163,0.28790492,0.001480682,0.30557874,0.029024795,0.5424935,0.030870592,0.62141556,-0.008570488,0.36718428,-0.037054986,0.30689308,0.30110016,1.00017,0.4569675,1.5123563,0.18668178,0.64291114,-0.012692687,0.24985027,-0.05473443,0.32157323,-0.009477407,0.22428878,0.020517694,0.19549353,0.040037405,0.26175436,-0.01614765,0.28647584,-0.0507476,0.22859178,-0.12046093,0.42782065,-0.13086542,0.48382714,-0.05108452,0.27896172,-0.021354377,0.2015558,-0.026876329,0.25691566,-0.029735165,0.19356939,-0.062332485,0.3159487,-0.09104459,0.34596914,-0.0483665,0.24690987,0.005004127,0.24476674,2
-221.37477,7.238286,55.96899,10.4558325,13.637331,4.448149,25.975344,2.1848807,7.4457393,2.5383954,-25.476803,1.5841417,-16.016594,2.0080693,-6.3680634,1.9048882,1.8127162,1.5901293,14.405308,2.3282492,39.88743,3.0877998,46.27754,3.3995821,15.135845,2.3731565,27.601294,1.7653184,-1.4280008,2.0435798,14.469028,2.015574,3.7535396,2.7172475,19.445305,2.9387207,9.011393,2.1025255,-0.49173748,1.7415624,-0.016436988,1.3627807,-0.07584275,1.9622021,-0.046829533,0.8343735,-0.07340195,0.34864414,0.00067402766,0.40979254,-0.011624921,0.26374114,-0.023887519,0.3136709,0.006674396,0.28995758,-0.002646099,0.27878934,0.008127847,0.4400938,0.024209647,0.52479553,0.030327717,0.6440419,-0.01035181,0.3646617,-0.02522663,0.2365277,0.038611904,0.21725664,0.029312482,0.342221,-0.032281995,0.56068605,0.01278677,0.4434682,0.039649084,0.32656756,-0.008097468,0.23752843,0.2692874,0.87609005,0.41821635,1.3578008,0.1651376,0.6003668,-0.029490922,0.26383185,-0.060026944,0.3231938,0.00889876,0.22783394,0.0119112255,0.21409634,0.017929245,0.19438365,-0.012504971,0.22388777,-0.057355545,0.284068,-0.10084997,0.357734,-0.120352365,0.43259984,-0.06068767,0.33518982,0.026874008,0.21042876,-0.012468519,0.168982,-0.03198435,0.23869775,-0.0827659,0.35703656,-0.095846735,0.39633745,-0.035034627,0.24477087,-0.015820518,0.26505822,2
-221.22588,7.544213,55.892624,10.124047,13.8823185,4.7278857,25.598625,2.5774093,7.122746,2.6051989,-25.408688,1.7845658,-15.746633,1.825899,-5.968388,1.6960189,1.7156612,1.6037496,14.031401,2.2911294,40.574768,3.0781527,46.209816,2.8961997,14.641081,2.2108722,27.27513,1.4634917,-0.55850583,1.7217066,15.137418,1.9553058,3.7156794,2.7585442,19.395266,2.903412,8.515929,1.7727453,-0.6284939,1.8206469,0.04406154,1.4649029,-0.0250814,1.8864949,0.07432718,0.8597036,0.09417469,0.4395942,0.07055702,0.45582765,0.066239886,0.31148887,0.011126412,0.33416983,-0.04102041,0.26274633,-0.007557172,0.26920724,0.0055818483,0.3694497,0.025660507,0.53261685,-0.009547858,0.52932024,0.012862257,0.33722988,-0.012422653,0.25143015,-0.03881189,0.26798508,-0.03552425,0.30627495,0.022672726,0.44052714,-0.0014661569,0.52036864,-0.028518373,0.28108135,-0.032280575,0.3407618,0.29857016,0.9637169,0.41027203,1.3422766,0.15661466,0.5290528,-0.03136547,0.42472836,-0.044923577,0.3637335,0.001713087,0.22478949,0.029628478,0.2177749,0.026664486,0.19812238,-0.017914036,0.19455811,-0.04807735,0.24967475,-0.1149181,0.42162138,-0.11036258,0.3977935,-0.050227765,0.27483693,-0.02042817,0.19792917,0.031712893,0.2572719,-0.050684992,0.28117296,-0.09600995,0.39584482,-0.09667864,0.3814806,-0.029200463,0.21788621,-0.013389981,0.24646436,2
-221.23425,7.9773784,55.830463,10.031118,13.867986,5.0028834,26.51997,2.206854,7.881498,1.807793,-25.378296,1.6610364,-16.194334,1.9558926,-5.9862967,1.6109923,1.5450648,1.6050395,13.55896,1.8639108,41.127544,2.994717,46.83928,3.6315832,14.398633,2.335456,26.478558,1.56521,-1.0295894,1.6628798,14.852017,2.0845194,3.0723648,2.3769703,19.57319,3.0271573,9.034745,2.4375374,-0.62433,1.9414593,0.00035696762,1.5203506,-0.063273914,1.8663051,-0.07561179,0.911873,-0.0640225,0.38510752,-0.022541959,0.29941255,-0.01535958,0.27929625,-0.0025508339,0.3198093,-0.01533936,0.24815324,0.0131391985,0.2927884,0.028083999,0.33681512,0.011681153,0.5571739,-0.0046461034,0.6349135,0.0034217394,0.3869281,-0.014047622,0.26549727,-0.019756151,0.23522332,0.023888139,0.39109892,0.0011116285,0.42686582,-0.008977285,0.58997506,0.051755097,0.43865755,0.046422664,0.3406537,0.3188562,1.045109,0.42176002,1.3920672,0.19081715,0.6852264,0.038725566,0.33536142,-0.025931934,0.22031038,0.030812234,0.24855734,0.05991515,0.2892992,0.034066703,0.22199163,-0.0049630427,0.20787744,-0.030128678,0.24870917,-0.0960702,0.35601085,-0.14137468,0.5066595,-0.0709653,0.3236287,-0.022566747,0.2330242,0.008483417,0.255569,-0.06581686,0.33666053,-0.0899564,0.3771355,-0.112572156,0.41673753,-0.069757976,0.29341057,-0.024295596,0.2539258,2
-220.93938,7.5924716,55.65088,9.214004,12.589617,3.8190713,25.37619,2.3978398,7.89449,2.8449605,-25.09964,1.4861821,-15.278654,1.9143542,-7.1606174,1.8647703,1.8205491,1.6039242,14.7442465,2.0111666,39.765926,3.4957743,45.45522,3.216175,15.222443,2.4357326,28.2705,2.32321,-0.7738136,1.5877424,14.181973,2.0995846,3.3867702,2.2762349,19.254364,3.0398047,8.5726,1.8957769,-0.5052413,1.7193484,-0.0057808217,1.3878146,-0.09512031,1.7160197,-0.06500338,0.5678831,-0.063103065,0.39719284,-0.013608425,0.43089905,-0.011254635,0.22856508,-0.021922728,0.33740953,-0.045753136,0.25861794,-0.02419168,0.25561702,-0.0138782095,0.33355895,-0.0032071334,0.5712353,0.03858409,0.5718434,0.026440507,0.3685275,0.048679333,0.20780332,0.045053627,0.2618765,-0.0032538653,0.2908425,0.015270769,0.4055746,0.027404498,0.5489513,0.02284789,0.36374277,-0.0021094102,0.30968365,0.2705476,0.88800967,0.38409048,1.2717341,0.12967353,0.47557423,-0.047527634,0.2865006,-0.057634052,0.31053394,-0.004881595,0.18685989,0.031109143,0.24870239,0.027392287,0.21277706,-0.0050966297,0.23946013,-0.046189602,0.25575086,-0.10564825,0.39066565,-0.09588024,0.38720345,-0.040872216,0.25205165,-0.013469267,0.15817301,0.011283227,0.17093177,-0.03948155,0.2524176,-0.061318412,0.30438754,-0.09070841,0.3525559,-0.060781803,0.25440547,-0.014158399,0.2423621,2
-219.44514,7.9806786,54.481342,9.335367,10.084382,3.421482,26.805082,2.7666442,9.849153,3.1670556,-25.069897,1.7519885,-15.960197,1.7924298,-7.7329545,1.803388,1.9308697,1.8936884,14.812042,1.5764208,37.908337,3.1505384,45.092854,3.439063,16.829786,2.021275,29.471134,2.3551831,-0.97739434,1.862905,13.152981,1.917464,2.8535302,1.8965306,18.357676,2.758733,9.0025425,2.262764,-0.23100033,1.562535,0.07148187,1.4540435,-0.022082167,1.7999479,0.034491096,0.67079234,0.03807954,0.42285177,0.020305002,0.5057068,0.026625501,0.30619878,0.021056676,0.3124668,0.0138348425,0.28450906,0.00685396,0.34111887,0.0149037875,0.28139877,0.04664546,0.60693157,-0.044721823,0.6440679,0.022239903,0.3742963,-0.046103656,0.28781208,-0.044601995,0.22881475,-0.001560534,0.2733095,-0.0024665126,0.3240661,-0.0056951707,0.5236323,-0.011739898,0.37633204,-0.0025433733,0.27553245,0.30343547,1.0370849,0.3927698,1.2777092,0.111213155,0.3806398,-0.09224374,0.38401908,-0.09561589,0.44213614,-0.010926803,0.2394002,0.029107729,0.22762796,0.03125097,0.27046344,-0.0072966786,0.3048496,-0.028259678,0.19332162,-0.09531139,0.35862708,-0.120505325,0.46491215,-0.052512243,0.3175076,-0.0079496205,0.20907964,0.028389713,0.20939885,-0.027081024,0.22381683,-0.0408203,0.27201864,-0.08836056,0.40347436,-0.04669244,0.2640404,0.024688816,0.21078539,2
-219.83656,10.248373,54.240273,9.930172,10.603043,3.407824,26.184172,2.03617,9.376109,2.493211,-24.987385,1.7446363,-15.824955,2.1466506,-8.769441,1.9573869,1.386114,1.624826,15.50742,1.7749561,37.94547,3.1215656,44.0909,3.4727027,17.718588,1.7725695,29.692337,2.373971,-1.2846129,1.7111168,13.463798,1.932786,3.248012,2.6129527,19.205729,3.133245,9.30093,2.596451,-0.52836907,1.7907747,0.048601005,1.9148105,-0.0676716,1.8209306,0.0086572645,0.60371345,-0.01759559,0.32309666,0.019415371,0.44235227,0.030058362,0.2512847,0.0072815125,0.3352243,0.017394925,0.3818596,0.0060734767,0.28117043,-0.013508399,0.2896279,0.048971817,0.5848915,0.020315845,0.6439438,0.022646923,0.28643587,0.009754461,0.34930405,0.043076403,0.2948547,-0.00015458695,0.2955947,0.0032566988,0.4363886,0.0012716807,0.5623158,0.005056979,0.48456588,-0.008932913,0.32843274,0.40907004,1.3613093,0.40858606,1.3578209,0.11553631,0.42724237,-0.045959473,0.30234638,-0.060361944,0.32104528,0.04902926,0.25777686,0.057991404,0.30188167,0.05244751,0.2507211,0.005376742,0.20529374,-0.023683734,0.20182864,-0.09883478,0.36285084,-0.14752817,0.5522671,-0.03498191,0.22873498,-0.03136927,0.28726056,0.009426253,0.22936381,-0.04156168,0.2528817,-0.0741579,0.3702571,-0.11338996,0.42477494,-0.060223773,0.30225858,-0.007138716,0.21600926,2
-218.44609,13.359282,54.661854,9.856739,10.222953,3.0719764,26.49249,2.4505765,9.48136,2.5505767,-24.837967,2.279527,-15.494567,2.498062,-7.9797606,2.2801225,2.0618167,1.4104834,15.045703,1.669035,37.617977,3.1677148,44.658665,3.9572299,17.626564,2.152505,29.453836,2.346653,-0.79567343,1.5644168,13.927341,2.315729,2.634976,2.5398679,18.33893,3.1835468,8.976786,2.6787786,-0.65584385,1.7412107,0.1325271,2.6138766,-0.09488534,1.9070811,-0.020708542,0.5374766,-0.019863844,0.42397925,-0.013654606,0.44524586,0.02845385,0.45542684,0.03108817,0.42725402,-0.0034038066,0.41785398,-0.008170812,0.21788535,0.005940986,0.26359454,0.020091606,0.62678754,-0.006425168,0.70553076,0.0030595192,0.3950381,0.0049779746,0.37336117,-0.0037783622,0.28588304,-0.053300977,0.41281065,0.03304614,0.3868217,-0.006393572,0.5495695,0.014649149,0.47847757,0.0040000197,0.3095409,0.5223952,1.6826873,0.39442757,1.2705792,0.110798255,0.43281555,-0.058565132,0.25760126,-0.04786131,0.34863463,0.08019376,0.2904693,0.088493936,0.36917433,0.06193301,0.2871593,0.001173223,0.23543538,-0.017246645,0.23815785,-0.11633312,0.40002787,-0.138173,0.54422385,-0.01700631,0.28618392,-0.05861308,0.2924694,0.03132356,0.21043251,-0.061018113,0.2920348,-0.06668838,0.33263534,-0.12072207,0.45883527,-0.09045325,0.3796626,0.0023581046,0.26718792,2
-218.72073,11.817706,54.163063,10.694405,10.001881,4.1481385,27.029354,2.3039958,10.087382,2.704126,-24.046911,2.5103307,-15.116957,2.134191,-8.829014,2.2245173,1.4598285,1.6842318,14.954329,1.7129742,38.472466,3.0068371,44.871258,3.8028672,16.877472,2.228377,30.818678,2.4388685,-0.8328826,1.8428823,12.104142,1.9103264,3.324906,2.6343336,19.113567,3.3827236,8.730899,2.5824594,-1.1070741,1.5974176,-0.18923165,2.2008479,0.01559281,1.9926736,0.10285867,0.75182223,0.095716916,0.43744203,0.07407059,0.44982868,-0.06113593,0.41016716,-0.026801124,0.34181693,-0.048640564,0.41164136,-0.038378336,0.27403462,-0.05348599,0.31673384,0.027228627,0.60188085,0.021150794,0.6216786,-0.02094811,0.39205346,0.025552742,0.39389256,-0.027556749,0.30049124,-0.0032800785,0.29336196,0.0017127917,0.40340537,0.043448355,0.6885168,0.002167144,0.4285794,-0.032431655,0.28057626,0.4613387,1.5926327,0.4383434,1.4296095,0.12907949,0.5677613,0.009231535,0.25101072,-0.063026905,0.36365855,0.06192784,0.36268938,0.052248955,0.2468543,0.06530251,0.2922927,0.0063440907,0.25279507,-0.011640644,0.23225637,-0.10279152,0.35797995,-0.14845587,0.55424863,-0.06281836,0.31850478,-0.07774609,0.3925543,-0.012936205,0.2380148,-0.06160537,0.28932774,-0.083926864,0.39547727,-0.11518072,0.42760205,-0.07539643,0.33966434,0.00064826745,0.22122166,2
-218.35655,11.365915,50.906883,9.066739,9.234861,2.5604684,27.08935,2.7745101,9.915456,2.9890537,-21.751284,1.5847133,-11.535561,2.0601885,-8.520872,2.1986294,-1.0307187,1.9001137,13.675322,1.6704636,39.61605,3.0191202,44.96925,3.5965917,14.245786,1.8737693,30.377556,2.2678597,0.7605096,1.8510604,10.813484,1.8153791,1.5195894,2.1808565,19.614693,3.0333636,7.5744643,2.251304,-0.25080928,1.389588,-0.12104984,2.1120808,-0.005748866,1.7015612,0.068176046,0.45201832,0.040578537,0.52226746,0.019608237,0.5139803,-0.048294786,0.27616057,0.0064372392,0.34775466,-0.0009320369,0.34626278,-0.025508646,0.2985941,-0.014726556,0.25102508,-0.0004025386,0.55170405,0.010251316,0.6379147,-0.026420146,0.29842734,0.01261808,0.38679048,-0.012129125,0.30324343,0.005881563,0.38436684,0.01682459,0.3971343,0.024828771,0.5114254,0.039734483,0.40197474,-0.00042761472,0.23462737,0.45854884,1.5233353,0.34880555,1.1303138,0.04118468,0.30620474,-0.077552214,0.30622625,-0.09641372,0.42255396,-0.005925452,0.19127351,0.030375397,0.23113321,0.061571885,0.3221038,0.014745627,0.23221417,-0.0156804,0.25405762,-0.114034474,0.41753098,-0.13214763,0.46459505,-0.030972969,0.25574484,-0.03215306,0.25816897,0.02781591,0.2678842,-0.034749184,0.21293557,-0.036871694,0.30512798,-0.10287047,0.4211466,-0.0468995,0.2514123,-0.001818347,0.18466619,2
-219.22473,7.358471,55.088326,11.132417,10.83821,5.6913505,27.167225,2.0495338,9.992903,2.2358792,-24.719069,1.641105,-15.457099,2.0492496,-8.621815,1.6458673,1.7895309,1.5956728,15.098665,2.0540051,38.176426,2.668856,44.432014,3.4209895,17.11763,2.4775047,29.779318,1.8067057,-1.6209586,1.5204617,13.4205675,2.0274744,2.77045,2.8252003,18.78622,2.7024176,9.22304,2.5735073,-0.72646654,2.0238912,0.021177247,1.3072011,-0.0055121495,2.0214396,-0.047374204,1.0258679,-0.03024053,0.31074822,-0.015646802,0.3186499,0.01051632,0.2579693,0.0024769562,0.31666481,0.010177909,0.28521857,0.032104563,0.23713605,0.016896337,0.3447342,-0.0022331714,0.5035858,0.014218111,0.7092103,0.042757943,0.35738307,-0.019187253,0.22303635,-0.02525159,0.25826365,0.026648888,0.3360116,0.020832524,0.5215626,-0.004666842,0.46954757,-0.005067671,0.4440229,0.023777716,0.31380054,0.27814168,0.93432236,0.4579281,1.5221914,0.21550085,0.7419894,0.011936008,0.2956258,-0.04214351,0.27723652,0.009628334,0.2625878,0.047636427,0.28130734,0.027961109,0.20756403,-0.01153883,0.2331666,-0.05635197,0.28950793,-0.08926753,0.32795188,-0.1272008,0.4484715,-0.06241516,0.35116807,-0.024311274,0.27834067,-0.016507508,0.21081837,-0.039725572,0.25824606,-0.10009025,0.46578345,-0.09638495,0.40116596,-0.04625605,0.2930416,-0.01880528,0.26598772,2
-219.83981,11.898574,55.663982,9.516845,11.778576,3.6119094,26.169264,2.7673345,8.582726,2.5295997,-25.779257,2.1727734,-15.88127,2.3982966,-7.6580467,2.0502658,2.130228,1.9428952,15.217853,1.941992,38.207203,3.0470665,44.87386,3.382935,16.039667,1.9102634,28.662296,2.0924172,-1.2864652,1.8538893,14.189261,2.0288146,3.1721087,2.4399538,18.920053,3.5832133,9.45385,2.660725,-0.74479854,1.6599852,0.1804495,2.1959372,-0.15907748,1.9190106,-0.12343998,0.70422584,-0.06621847,0.5035435,-0.057708077,0.46505806,0.042370412,0.39350054,0.043001335,0.45932788,0.024951506,0.34435746,0.03398653,0.2822997,0.015983531,0.2669745,0.029238591,0.5819923,0.025850208,0.70087105,0.040291235,0.32448572,-0.011647727,0.27201575,0.06121514,0.36993363,-0.002259394,0.36167306,0.0034207343,0.42290115,-0.04659495,0.64736456,0.016813513,0.5358561,0.034605354,0.28762597,0.46159294,1.6202494,0.36528596,1.1920302,0.118493505,0.509691,-0.06541626,0.34659013,-0.050418496,0.27565032,0.04106264,0.3564388,0.075567156,0.30166182,0.060638804,0.24668522,0.016914137,0.22883895,-0.01672046,0.27597734,-0.10677055,0.3802511,-0.107398,0.3893759,-0.027489131,0.2547228,-0.02101143,0.27971938,0.030758146,0.24014524,-0.05668296,0.29125005,-0.07071112,0.3689939,-0.12228339,0.4909615,-0.08586031,0.35625774,-0.008947911,0.23257035,2
-220.12717,12.276767,55.284885,9.8266115,11.799071,3.4684312,26.555061,2.7465503,8.301104,2.9263556,-25.502583,2.3024633,-15.542145,2.367761,-8.079133,2.438389,1.4692451,1.9153408,15.698689,2.1745,39.031574,3.0564964,44.72202,3.5607882,17.069685,2.3234165,29.030691,2.309693,-1.7016044,1.7709053,13.338758,1.9640595,3.5744405,2.4804938,19.670395,3.3091846,9.173412,2.4051993,-0.53364587,1.8880025,-0.1695477,2.2853775,0.052309565,1.8132375,0.13244933,0.5612867,0.10102109,0.4877777,0.080827996,0.5000842,-0.044268996,0.36098698,-0.017848521,0.4411862,-0.05780045,0.3599517,-0.041992333,0.26139382,-0.060669225,0.3569578,-0.010034964,0.5366412,0.012889319,0.68150383,-0.031963084,0.32794407,-0.009557864,0.3236256,-0.032847025,0.24623711,0.019806437,0.37401158,-0.013772275,0.39943042,0.031606864,0.5807435,0.0043335548,0.38681784,-0.0367985,0.3448199,0.47345287,1.6240385,0.40431097,1.3301834,0.080158465,0.49826458,-0.052627284,0.388007,-0.07794805,0.40342435,0.054259438,0.34474537,0.07302531,0.3056969,0.068787456,0.31310815,0.03606808,0.30821782,0.018534435,0.27920422,-0.08598316,0.37520304,-0.14193209,0.51268697,-0.03463379,0.29987174,-0.059848756,0.305882,0.017383993,0.22036892,-0.049233146,0.22850019,-0.08213329,0.32820675,-0.09851262,0.38295078,-0.0865752,0.37213704,-0.0015970024,0.2768833,2
-219.80031,9.153985,55.217213,10.69779,11.519595,4.6392984,26.678703,1.8444605,9.1919565,2.4049938,-25.34877,1.6839932,-15.514067,1.9468384,-7.686497,1.5534419,1.222368,1.5616508,15.1898155,2.1756666,38.29067,2.8033528,44.310654,3.4495754,17.020824,2.2031448,29.613634,1.8296814,-0.69913185,1.6748039,13.79211,2.0349615,2.7110293,2.5707731,18.696669,3.0774496,9.390209,2.3143516,-0.8854984,1.5540172,0.055362597,1.7081803,-0.08882766,1.9653736,-0.06537831,0.8644011,-0.043836594,0.30106246,-0.038217112,0.43405652,-0.007274557,0.24148233,0.006496303,0.28568244,0.03070365,0.28158224,-0.004633775,0.23928574,0.019961918,0.43602487,-0.007762924,0.46948567,0.008858681,0.5459396,0.06188383,0.35837358,0.007001697,0.2970826,0.036936782,0.28534654,-0.0026341951,0.3071503,0.050388534,0.4312722,-0.0026901318,0.50280905,-0.018264804,0.41168916,0.016631993,0.26804745,0.35207537,1.1709354,0.43612427,1.4518229,0.16448009,0.5809143,-0.010969054,0.23157929,-0.051704545,0.32927147,0.0411422,0.2836334,0.05329998,0.29052204,0.035480104,0.22678733,-0.0077781393,0.21863505,-0.066484906,0.31051433,-0.08959062,0.35536042,-0.13579431,0.50586385,-0.04590763,0.27623448,-0.00771282,0.22450234,0.027779054,0.2339837,-0.0359431,0.25561818,-0.090981655,0.37011054,-0.11757165,0.5007197,-0.07141089,0.3365624,-0.010610054,0.18311952,2
-219.60974,12.106098,55.425293,9.63473,12.563501,3.1837842,26.76282,2.4494245,8.070243,2.5763013,-24.478388,2.2081091,-15.372446,2.2214954,-8.472885,2.1715815,1.2003267,1.5636251,15.151887,1.6924593,38.50572,3.3435369,43.996784,3.4889705,16.635218,1.7909663,29.157913,2.026522,-1.6811618,1.5152553,13.208566,2.1016965,3.243864,2.3954325,18.956097,3.433628,9.053566,2.2768722,-0.7348228,1.676983,0.09284301,2.2554317,-0.037600882,1.881316,-0.02931501,0.64757216,-0.05432528,0.37573773,0.0002950045,0.4263832,0.04681508,0.3471587,-0.016670685,0.45241296,0.031902097,0.4032313,0.026677683,0.23181008,-0.00849148,0.23623975,-0.0024245556,0.5839049,0.013662228,0.6843811,0.0043331916,0.30165523,-0.022546306,0.2943398,0.0039058677,0.27676186,0.028474282,0.40796402,0.008301765,0.4353935,-0.015589678,0.693048,0.012301903,0.39650542,-0.011278626,0.2428854,0.46911526,1.5423024,0.39067554,1.2534035,0.086971514,0.37329003,-0.07031881,0.33289036,-0.092931636,0.4175549,0.027819937,0.2559589,0.054147817,0.26883155,0.06483576,0.29278544,0.023555707,0.21763137,-0.010561325,0.23622103,-0.11892463,0.43483612,-0.12332093,0.4369243,-0.019597244,0.23468007,-0.04415151,0.2763719,0.010859759,0.18294752,-0.053941343,0.28284547,-0.030867357,0.26573437,-0.10046243,0.40829045,-0.057939675,0.29329696,-0.0034803373,0.22171727,2
-220.7794,11.374073,56.14454,10.073211,13.359028,4.504356,26.856535,2.7005265,8.482061,2.5261605,-25.620121,2.2093558,-16.020973,2.055678,-6.9533453,1.9517274,1.1258959,1.457797,14.57115,2.1192167,40.267155,3.5003102,45.926617,3.3386478,14.906012,2.0955348,27.184687,1.912634,-1.265439,1.6659389,13.85909,2.182872,3.082072,2.2628632,19.901066,3.3779988,9.234818,2.4248958,-0.7985987,1.7678852,-0.21473412,2.1251872,-0.009636542,1.8820581,0.14574924,0.73871905,0.09552091,0.41830188,0.060394432,0.3880251,-0.038389605,0.41728297,-0.0028511817,0.34489903,-0.047483865,0.3741309,-0.025238162,0.1905277,-0.042732723,0.3952373,0.03375708,0.6734536,0.032768175,0.5567353,-0.030529503,0.33661667,0.011590643,0.30741227,-0.010321168,0.3003115,-0.0029624095,0.3928499,-0.022869881,0.4486433,0.02723225,0.65493065,0.020735554,0.44386613,-0.037449583,0.25570208,0.4186259,1.4318002,0.3989852,1.2849995,0.14468624,0.573032,0.023795037,0.33275062,-0.013403775,0.33557335,0.05980915,0.29288197,0.04431335,0.25027207,0.04590045,0.27050725,0.0030399617,0.19970791,-0.06694801,0.32946417,-0.12265371,0.4453747,-0.11717898,0.43054795,-0.028237509,0.24753019,-0.032832857,0.242414,-0.012201705,0.2433853,-0.05389755,0.26251784,-0.06331029,0.29797617,-0.13068314,0.48051724,-0.07442243,0.33387834,-0.027726885,0.22916651,2
-221.08458,7.341164,56.630875,9.8369875,14.30536,4.4575143,25.608894,2.7672365,7.1626883,2.3186772,-25.224237,1.5823039,-15.743588,1.6826087,-6.1877165,1.3441448,0.8629799,1.6436608,14.514436,2.0665777,41.038746,3.044631,45.362194,2.9293242,14.511097,2.1012752,27.105705,1.7364486,-0.42158407,1.6256014,14.571448,1.6226127,3.3521767,2.0580595,20.128958,2.8194547,8.353755,2.6515722,-0.87005365,2.2002282,0.052883852,1.3253937,-0.1043021,1.8904734,-0.15991583,0.8593546,-0.11234587,0.4717426,-0.06125953,0.3766568,-0.020592202,0.2726098,0.012463125,0.2589249,0.003977844,0.19640963,0.0069513484,0.23909627,0.017828014,0.3692749,0.0076424745,0.57797647,0.014824097,0.499638,0.036894284,0.3508673,0.038260937,0.28172395,0.03711142,0.27529597,0.026736876,0.25994056,0.005399546,0.39219037,-0.02426975,0.52469146,0.0702288,0.47638857,0.05078992,0.3688543,0.30019182,1.0030113,0.377534,1.2557065,0.15140948,0.5815382,0.013638767,0.4019944,-0.017463597,0.38868397,0.014069158,0.24630739,0.007978943,0.16632272,0.0014806564,0.18378337,0.013680371,0.213193,-0.037237264,0.26494545,-0.09949593,0.35876316,-0.10439042,0.414192,-0.04653942,0.3113075,-0.033887886,0.24594842,0.021368794,0.2299464,-0.023134684,0.21867809,-0.046058502,0.24210216,-0.09253431,0.38564998,-0.08001152,0.35846832,0.0050692065,0.29661527,2
-221.30959,7.1987314,56.149933,9.834736,14.363015,4.244908,26.930748,2.6055057,7.521829,2.559593,-25.300695,1.4491663,-15.552715,1.7052544,-7.0865874,1.8370436,1.0530723,1.43174,14.421722,2.2154145,40.838448,3.219188,45.95683,2.6795082,14.502429,1.9669601,27.518578,1.5428021,-1.662183,1.9417683,13.996502,1.7208784,3.4115083,2.3077898,19.921448,2.8544261,8.992112,2.1843886,-0.79754066,1.8913274,-0.03681814,1.3890382,0.014307287,1.9211564,0.12552606,0.7664604,0.12957191,0.45681402,0.047395617,0.40390155,0.0002721493,0.2122637,0.005240605,0.27183056,7.5989505e-05,0.35671648,-0.028233415,0.25202176,-0.023817463,0.4231449,0.00066438824,0.61179996,0.011349968,0.4644407,-0.023558255,0.2852092,-0.031916097,0.27678546,-0.04299401,0.3000509,-0.032705322,0.24173594,-0.0054938244,0.39708388,0.017687878,0.49194494,-0.018895486,0.40913463,-0.03380602,0.32653144,0.28519183,0.9446207,0.39858067,1.2782404,0.1415125,0.5776783,-0.013869157,0.2717973,-0.0523649,0.3360069,0.03306704,0.20422405,0.02760731,0.20900121,0.041605722,0.25984198,-0.018556572,0.20404236,-0.035013795,0.27924496,-0.11817835,0.4261328,-0.111386605,0.4211372,-0.018903023,0.25117904,0.008415538,0.17595752,0.024056178,0.27336445,-0.022247935,0.18711625,-0.07879457,0.3091896,-0.109120734,0.4284355,-0.07212658,0.30709308,-0.005441541,0.29449275,2
-220.8359,8.171615,55.99017,10.715905,13.112553,5.9770703,27.244661,1.7992735,8.200386,1.9135627,-25.39011,1.575428,-15.631429,1.7726898,-7.0141973,1.7601234,1.3562001,1.2019871,14.266147,2.1735024,39.537945,3.216011,45.085392,3.055888,15.574556,2.2860954,28.53786,1.7324926,-1.1694924,1.7893039,13.772714,1.8931543,3.2171555,2.4248922,19.176363,2.9890716,8.853142,2.1710126,-1.1709381,2.0881872,0.07857353,1.6547028,-0.039801173,2.0341032,-0.034552015,1.1012301,0.013127507,0.2851071,0.02605178,0.275323,0.017184772,0.23562524,-0.005958278,0.32290834,0.0039323587,0.29491708,-0.01123802,0.15753087,-0.009379544,0.4029548,0.011774063,0.6343697,-0.019997986,0.5652449,0.010738171,0.40023914,-0.028568227,0.2931341,-0.0011521835,0.27847403,-0.031550877,0.30483025,-0.022845976,0.44007498,-0.003991303,0.595415,-0.011729978,0.36829305,0.0028953627,0.34595612,0.3116865,1.0106087,0.43111578,1.3999497,0.22873233,0.7510602,0.02779942,0.23019502,-0.019079207,0.26808828,0.030367035,0.22805768,0.04833983,0.23249274,0.051736414,0.25439683,-0.011334616,0.17139497,-0.06749975,0.3103016,-0.1136952,0.40024114,-0.10313351,0.37491763,-0.037762545,0.23759101,-0.022981426,0.20410262,0.013948887,0.24886139,-0.04840187,0.21916671,-0.07898548,0.34578624,-0.109541535,0.38703272,-0.051406357,0.27410263,-0.042951833,0.29312,2
-220.21469,13.699871,55.4079,10.140816,12.961079,3.6788325,26.83535,2.4134789,8.022059,1.9420002,-25.017748,2.5279772,-15.262104,2.2545128,-7.867108,2.082582,0.87422943,1.8280187,14.941567,1.6356033,39.328907,3.471312,44.206192,3.4331198,16.5476,1.9464575,29.18748,2.091946,-1.7420354,1.965193,13.138253,2.1833804,3.9612155,2.6619616,19.4919,3.4661062,8.800032,2.798581,-1.0742979,1.7616113,0.20790194,2.5251002,-0.09049058,1.9440818,-0.09646072,0.710446,-0.0915025,0.45469466,-0.028534174,0.36242607,0.016312698,0.50119185,0.023772152,0.4401143,0.006955464,0.371136,0.03154797,0.28663388,0.02254514,0.2646713,0.004594612,0.62603194,-0.007944071,0.6394335,-0.0011874721,0.29688755,-0.038789455,0.30080143,0.02612066,0.2923822,-0.013336581,0.38547686,0.020053046,0.4982904,-0.015817525,0.6944275,0.0020378185,0.4543977,0.013728244,0.29634327,0.5676743,1.9137881,0.41659796,1.3705789,0.110202655,0.454727,-0.034859736,0.33405453,-0.015728788,0.21824788,0.085051686,0.33227584,0.06541442,0.2657761,0.072718464,0.32958594,0.010679033,0.27226964,-0.025604794,0.21129662,-0.13060676,0.47942275,-0.11995671,0.4252323,-0.02606319,0.23205015,-0.053140074,0.29509827,-0.004126833,0.26067504,-0.05617645,0.28133896,-0.05714434,0.28781793,-0.1276582,0.47214982,-0.0999413,0.3956506,-0.03634826,0.2482849,2
-218.55273,9.206177,51.2027,9.67763,9.34167,2.890324,26.91156,2.5517538,9.825166,2.9392784,-21.521814,1.7046182,-11.637604,1.9176457,-8.1873255,1.6784352,-1.1089292,1.6831137,13.302993,2.0881505,39.598145,3.1570559,44.7162,3.1584752,14.556692,1.8431253,31.083582,2.3522205,1.1812986,1.7581328,11.493164,1.8381528,1.5953456,2.0858004,19.66955,2.9668648,7.708927,2.10587,-0.24114336,1.3953484,0.038198676,1.8277634,-0.074276075,1.8525653,-0.017282823,0.5119412,-0.028242096,0.44525447,-0.015738942,0.47694415,-0.0037432946,0.27864152,-0.025771705,0.30018398,-0.022304198,0.25994763,0.024950206,0.26161093,0.015608763,0.37339228,0.007868973,0.5737051,-0.024900546,0.5648791,0.01446463,0.30443034,0.018639911,0.28606728,0.04240259,0.2634921,-0.0025545817,0.23863515,0.006167848,0.3743079,0.02249205,0.5639663,0.006346334,0.3165751,-0.008071778,0.21670866,0.34888154,1.1193672,0.39977762,1.3100278,0.10718585,0.41041082,-0.08543711,0.36322913,-0.10295845,0.4300355,-0.0073867375,0.26523852,0.03432582,0.21279375,0.017872855,0.17503099,-0.0014354932,0.213895,-0.025412405,0.24237677,-0.09558717,0.35593393,-0.110235095,0.4107623,-0.021268459,0.22829768,-0.030718751,0.26602194,0.017434807,0.2317486,-0.020560212,0.20062989,-0.047910076,0.26148024,-0.09358977,0.37699315,-0.050105065,0.28581905,0.013109825,0.18147498,2
-218.53954,13.794133,54.387135,10.310396,10.844773,3.5712767,27.017496,1.9626025,9.687391,2.5504358,-24.411951,2.6006415,-15.312067,1.9559432,-8.951342,2.3490078,0.76303244,1.7297261,15.236799,1.4420303,38.715054,3.5773664,43.99665,3.9151812,17.078768,1.7699203,29.795824,2.3464894,-1.4057795,1.5888976,12.333233,2.0501685,2.7934408,2.6961703,19.184612,3.5291352,8.958779,2.7064974,-0.68367994,1.516406,-0.16367464,2.5783432,-0.0081983125,1.9448085,0.0957722,0.61020184,0.032467157,0.3773038,0.04388903,0.45392925,-0.057390697,0.43972862,-0.0057693482,0.34353885,-0.050319567,0.4460289,-0.03585957,0.30881512,-0.03474763,0.27370086,-0.0026498942,0.7366928,-0.00449667,0.7422393,-0.003742251,0.30304947,0.038682315,0.32726258,-0.026285648,0.28189912,-0.004932341,0.37153146,0.01954319,0.43979368,0.030539183,0.58325976,0.02251876,0.46527845,0.0072124884,0.23164444,0.5547389,1.8521092,0.40382785,1.3052673,0.079608515,0.4629199,-0.04369447,0.2498949,-0.054689314,0.3243455,0.06790071,0.31341338,0.04524999,0.23095493,0.060819536,0.27743542,0.030197296,0.23159634,-0.005265422,0.17260472,-0.11880735,0.42137095,-0.124881454,0.45440015,-0.025342863,0.23790945,-0.071293,0.3448952,0.012116549,0.20678878,-0.06104994,0.2509757,-0.0617139,0.32041276,-0.11807188,0.46008965,-0.08667466,0.34217778,0.010794803,0.22582355,2
-218.0673,11.857991,54.719227,10.139669,10.722493,3.2472987,26.536695,2.2106135,9.259781,2.1996994,-24.306055,2.0163546,-14.961044,1.8708467,-8.883458,2.0314627,1.1539673,1.5153811,15.541639,1.8511149,37.837116,3.3924215,43.84792,3.6572468,16.809175,1.5916885,29.821074,2.0799747,-1.553585,1.6681882,11.668448,1.823697,3.3061152,2.4957085,18.801931,2.9518971,8.074384,2.2939541,-0.6673348,1.7542545,0.10433942,2.2182086,-0.098263465,1.9551084,-0.08947287,0.6485235,-0.03975598,0.3840857,-0.009817023,0.30294722,0.009817975,0.2926895,0.009228519,0.3693279,-0.0016140718,0.36436012,0.010205502,0.23478252,0.023194041,0.31685683,0.010131352,0.6163552,0.015644463,0.6852812,0.015208336,0.23763421,-0.009940989,0.28977948,0.013403258,0.22681932,-0.017184557,0.34774488,-0.0049546207,0.36372793,-0.013388545,0.5085428,0.025769858,0.4639003,0.010374295,0.32687977,0.49329874,1.6113391,0.408158,1.3451593,0.08092983,0.3376268,-0.06291578,0.33145517,-0.047097594,0.3285829,0.059310384,0.33516017,0.044025075,0.1987071,0.044315927,0.23741,0.0076874346,0.18836379,-0.034721162,0.24610427,-0.11988626,0.4457518,-0.123745084,0.43735075,-0.034357913,0.22078699,-0.06599155,0.3176345,0.0440663,0.26017025,-0.045242485,0.21737336,-0.05812927,0.37207723,-0.09377882,0.35734156,-0.077628896,0.30120578,0.0020074467,0.2841615,2
-219.0847,10.967215,54.0862,8.917666,10.897364,2.1319182,26.872728,2.6638696,9.167991,2.8186033,-24.866623,1.9397331,-15.384086,1.641331,-8.807877,1.9362227,0.8778461,1.6143665,15.262412,1.5906268,38.489468,2.9727325,44.160683,3.0066893,17.406818,1.9144189,29.85663,1.9904639,-1.5279337,2.0251694,12.520549,1.6542633,2.6880112,2.3004682,19.32358,3.1174212,9.134206,2.49128,-0.49526954,1.7425913,-0.09116836,2.0590594,-0.06921965,1.7553085,0.0051635266,0.39831817,0.0047439206,0.51081216,-0.0032649518,0.5318336,-0.027839186,0.26288357,-0.016288752,0.29508206,-0.018882642,0.36996126,-0.021194886,0.31960213,-0.022725794,0.25379118,0.025177743,0.50221634,0.01696635,0.57575524,0.0366773,0.34037545,0.03797603,0.33976293,-0.002357824,0.33541915,0.019651175,0.29141748,0.03928552,0.35115156,0.014705783,0.5985912,-0.0019823734,0.4202544,-0.010218609,0.31656867,0.43885303,1.4607348,0.3624101,1.1937872,0.056054175,0.26689082,-0.075640075,0.3033375,-0.08460333,0.3488366,0.021125387,0.24093696,0.036670797,0.22426903,0.05152677,0.26623148,0.0005383547,0.2225775,-0.021328723,0.23653811,-0.105028726,0.41794246,-0.098500825,0.37852246,-0.026187548,0.29497096,-0.0598847,0.33469722,0.039473437,0.24158427,-0.03360915,0.23013806,-0.04625991,0.3757096,-0.1088929,0.41969344,-0.08202022,0.38303745,0.016133532,0.23739056,2
-219.24565,10.861745,54.107315,8.699528,10.43922,2.5921488,26.719784,2.5382767,9.413511,3.0757072,-25.018627,1.812864,-15.12954,1.8317255,-8.947515,2.0317872,0.8490694,1.5479953,15.243216,1.5283365,38.355175,2.8433506,43.774128,3.2594225,17.281433,1.5002769,30.278143,1.9738543,-1.0189447,1.8284131,12.443506,2.0706975,2.828011,2.4887743,18.9668,2.9472034,9.105205,2.5207045,-0.5978832,1.4566525,0.07564116,2.077936,-0.013181716,1.6081845,0.021538572,0.4053123,0.023491545,0.4922534,0.050033323,0.5664164,0.01993442,0.25349614,0.023740377,0.27599704,0.029291792,0.3448214,0.013615404,0.22225638,0.0018920586,0.26315367,-0.02563529,0.51824147,0.030020032,0.5482258,-0.0061258846,0.23515199,-0.04226075,0.30825874,-0.015451581,0.32323384,-0.018680004,0.37991658,0.025482018,0.40556708,-0.034538083,0.5572936,-0.04253416,0.4224321,-0.019482313,0.23063722,0.4352361,1.4355047,0.3478299,1.1475719,0.077456035,0.31717795,-0.094753616,0.3537492,-0.09947379,0.39952186,0.021767648,0.274988,0.03259341,0.2277448,0.06096,0.27344066,0.028448569,0.21081486,-0.019422457,0.18747473,-0.09379083,0.35301274,-0.13304709,0.5084432,-0.018504258,0.19151032,-0.026059726,0.25105014,0.039026592,0.20990351,-0.025866076,0.27131948,-0.05722604,0.35224614,-0.08911726,0.34719023,-0.06767598,0.36010686,0.01854917,0.1762747,2
-218.09601,14.765551,54.462654,9.560591,10.604376,2.491912,26.949661,2.9558673,9.834177,2.4337223,-24.54701,2.7373707,-14.957247,2.298252,-8.677848,2.6197715,1.2530344,1.6767236,15.079332,1.522849,37.72587,3.215025,43.89356,3.617546,17.53217,1.8395364,29.64352,2.563119,-1.6311619,1.8799148,12.083008,1.9279888,2.9409282,2.5345156,18.736568,3.6355405,8.162714,2.1816485,-0.7170316,1.5854732,0.09897444,2.8569195,-0.048701506,1.8492731,0.01712254,0.4682324,-0.025169797,0.51043624,-0.0033631765,0.37721807,0.0126229655,0.53999615,0.029410934,0.4220813,-0.006372393,0.480601,0.011751304,0.26166824,0.025767691,0.23979914,-0.01305743,0.5817133,-0.027443849,0.6643128,0.008855093,0.29251868,-0.042296123,0.42230755,0.0019204066,0.28578722,-0.037709575,0.33613977,-0.015035838,0.45377246,-0.042524308,0.6674424,-0.006783438,0.3915077,0.014474802,0.2672683,0.5897245,1.9044218,0.37008408,1.2167658,0.054372415,0.34614047,-0.10300891,0.4337723,-0.06647689,0.2956263,0.08077962,0.35963565,0.056589957,0.25874323,0.08082426,0.30955556,0.023590187,0.18786691,-0.01978357,0.21596439,-0.10737511,0.43186536,-0.13883273,0.5450266,-0.032466505,0.26429427,-0.07317464,0.39519233,0.038956106,0.27496547,-0.059796393,0.27206144,-0.07051438,0.33026227,-0.12754717,0.4754146,-0.0663452,0.30398434,-0.0013762327,0.2161759,2
-217.78578,16.29134,54.207603,9.183754,10.882988,2.035858,26.945118,2.8996108,9.743519,2.6295097,-24.624733,2.914457,-15.207026,2.4895158,-8.454336,2.7066,0.9819795,1.89469,15.147714,1.5784277,38.153606,3.3843398,44.218597,3.6757486,17.56417,1.9268113,29.478472,2.3575628,-1.7192327,1.6024477,12.29289,2.5275893,3.028836,2.55783,18.95521,3.6576188,9.050683,2.54161,-0.65638244,1.6011876,0.0040909695,3.176098,-0.044495523,1.7364601,0.01664452,0.34093362,-0.024853185,0.53845835,0.02655538,0.5232173,-0.023113962,0.5147557,-0.01829413,0.4563264,-0.0003380922,0.49609277,0.0038800165,0.29859117,-0.020417945,0.27935445,0.011522623,0.63805664,-0.016620342,0.70609134,0.023567297,0.3053488,-0.01231308,0.39915133,-0.007371516,0.28508887,0.0012683464,0.40541768,0.003993537,0.42841023,0.0030866037,0.7098863,0.0062632267,0.46207517,0.007193889,0.2564258,0.66660327,2.1339269,0.3704874,1.2022924,0.015872018,0.23764649,-0.10640825,0.39824387,-0.07392203,0.3359583,0.10647441,0.4152997,0.0756885,0.29327723,0.100808285,0.36668783,0.054449264,0.277486,0.009393822,0.20404962,-0.097425885,0.38345912,-0.13566537,0.4696767,-0.030194437,0.24462716,-0.082347006,0.3394459,0.029176999,0.20587663,-0.06603293,0.33092502,-0.086892955,0.35849604,-0.1336417,0.4898448,-0.08350152,0.33594784,0.01539658,0.21338335,2
-218.35626,14.573569,55.167603,9.744964,11.648236,2.542805,26.655453,2.6736686,8.973452,2.3914926,-25.12168,2.759915,-15.176392,2.1483967,-7.8440323,2.5593705,1.5693469,1.7988623,15.506348,1.6228137,37.686787,3.1348608,43.886906,3.7073965,17.178627,1.7377312,29.017902,2.1204128,-2.0816243,1.6853566,12.771952,2.1841228,3.2879972,2.3918164,18.66002,3.612271,8.222255,2.408639,-1.1297215,1.7539296,-0.112550735,2.7363677,-0.013083267,1.8944942,0.08041146,0.4378556,0.04385756,0.47124803,-0.002322626,0.41507632,-0.057619695,0.50320226,0.0019514341,0.41721234,-0.0463399,0.48522675,-0.027744465,0.28323114,-0.035394114,0.25192398,0.036385044,0.58281505,-0.015243625,0.71717775,0.011156992,0.30347016,0.029318754,0.34848154,0.012545841,0.30303228,0.031009266,0.39042053,0.008986143,0.43255812,0.010357974,0.7104081,0.035753448,0.41336367,0.0021495465,0.29215536,0.5821199,1.888389,0.38212568,1.2223613,0.061750192,0.34408987,-0.06989727,0.3165491,-0.0688769,0.3573163,0.08073477,0.31351343,0.06898659,0.27352446,0.09176089,0.36720043,0.03829854,0.23461811,-0.020102225,0.20112021,-0.11876348,0.438001,-0.1394788,0.48768008,-0.019804459,0.23136309,-0.07678488,0.31886446,0.01862136,0.19275701,-0.0561334,0.2557661,-0.06231641,0.2915292,-0.1498612,0.5235355,-0.0945285,0.40422347,0.009223147,0.26413095,2
-219.252,14.277536,54.75135,9.403453,12.063415,2.2321796,26.980288,3.0470674,8.900929,2.7103374,-25.233158,2.2266107,-15.430578,2.0273633,-8.497741,2.2110538,0.6859813,1.9317187,15.565523,1.3937906,38.685356,3.2007377,43.77871,3.3942869,17.364319,1.8612285,29.08596,1.9424233,-1.8647213,2.0731664,12.480628,1.9288095,3.1674926,2.5257103,19.454721,3.6224878,9.403186,2.4391508,-0.64960927,1.6542975,0.012095173,2.755042,-0.10932001,1.8376045,-0.002214936,0.3319816,-0.052522562,0.54735386,-0.024772938,0.44271886,0.0001947513,0.3871238,0.02061776,0.34058964,0.02965665,0.39941472,0.024099967,0.301272,0.032068513,0.17858961,0.024096671,0.63698965,0.03149953,0.6646274,0.029161952,0.267393,-0.0028819267,0.31861013,0.050017536,0.33734366,0.0103011625,0.30393124,0.002275588,0.40141445,-0.020144925,0.74276584,-0.009452082,0.47383144,-0.018725598,0.28002483,0.57731295,1.8700854,0.37916797,1.2625015,0.051164854,0.32270944,-0.1136748,0.47894585,-0.08313769,0.40146092,0.078706495,0.30254203,0.05549237,0.2531545,0.06900704,0.27518335,0.041185595,0.24280521,-0.022692295,0.15139888,-0.10795827,0.41568348,-0.11867558,0.4624809,-0.040582005,0.24895306,-0.058766227,0.26958925,0.052054785,0.2564732,-0.034534812,0.23628162,-0.07576737,0.37186497,-0.122946486,0.42230713,-0.06616834,0.2864901,0.0048902724,0.20146775,2
-219.28859,13.989338,54.330956,9.013762,11.430677,2.239114,26.060938,2.9944794,8.344997,2.943062,-25.251825,2.3274043,-15.45983,2.1708848,-8.222457,2.5099635,1.0185832,1.7444607,15.17569,1.4951686,38.767757,2.834982,43.44098,3.0482132,17.409412,1.8189377,29.430231,1.9182119,-1.5264186,2.1322665,13.0015,1.9742314,3.2112448,2.4530199,19.337273,3.4857109,9.213425,2.4085743,-0.9650991,1.74012,-0.123645574,2.7105007,-0.008555456,1.8035703,0.0671749,0.44725809,0.018668432,0.53932035,0.0406876,0.48215932,-0.03651981,0.43616542,0.00084201375,0.36656994,-0.020372784,0.51863885,-0.00771391,0.30784374,-0.044720236,0.22422679,0.018952355,0.5863888,-0.023366822,0.52682996,0.013127985,0.3168944,0.02555907,0.3191555,-0.01308093,0.3033125,-0.011542786,0.34711337,0.014601836,0.43072498,0.0044220923,0.6268605,0.005595541,0.45616934,-0.035497263,0.3170862,0.57433987,1.8450087,0.37937808,1.2232473,0.02537325,0.31217697,-0.0897629,0.36828145,-0.08143011,0.37078094,0.07140762,0.31327054,0.08367044,0.33396992,0.070556164,0.3020518,0.018037274,0.2314229,-0.0044507347,0.1764522,-0.09981501,0.35456905,-0.124046974,0.4614479,-0.04024005,0.24709532,-0.056310236,0.27594852,0.06311191,0.306134,-0.039718788,0.21622987,-0.068892755,0.35897872,-0.1391539,0.50608516,-0.072535336,0.27591246,0.016108826,0.25063652,2
-220.88235,10.340648,54.936935,10.599466,12.880465,3.7151368,27.066557,2.2363038,8.162793,2.5326931,-25.501394,1.8945831,-15.233017,1.970417,-7.7781844,2.10541,0.732996,1.6548022,15.272692,1.9016002,39.23703,3.1698918,44.11753,3.26719,17.38969,2.0760608,29.261482,1.6972991,-2.3971372,1.7602855,12.414305,1.8050932,3.691664,2.7338767,19.486572,3.159824,8.695282,2.2994227,-1.2705125,1.7939789,-0.12537096,1.888907,0.008979563,2.0530632,0.0845373,0.6448722,0.062766984,0.39253753,0.037109245,0.3729106,-0.03860448,0.34933063,0.014318303,0.32240298,-0.012323236,0.3384435,0.0033536127,0.22764026,-0.03298003,0.30539402,0.017750256,0.59384817,0.007596067,0.6346606,0.0016349646,0.33796754,0.009578614,0.251993,-0.021938026,0.25781444,-0.015498833,0.34872788,-0.0219825,0.430379,0.038967427,0.50610584,0.008651007,0.33770236,-0.0665195,0.3348733,0.4157309,1.4277395,0.43037155,1.3906757,0.11324968,0.47986042,-0.031390686,0.2691397,-0.047430873,0.27783552,0.032021143,0.2747868,0.04112612,0.26041552,0.05667553,0.28420603,-0.00811008,0.23760952,-0.039853375,0.27621534,-0.10972268,0.3961766,-0.123679765,0.45414725,-0.03373968,0.27249578,-0.027717534,0.2034852,0.024041861,0.2577993,-0.031424634,0.19557491,-0.07004732,0.32652998,-0.10330365,0.42169768,-0.069763936,0.32998964,-0.0014808847,0.23142393,2
-218.86179,10.104228,50.778385,9.090873,9.290643,2.1405537,26.785574,3.117017,9.846129,3.3046293,-21.367052,1.6461884,-12.221945,1.7528509,-8.808299,2.0087879,-1.0126132,1.7647179,13.985278,1.636249,40.19436,3.1050289,44.6474,3.059956,14.424938,1.6395143,31.580063,1.7870479,1.3120066,1.6788536,10.618342,1.7144909,1.5779616,1.8358833,20.555002,2.8970525,7.716667,2.1276164,-0.15219606,1.5374974,0.030294653,1.8738871,-0.05832653,1.7790818,-0.019439064,0.41169637,-0.0048440713,0.5503178,0.02389646,0.5235497,-0.011326053,0.22821634,-0.0010216052,0.33386177,0.012141419,0.34629682,0.021451114,0.28745577,0.004974525,0.23110583,0.0038925684,0.5461078,0.00965472,0.477715,-0.007752791,0.26223466,-0.0043910732,0.207691,0.01429821,0.25125122,-0.0031782682,0.2545362,0.030570831,0.35484266,-0.025446495,0.5123613,-0.00094085105,0.38308036,-0.003536869,0.25858155,0.41361547,1.3652815,0.3671983,1.2177206,0.06792416,0.31387687,-0.10557665,0.39926988,-0.10488667,0.426637,0.005071066,0.24062404,0.03693853,0.2187757,0.055689983,0.25459883,0.011790908,0.23538855,-0.035728537,0.24769199,-0.10457804,0.4036868,-0.11519206,0.44116387,-0.005067617,0.20223993,-0.035855424,0.2396211,0.026235797,0.2136967,-0.021449642,0.23891214,-0.04396267,0.28044045,-0.083246365,0.35792133,-0.07265858,0.32141197,-0.017093385,0.23896104,2
-220.29399,12.410838,55.3167,10.209181,12.755386,3.889798,27.043623,2.4356482,8.323081,2.3434823,-25.96029,2.2335603,-16.124998,2.2126598,-6.4548745,2.298111,1.3721713,1.7568219,14.250824,1.9887238,39.626534,3.2480457,45.579678,3.6618211,16.520494,2.2959678,27.816652,2.086874,-2.1215143,1.6411464,13.91531,2.4770226,3.94559,2.5258505,19.412302,3.2940226,8.640814,2.4468184,-0.8535,1.5429559,0.2125505,2.3952584,-0.0668219,2.0019717,-0.08153532,0.70100904,-0.0755719,0.40963587,-0.026813569,0.33970642,0.037284464,0.35172114,0.042517472,0.4706233,0.0187206,0.35039338,0.031077102,0.30133682,0.040416162,0.37800893,-0.009625215,0.6385708,-0.019562883,0.7231884,-0.015853005,0.353811,-0.057424013,0.3286608,0.0245082,0.25771153,-0.013473944,0.46870804,0.021009533,0.4397219,-0.045494698,0.6705591,0.008069875,0.48345628,0.043630842,0.29513732,0.4775639,1.6806796,0.40927744,1.3318589,0.11678774,0.49417782,-0.059794147,0.31609207,-0.04547637,0.26036048,0.027581109,0.3729684,0.040810335,0.25371236,0.08686002,0.3797994,0.038832143,0.25711408,-0.057370704,0.27661932,-0.13117523,0.4514532,-0.14178532,0.49265182,-0.028774079,0.28308427,-0.03545967,0.27149224,0.00034230924,0.22853316,-0.07473284,0.33561164,-0.06530682,0.30270472,-0.11094157,0.4273277,-0.059266727,0.2830006,-0.011975516,0.19864497,2
-220.87193,12.754968,55.980553,10.207766,13.889307,3.2552507,27.067484,2.2044396,7.6844735,1.9785084,-25.775322,2.6202416,-15.693718,2.3370614,-6.315741,2.007062,1.1251557,1.6079019,14.607775,1.9712005,40.08475,3.1987724,45.171486,3.7586327,15.095263,1.9525859,27.397047,1.9728647,-2.2413912,1.6153034,13.477471,2.2185504,3.8400464,2.274444,19.561584,3.350406,8.125132,2.4052029,-1.0768468,1.7559212,-0.20569353,2.4565625,-0.005386734,1.905958,0.109703094,0.5970945,0.07751565,0.40164337,0.05870899,0.35712156,-0.05231525,0.51275456,-0.043255005,0.4326326,-0.033840258,0.37562716,-0.012262318,0.2602108,-0.03285847,0.31280705,0.026500642,0.59813017,0.037589844,0.75608265,0.0003638561,0.3867126,0.026364798,0.3202421,-0.015796315,0.28474686,0.014221165,0.40562484,0.026464121,0.42897493,0.0062997304,0.6958424,0.018968139,0.471636,-0.021977734,0.3024518,0.5041128,1.6863092,0.4319151,1.4143832,0.08521776,0.4275569,-0.026934844,0.28064364,-0.015610438,0.21516114,0.090916075,0.35421267,0.070669234,0.2911146,0.05513738,0.24373789,0.003064746,0.24436353,-0.025805607,0.25269645,-0.10588315,0.38712677,-0.14737281,0.5121931,-0.03499736,0.23073979,-0.040488373,0.28641516,-0.0063404064,0.22330451,-0.070335954,0.32172206,-0.072708145,0.3079321,-0.13306947,0.4580473,-0.078660965,0.31655127,-0.010619694,0.2231901,2
-221.74002,9.565042,55.83476,9.307993,14.1126375,3.5774572,26.71501,3.1291997,7.183246,2.5895646,-26.07038,1.6517968,-15.762207,1.8432107,-6.3731513,1.6049842,0.9217494,1.3419427,14.367812,1.8672193,40.873352,3.0511527,46.32652,3.2415361,14.77683,2.1295464,27.339836,1.7403071,-1.899358,2.0875666,14.041701,1.7220484,4.2295666,2.0395327,20.154799,3.1193717,8.667763,2.142096,-0.93537897,1.6060883,0.060655214,1.7302189,-0.145685,1.7377996,-0.13214578,0.64400685,-0.11374821,0.5161115,-0.072801016,0.4605916,-0.021092055,0.2521473,0.013114827,0.2516449,0.021618994,0.25778785,0.024990948,0.24709879,0.052305255,0.32784477,0.039931178,0.64718467,-0.01157038,0.62909347,0.06684942,0.32860202,0.02753408,0.24173057,0.061838634,0.3618372,0.003866525,0.28748623,0.017056642,0.35423344,0.02842171,0.57904685,0.025734326,0.35351416,0.02478309,0.2933117,0.3698169,1.2297328,0.36670074,1.2504028,0.09787922,0.49714705,-0.081158176,0.44700736,-0.06899569,0.3243211,0.038203202,0.22025089,0.04519336,0.2670044,0.04709756,0.22742335,0.016870385,0.175129,-0.0070638014,0.2263892,-0.1087317,0.39722744,-0.10388856,0.3921231,-0.004084921,0.26601952,-0.005201318,0.19979458,0.041492667,0.29485297,-0.01793772,0.22987008,-0.059270058,0.27697992,-0.10867098,0.4057235,-0.043587465,0.29845485,0.0039174207,0.2078486,2
-220.28674,14.261532,56.153484,7.975758,13.339029,2.0542665,26.172483,3.669416,6.881967,3.094203,-25.88217,2.51088,-14.993226,2.4837742,-5.9966736,1.9766002,0.8999882,1.8262819,15.061008,1.6665845,40.94726,3.310614,46.158157,3.5051131,14.363748,2.0561006,27.338123,2.2085068,-1.0348603,1.7762859,13.923964,1.9824569,3.7478867,2.0169847,20.222633,3.403051,8.770857,2.226606,-1.4287921,1.8038524,0.1738651,2.731845,-0.02204229,1.5422673,0.045026626,0.35477036,0.020675227,0.64586836,0.05588639,0.48962843,0.03962235,0.43828434,0.047836877,0.4356418,0.039959833,0.36276415,0.031736318,0.34932235,-0.0024998202,0.21816336,0.022519346,0.68167925,-0.03306678,0.7156298,-0.041330595,0.39812824,-0.05765364,0.38387722,-0.009256161,0.2681178,-0.04663531,0.36445323,-0.022200309,0.37639847,-0.04290078,0.67522645,0.0071374965,0.41038132,-0.030334918,0.3176235,0.57921624,1.9257249,0.32362518,1.0662228,0.008091323,0.2454879,-0.12860665,0.49677816,-0.09626799,0.44484925,0.07085373,0.3261139,0.08007773,0.34672678,0.049377322,0.2577645,0.03476713,0.24581385,0.012643764,0.22052453,-0.12390064,0.4148823,-0.13598937,0.47226983,-0.009312754,0.29984057,-0.03200578,0.32032722,0.022991855,0.21232253,-0.04972315,0.25046527,-0.0498182,0.27595392,-0.12569176,0.4563659,-0.059575725,0.31379378,0.025317166,0.24609508,2
-220.63033,15.8583,55.960976,8.942196,13.484621,2.6004918,26.22334,2.7409692,6.8562584,2.3845737,-25.942,3.2870686,-15.284786,2.6628144,-6.5768156,2.281929,0.6584642,1.9092426,14.6265335,1.6245977,40.690437,3.5777724,45.496445,3.697852,14.486264,2.1502154,27.548378,2.0832875,-1.6754425,1.5112604,13.411988,2.2516646,4.002206,2.5184987,20.198145,3.846836,8.645401,2.4905472,-0.603745,1.5019078,-0.096780926,3.0850792,-0.005539586,1.7879729,0.058020983,0.4830974,-0.0033826681,0.47286692,0.012200847,0.42151245,-0.05586874,0.62566197,-0.015001477,0.5054666,-0.031074667,0.36605835,-0.038480345,0.2968505,-0.039028417,0.2700296,-0.011099596,0.6842451,-0.004672483,0.74406755,0.005907193,0.41896692,0.023648549,0.37912712,0.015303819,0.24369103,-0.0008775656,0.4338198,0.0329454,0.497437,0.013884618,0.7435544,0.02665731,0.45266575,-0.01252539,0.24003527,0.64475054,2.0808704,0.35851642,1.147133,0.03563405,0.36746973,-0.09279814,0.40743607,-0.063062906,0.3122746,0.12652835,0.4665516,0.08933706,0.3356635,0.075413354,0.3128868,0.031220274,0.24766925,0.005777341,0.21096024,-0.117487326,0.4233435,-0.13987823,0.4665605,-0.029433632,0.29481176,-0.064977795,0.28240713,0.021413792,0.19756602,-0.06479461,0.273171,-0.07275307,0.3420837,-0.14888942,0.5313527,-0.08917559,0.34576818,0.0033794506,0.18568403,2
-220.73682,12.915095,56.412384,9.734687,14.33823,2.5560129,26.282204,2.6137726,7.0269485,2.271554,-25.821323,2.2991648,-14.955791,2.1954477,-5.9262075,1.9848335,0.5735754,1.5472584,14.33176,1.5824224,41.47843,3.5889156,46.052185,3.5919514,14.320614,1.7069573,27.079142,1.7266662,-1.214277,1.6020049,13.430096,1.9944305,3.6067894,2.4986882,20.313465,3.6288464,8.644661,2.20395,-1.3438963,1.5070617,-0.09060822,2.4993062,-0.06735052,1.8098674,0.034366384,0.513111,-0.014598443,0.38200235,0.0012379922,0.4299446,-0.046582237,0.43798205,-0.004115328,0.437039,0.0002509594,0.3360646,0.011160158,0.23537081,-0.015729459,0.23079059,0.02817834,0.5930597,0.007699607,0.61969304,0.015387208,0.2804215,0.015146886,0.25791362,0.019676374,0.23584421,0.009184625,0.38055193,0.03189363,0.49418655,0.020429883,0.7101205,-0.0060878606,0.38677555,-0.0023635456,0.22372845,0.53197324,1.7225587,0.3827192,1.252098,0.054359265,0.31000146,-0.09159373,0.3853788,-0.07234042,0.31689942,0.07868463,0.30376878,0.06658297,0.2977123,0.042034082,0.2589919,0.0066254884,0.16351147,-0.013345031,0.20453176,-0.13074112,0.48164606,-0.13110155,0.46043217,-0.04330311,0.25626674,-0.03706282,0.21993686,0.04337578,0.24910112,-0.058738306,0.24787399,-0.07556452,0.2949347,-0.12305081,0.44276366,-0.060590625,0.2977237,0.01356731,0.20203051,2
-220.91512,14.127225,55.735443,9.291998,13.618496,2.312694,25.652725,2.9831586,6.014385,2.4135554,-25.827404,2.5822525,-14.869854,2.4155216,-5.6853967,1.96492,0.80467385,1.6918703,14.109069,1.5761728,41.7721,3.5441837,46.5975,3.8925667,14.3494425,1.849761,27.332624,1.9368601,-1.0423591,1.712825,13.653204,2.0966566,4.209915,2.7401369,20.148441,3.8139243,9.020168,2.3985443,-0.08563196,1.4949582,0.1511989,2.7399502,-0.058857728,1.738045,0.008125576,0.36654326,-0.015224163,0.5296058,0.024893222,0.38589653,0.036543485,0.44711906,0.031950828,0.43329182,0.019216856,0.3397275,0.045016978,0.29243714,0.00047934148,0.25332677,0.02608063,0.62249535,-0.009681584,0.7058285,0.0032374125,0.2506416,-0.035541464,0.3049299,0.00024928496,0.28432634,-0.03281052,0.31349248,0.002974987,0.48016506,-0.004510388,0.7497122,0.0026198241,0.42445672,-0.00085521524,0.23980509,0.5502734,1.799386,0.3618052,1.1955818,0.03033066,0.33389297,-0.11033483,0.4472052,-0.061170183,0.3322531,0.086297646,0.35986528,0.07259175,0.3181212,0.033256177,0.20172548,0.009645568,0.18493128,-0.007990555,0.18046369,-0.13581483,0.5190802,-0.14463516,0.5165454,-0.021807492,0.2193369,-0.04071494,0.22888833,0.037353992,0.24696213,-0.060713693,0.29276922,-0.08767388,0.37353793,-0.13542958,0.50344455,-0.067935415,0.2715979,0.033769518,0.23338597,2
-220.17212,14.88163,55.855392,7.8473864,14.167713,1.9567071,25.710926,3.3715506,5.9479814,2.5712447,-25.298967,2.8267684,-14.866941,2.4717958,-5.546303,2.323968,0.82793856,2.1704066,13.9175,1.6716772,42.062115,3.1226954,46.629898,3.510108,13.966542,1.6690446,26.67728,1.6961095,-1.6008934,2.155724,13.609382,2.1384485,4.4703918,2.503215,20.200052,3.6991942,8.52305,2.3088918,-0.20904511,1.8857943,-0.14009264,2.850008,-0.1189742,1.4533209,0.00810626,0.2881987,-0.031284288,0.58503824,-0.010097104,0.4682092,-0.05589682,0.50731045,-0.010477114,0.44704175,-0.029012362,0.43222138,0.015006799,0.37549585,0.020868639,0.25546557,0.048381988,0.59474576,0.030610481,0.58345634,0.012121468,0.21671438,0.035800345,0.30284148,0.045095485,0.3935184,0.01756524,0.36529526,0.030713025,0.41503027,0.025675729,0.6828045,0.025622375,0.45674783,-0.017891392,0.35080492,0.59056747,1.8910496,0.30362713,1.0420704,-0.03477855,0.2679411,-0.123806305,0.46484408,-0.08854304,0.38114512,0.08453349,0.35335347,0.075535126,0.32623145,0.068165354,0.2908675,0.07064844,0.30747184,0.019789567,0.21042378,-0.097502604,0.38938943,-0.13556099,0.50883484,-0.0121859,0.23027043,-0.020271674,0.16837138,0.06574035,0.3143728,-0.05282317,0.29923797,-0.058491524,0.290818,-0.12997991,0.48279515,-0.059368964,0.26399928,0.019233325,0.27034906,2
-220.20174,14.543261,56.16931,7.7860813,13.349538,2.1845217,25.750387,3.6783476,6.4377165,2.8223386,-25.875109,2.3831003,-14.967103,2.5031662,-5.315891,2.089934,0.81004417,2.0677516,13.731135,1.9598678,41.860477,3.1100788,46.45515,3.3509507,13.9356785,1.7146723,26.400217,1.8721005,-1.4143863,2.112153,13.936157,2.062145,3.820301,2.1979454,19.934273,3.3943741,8.344936,2.5222757,-0.12166324,1.8499613,0.083934434,2.7394838,0.022005623,1.5439477,0.07766174,0.3830531,0.0141521385,0.65264094,0.05206183,0.5017248,0.00867048,0.42236853,0.022362255,0.48276255,0.0073277582,0.3743632,0.0039570974,0.33585295,-0.035834942,0.35439193,-0.033336908,0.55909747,-0.034606025,0.62732136,-0.045705713,0.2930486,-0.03677548,0.32698336,-0.0022449126,0.3383087,-0.03579678,0.38093942,-0.014334039,0.35333624,-0.04394495,0.6239389,0.010612403,0.4680491,-0.021771483,0.27013746,0.57230294,1.8526721,0.3052205,0.98025745,-0.024573984,0.3230576,-0.1310212,0.50433344,-0.0948569,0.40716615,0.07457704,0.2768974,0.09298994,0.35471418,0.07310408,0.28336135,0.054440103,0.25730905,0.03640223,0.272486,-0.10711254,0.39550978,-0.119741365,0.44690773,0.0064117266,0.22730397,-0.017163642,0.26866978,0.059305552,0.34351197,-0.050710216,0.25717947,-0.06929052,0.30766398,-0.12658653,0.44929317,-0.07175123,0.32313675,0.026314467,0.27975264,2
-220.6533,12.913162,56.716995,10.250542,14.316071,2.912044,26.338224,2.5170283,6.9270854,2.3213038,-25.893713,2.545424,-14.9716835,1.9174992,-5.585115,2.1663916,1.0195895,1.7167425,13.774339,1.4935404,41.61026,3.558712,46.423367,3.4521282,14.293112,1.8439474,26.50629,1.7852118,-2.1868522,1.5150956,13.775439,1.9486196,4.038259,2.535112,20.068306,3.400325,8.376831,2.3880966,-0.572808,1.587397,-0.24223827,2.459529,-0.0024882683,1.9765353,0.10348089,0.56274873,0.07431195,0.39595866,0.02098897,0.38142,-0.08526778,0.42647547,-0.007702978,0.35885233,-0.033377368,0.3445091,-0.03749097,0.3061503,-0.04856455,0.26104143,0.011149612,0.6982968,0.034069385,0.70668614,-0.013762852,0.33106905,0.019136004,0.3044731,-0.01700648,0.25076702,0.021943828,0.35095474,0.0058733867,0.47230408,0.025917875,0.64135665,0.024576157,0.44202447,-0.02468889,0.2587176,0.4879768,1.6555473,0.4169625,1.3436055,0.073297895,0.38082263,-0.07818931,0.32322353,-0.061254308,0.29222962,0.080690295,0.3512829,0.05276736,0.24179,0.05641742,0.28768674,0.03814149,0.28289682,-0.025042694,0.18213482,-0.115468204,0.40603194,-0.11840278,0.40866232,-0.036118552,0.23532403,-0.024267642,0.23050453,0.019965064,0.21306334,-0.043710034,0.2324659,-0.08390376,0.33187398,-0.13354819,0.47129995,-0.06104798,0.2673796,-0.001083168,0.18829972,2
