mfcc_1,mfcc_2,mfcc_3,mfcc_4,mfcc_5,mfcc_6,mfcc_7,mfcc_8,mfcc_9,mfcc_10,mfcc_11,mfcc_12,mfcc_13,mfcc_14,mfcc_15,mfcc_16,mfcc_17,mfcc_18,mfcc_19,mfcc_20,spec_bw,spec_centroid,chroma_1,chroma_2,chroma_3,chroma_4,chroma_5,chroma_6,chroma_7,chroma_8,chroma_9,chroma_10,chroma_11,chroma_12,zcr,rms,label
-309.79486083984375,73.10657501220703,71.80669403076172,54.61149597167969,24.471866607666016,26.648218154907227,13.058388710021973,7.536506175994873,1.9020675420761108,6.962620258331299,0.9223966598510742,-3.05815052986145,-1.5172463655471802,-4.1709794998168945,4.724217891693115,-2.1084516048431396,0.19897490739822388,1.084013819694519,-3.2856884002685547,7.648090362548828,189.5460398078531,110.65558833282665,0.6177234053611755,0.5475963354110718,0.4802597165107727,0.4777183532714844,0.5002889633178711,0.5346013307571411,0.6409122347831726,0.7342307567596436,0.8968140482902527,0.8210725784301758,0.7973725199699402,0.6760943531990051,0.05418526785714286,0.02171570621430874,0.0
-299.7357482910156,116.42414093017578,60.37234878540039,22.887868881225586,5.100208759307861,3.003101110458374,-0.27334895730018616,7.18324613571167,4.36482048034668,9.071094512939453,4.234713554382324,2.3289999961853027,-2.566331386566162,-2.835472583770752,-2.5547754764556885,-0.38343551754951477,3.152064561843872,4.121053695678711,4.663863182067871,2.616389274597168,177.7193774980766,142.80234154101754,0.5789515972137451,0.583541989326477,0.5616793632507324,0.5083242058753967,0.4461015462875366,0.4873982071876526,0.5264939665794373,0.5614346861839294,0.6851457953453064,0.8841282725334167,0.8703424334526062,0.6540225148200989,0.07498689977134146,0.013052181340754032,0.0
-374.73272705078125,99.85050201416016,83.46267700195312,46.54678726196289,30.48963165283203,23.73586082458496,14.020745277404785,6.969650745391846,6.918550968170166,5.012724876403809,0.8786522150039673,1.7198662757873535,-1.5134226083755493,-4.231372833251953,-0.3668787181377411,-0.9439228773117065,-0.4413420557975769,7.373816967010498,-2.9654412269592285,8.071019172668457,151.52407151623242,95.53850439715566,0.5204888582229614,0.6106290221214294,0.6945212483406067,0.7713380455970764,0.8653322458267212,0.7861743569374084,0.7121806144714355,0.729846715927124,0.7069516777992249,0.6722714900970459,0.649483323097229,0.5812763571739197,0.038223140495867766,0.021692367270588875,0.0
-322.4614562988281,137.64730834960938,62.03392791748047,47.659034729003906,10.834057807922363,17.041452407836914,5.901941776275635,0.9109196066856384,-2.8893673419952393,-0.8879653215408325,0.6419540047645569,3.390429735183716,3.2089507579803467,6.785775661468506,3.336937189102173,2.8986167907714844,1.8261061906814575,1.990606427192688,-0.1264827996492386,1.8745769262313843,132.7074550035831,97.09947831290314,0.8156976699829102,0.6627182960510254,0.500888466835022,0.4418586492538452,0.4174824059009552,0.42864856123924255,0.4155760407447815,0.44177019596099854,0.5461485385894775,0.6518883109092712,0.771600604057312,0.8524796962738037,0.03817661830357143,0.02801044099032879,0.0
-311.30029296875,149.29745483398438,72.94942474365234,43.895774841308594,25.71244239807129,21.575641632080078,12.863309860229492,10.027003288269043,9.351838111877441,6.402539253234863,1.1411432027816772,-2.4254040718078613,-2.2706210613250732,-1.5237258672714233,-0.08376514166593552,-3.076615333557129,-0.706787645816803,-2.4957284927368164,-2.2464137077331543,-2.0788698196411133,95.71796006701271,66.50527355806457,0.806678831577301,0.8251429200172424,0.8230625987052917,0.7363362312316895,0.6536515355110168,0.5325222611427307,0.4640917181968689,0.446211040019989,0.4924130141735077,0.5504579544067383,0.6090731024742126,0.7442610859870911,0.03449358258928571,0.07370645552873611,0.0
-261.1809387207031,107.44896697998047,96.40653991699219,33.71389389038086,27.063657760620117,13.000638961791992,13.461942672729492,11.403017044067383,7.440828800201416,7.630839824676514,1.8597826957702637,1.024904727935791,-0.6244641542434692,-1.6087400913238525,5.682215213775635,-0.281554251909256,3.4496240615844727,5.215982437133789,-6.805936336517334,3.010885000228882,147.36310425158015,84.41520990592271,0.7287520170211792,0.6800139546394348,0.6432509422302246,0.5769869685173035,0.5291242599487305,0.5057978630065918,0.5120808482170105,0.4554225504398346,0.5107113122940063,0.5658687949180603,0.6535654067993164,0.65950608253479,0.03772270388719512,0.05884195491671562,0.0
-321.1209411621094,53.76369094848633,85.07906341552734,46.648345947265625,18.43307113647461,35.207244873046875,18.215572357177734,15.512063980102539,8.552558898925781,5.732089996337891,7.0056586265563965,4.743714332580566,2.234802722930908,2.333237409591675,0.520078182220459,2.0269405841827393,-2.1532671451568604,0.32240375876426697,-2.1745147705078125,-2.2979187965393066,217.38628175380953,121.81605273419468,0.5540950298309326,0.4160500466823578,0.3855418562889099,0.3449566066265106,0.34102487564086914,0.3779512643814087,0.45850709080696106,0.5865690112113953,0.7379547357559204,0.8284757733345032,0.8266209959983826,0.7387222051620483,0.03316127232142857,0.02257022261619568,0.0
-295.52734375,103.07484436035156,63.433837890625,22.301607131958008,15.783761024475098,10.441914558410645,1.3574148416519165,-2.1970160007476807,-5.423006057739258,3.042315721511841,4.677491188049316,4.098508358001709,0.9603947401046753,-0.8853101134300232,-2.5338709354400635,-3.0185372829437256,-3.7061984539031982,-1.7939221858978271,-2.805522918701172,-2.2362983226776123,196.64563211655096,161.62054622629708,0.5128173828125,0.560562014579773,0.6389509439468384,0.7108088135719299,0.7287588119506836,0.7751795053482056,0.828266978263855,0.7762520909309387,0.6521111726760864,0.5792118906974792,0.5446944832801819,0.49752283096313477,0.0807373046875,0.013040659949183464,0.0
-336.8810729980469,64.9046859741211,75.72655487060547,35.17026901245117,11.695577621459961,16.351322174072266,7.4378838539123535,13.078754425048828,1.280978798866272,-1.9669694900512695,0.6061971187591553,-0.8133370280265808,1.8510576486587524,0.038188934326171875,1.1550871133804321,0.1854337751865387,-2.490540027618408,0.6026642918586731,0.5449779629707336,-1.373051404953003,241.42399144230927,168.35676150009158,0.7380290627479553,0.6963182091712952,0.658852219581604,0.6334188580513,0.5785141587257385,0.5646674036979675,0.617924153804779,0.7041383385658264,0.7658880949020386,0.8148583769798279,0.8100118041038513,0.7978925108909607,0.1087158203125,0.008071075193583965,0.0
-214.8354949951172,122.57337951660156,76.09619140625,35.93771743774414,27.914613723754883,21.55612564086914,12.611671447753906,7.245420455932617,5.075586795806885,2.4408130645751953,1.44693922996521,-0.3495350480079651,-2.80792498588562,-4.37679386138916,-5.287282943725586,-2.893582820892334,-3.8319737911224365,-2.5016729831695557,-0.8429460525512695,-2.3886897563934326,135.417214708513,91.90855733916233,0.6394411325454712,0.685297966003418,0.71870356798172,0.7209393382072449,0.7214215397834778,0.7802409529685974,0.7651559114456177,0.6306909918785095,0.5332950353622437,0.49385741353034973,0.5522953271865845,0.6129860877990723,0.038933454241071426,0.10256677865982056,0.0
-294.9612731933594,68.2236557006836,93.34329986572266,47.52750778198242,12.669831275939941,16.09681510925293,14.348636627197266,10.747091293334961,5.566234111785889,11.872065544128418,3.589585781097412,2.848527193069458,-6.469182014465332,6.187188625335693,0.2481878250837326,-1.0096566677093506,1.1429868936538696,7.900008678436279,1.3067463636398315,-2.7620644569396973,207.2617516433812,118.85538471563183,0.5180056691169739,0.5149905681610107,0.5729617476463318,0.5984068512916565,0.6372184753417969,0.6821901798248291,0.7208976149559021,0.7100312113761902,0.7046414613723755,0.7268636226654053,0.6158663034439087,0.5351361632347107,0.04603794642857143,0.024687891826033592,0.0
-347.5185546875,130.4822540283203,61.4742317199707,48.9576416015625,15.144196510314941,15.124417304992676,4.342560291290283,9.229151725769043,4.034395694732666,0.49297088384628296,-6.181299686431885,-2.952239990234375,-8.421454429626465,0.9602051973342896,-2.1617774963378906,-2.466351270675659,-2.6231305599212646,-2.033686399459839,-2.311690092086792,-7.814451217651367,133.21202414749558,99.79248148413407,0.6885392665863037,0.7011699080467224,0.678661048412323,0.6135827898979187,0.5854701399803162,0.5795117616653442,0.5826339721679688,0.6284041404724121,0.6663920283317566,0.6997047662734985,0.7143116593360901,0.6918559670448303,0.04324428013392857,0.0195592250674963,0.0
-284.82977294921875,150.0438690185547,102.10375213623047,35.77730941772461,27.925832748413086,16.421117782592773,12.665670394897461,9.362865447998047,8.564912796020508,1.06503427028656,7.29461145401001,-4.8961005210876465,3.1588268280029297,-5.122500896453857,-5.0402445793151855,-5.766921520233154,-6.241611957550049,-2.7959330081939697,-5.331725120544434,-2.400941848754883,91.82910569447596,67.93855635271804,0.38644570112228394,0.4440498948097229,0.5191858410835266,0.674196720123291,0.8174638748168945,0.8802845478057861,0.8374086022377014,0.6555442214012146,0.5093104839324951,0.4163056015968323,0.37196630239486694,0.3660437762737274,0.034846608231707314,0.11473347246646881,0.0
-313.66082763671875,123.47888946533203,56.103271484375,38.24137878417969,15.063520431518555,4.273622512817383,11.057968139648438,3.094186544418335,7.737763404846191,0.0684405192732811,-2.233726739883423,-1.6419404745101929,2.9710357189178467,1.9129141569137573,2.4132256507873535,-1.042646050453186,-1.3293507099151611,-0.8033394813537598,-0.2840007245540619,-1.7836344242095947,158.0635283360848,115.05091884976966,0.8004018068313599,0.8403264880180359,0.8906339406967163,0.7976843118667603,0.6506930589675903,0.5667634606361389,0.5685092210769653,0.6202204823493958,0.6055611968040466,0.5690904259681702,0.5942888855934143,0.6902061104774475,0.04526018415178571,0.016912011429667473,0.0
-304.72607421875,163.0219268798828,78.60725402832031,28.95267105102539,20.334257125854492,19.195152282714844,14.378005981445312,13.852645874023438,-1.599317193031311,2.261692523956299,-1.991767406463623,5.8740410804748535,0.795232355594635,-1.0622516870498657,-6.943737506866455,-5.890186309814453,-3.3885560035705566,-1.336618423461914,-1.8724051713943481,-1.4520426988601685,100.12329543055122,76.22066062108385,0.7530477643013,0.7676522135734558,0.7789421081542969,0.7448225617408752,0.6246800422668457,0.5954750180244446,0.6306623816490173,0.6544824242591858,0.7216652035713196,0.7364973425865173,0.7618983387947083,0.755192756652832,0.03485979352678571,0.06217058748006821,0.0
-318.46832275390625,102.2397689819336,45.697242736816406,45.40882873535156,16.793745040893555,24.18155860900879,11.250372886657715,16.103626251220703,5.06427001953125,7.224390029907227,3.469674587249756,4.4904255867004395,1.2769606113433838,-0.01185470912605524,-1.3595696687698364,-1.3517769575119019,-1.6181424856185913,-1.2375024557113647,-1.4065996408462524,-1.8640273809432983,173.68596234353637,117.05299768173545,0.47398290038108826,0.46837180852890015,0.446909636259079,0.4455302953720093,0.5247474908828735,0.617361843585968,0.7033001184463501,0.7823211550712585,0.8201420903205872,0.7546297907829285,0.6345412135124207,0.529093325138092,0.04777935189260563,0.02313603274524212,0.0
-374.7982177734375,114.11154174804688,36.11369705200195,48.88029479980469,11.68185043334961,12.285284042358398,8.710160255432129,3.5581467151641846,3.717385768890381,3.973907470703125,0.6016836762428284,1.2200522422790527,-0.07158231735229492,-3.9747514724731445,-3.404691457748413,-2.844580888748169,-5.393322944641113,-0.31426727771759033,-5.941746234893799,0.589059591293335,177.6953360161515,139.36624668690467,0.6146888136863708,0.6109358668327332,0.7014965415000916,0.7777649164199829,0.7461522221565247,0.6124778985977173,0.5720916986465454,0.6073685884475708,0.6360435485839844,0.7199496030807495,0.7723110318183899,0.7167791724205017,0.05520833333333333,0.007188200484961271,0.0
-187.33912658691406,101.2813491821289,50.77484893798828,30.217430114746094,9.06933307647705,9.228994369506836,-4.601795196533203,-1.9327865839004517,-4.449377536773682,8.752994537353516,6.7051286697387695,5.993854999542236,-4.597875595092773,-5.899266719818115,-7.145293712615967,-3.9611635208129883,-6.6046528816223145,-2.4173731803894043,0.295674592256546,4.479002952575684,196.04948545962463,161.62732175867308,0.44127169251441956,0.45302149653434753,0.4848227798938751,0.47840824723243713,0.43627411127090454,0.43951132893562317,0.5214115977287292,0.7591509819030762,0.922549307346344,0.44123515486717224,0.3390481173992157,0.3763291537761688,0.07655164930555555,0.03345324471592903,0.0
-310.6364440917969,119.66241455078125,68.41072845458984,28.458131790161133,15.190475463867188,19.48001480102539,6.878887176513672,10.377771377563477,0.13117793202400208,3.308284282684326,0.44032496213912964,1.626135230064392,1.3421728610992432,0.38895297050476074,5.247824668884277,0.24262253940105438,-0.39408063888549805,7.092250823974609,-6.643194198608398,6.050403594970703,160.418415828947,115.1178166087255,0.6995385885238647,0.6748918294906616,0.6785483956336975,0.6888914108276367,0.6564696431159973,0.6058748960494995,0.5966227054595947,0.6271287798881531,0.6999527812004089,0.7606457471847534,0.7501535415649414,0.7568359971046448,0.04369070870535714,0.021865112707018852,0.0
-268.1850280761719,118.8667221069336,52.55414581298828,36.35398483276367,24.355234146118164,21.2324275970459,5.518662929534912,9.19991683959961,3.9242799282073975,7.6969380378723145,4.180874347686768,3.048819065093994,-3.9298856258392334,1.1398688554763794,-0.4728621244430542,0.905565083026886,-1.1141961812973022,-0.5804316401481628,-2.0941176414489746,-1.6934618949890137,155.52990866977984,109.13791789399019,0.6614843606948853,0.6963881850242615,0.6875407099723816,0.6844010353088379,0.6755868792533875,0.652079164981842,0.6540796160697937,0.6749359965324402,0.6296378970146179,0.5740544199943542,0.5518690347671509,0.6002011895179749,0.0426971005721831,0.03551127761602402,0.0
-231.34359741210938,94.54993438720703,75.3862533569336,24.69668197631836,13.598578453063965,10.671636581420898,5.381582260131836,2.881682872772217,-3.520458698272705,-2.1942553520202637,-5.0337114334106445,-4.281741142272949,-0.8415468335151672,-3.275120735168457,-1.0217622518539429,-0.7544012069702148,-3.472609519958496,0.15587155520915985,0.9001267552375793,-1.5078353881835938,196.92159568147778,146.54399877096722,0.7451606392860413,0.6700025796890259,0.5695008635520935,0.5336516499519348,0.4733729660511017,0.4506492614746094,0.5192771553993225,0.558578610420227,0.6343100666999817,0.6993182301521301,0.7262582778930664,0.7573200464248657,0.08081752232142857,0.0282914936542511,0.0
-246.92874145507812,60.18073272705078,65.5650405883789,49.234134674072266,24.886648178100586,25.838287353515625,11.052483558654785,11.569461822509766,0.4229712188243866,-1.7099796533584595,-4.640637397766113,-1.795812964439392,-5.203304767608643,-2.6656887531280518,-3.421520471572876,-1.578546166419983,-2.7049787044525146,-0.5366032123565674,-1.3720028400421143,-1.2685773372650146,227.7991802397156,155.4231167757148,0.5844192504882812,0.6050834655761719,0.6402285695075989,0.6618141531944275,0.6588403582572937,0.6122583746910095,0.6064053773880005,0.6365946531295776,0.6581099629402161,0.65545254945755,0.6579554677009583,0.6309413909912109,0.07042061941964285,0.03182768076658249,0.0
-252.37245178222656,139.73922729492188,61.20734786987305,38.787906646728516,8.679006576538086,19.452640533447266,13.046370506286621,9.516324043273926,8.274507522583008,1.6380031108856201,3.5021212100982666,1.380720615386963,-2.44657301902771,-0.07778724282979965,0.9287182092666626,-1.796922206878662,1.0804840326309204,-3.0156219005584717,2.0864741802215576,-4.909458637237549,133.47536473050846,94.72170175553256,0.6226970553398132,0.5770702958106995,0.599238395690918,0.5934298038482666,0.5536487102508545,0.6048688888549805,0.6457977294921875,0.6693848967552185,0.6791356205940247,0.7027549743652344,0.7241104245185852,0.7047761678695679,0.044356282552083334,0.05215708911418915,0.0
-209.74769592285156,83.90716552734375,84.26380920410156,28.265626907348633,16.28270721435547,10.630759239196777,3.815373420715332,6.120083332061768,-3.0308592319488525,-1.5386428833007812,-3.7340853214263916,-4.912581443786621,-0.809075117111206,-1.378312587738037,-3.2384889125823975,0.9618827700614929,-4.464206695556641,-0.5387024879455566,-3.5837550163269043,0.39757171273231506,210.73296233608113,153.64034666192774,0.7749301791191101,0.7166518568992615,0.6202760934829712,0.5422890782356262,0.4647350013256073,0.48397985100746155,0.5609400272369385,0.6306235790252686,0.6703953146934509,0.7594814300537109,0.7764567136764526,0.7858450412750244,0.09004460328014184,0.03555334359407425,0.0
-305.2151794433594,106.77584075927734,86.12017822265625,51.83885955810547,31.662988662719727,19.254467010498047,7.400936603546143,12.564590454101562,5.274774074554443,7.598447322845459,3.4840431213378906,3.292738676071167,0.5379124879837036,1.0161243677139282,0.33882948756217957,-0.06237403303384781,-0.6130470633506775,1.0965023040771484,-1.0107097625732422,1.0761849880218506,138.72680024890974,80.44982638176337,0.6148538589477539,0.7203729152679443,0.7627285122871399,0.7122914791107178,0.6321054697036743,0.5804522633552551,0.6190622448921204,0.7099694609642029,0.8352856636047363,0.7236166596412659,0.6003664135932922,0.5295273661613464,0.036575753348214286,0.04802606627345085,0.0
-310.0924377441406,108.93025207519531,29.591934204101562,46.03529739379883,4.969718933105469,12.766703605651855,19.615442276000977,6.515493392944336,4.662548542022705,5.520798683166504,0.7179103493690491,-2.4686052799224854,1.7445815801620483,-0.5512806177139282,0.5141841769218445,2.404418706893921,-0.29596325755119324,1.4513535499572754,-1.6844180822372437,3.1807191371917725,188.48224634919407,167.98483432663664,0.7217516303062439,0.7415497303009033,0.7043873071670532,0.6946577429771423,0.7133335471153259,0.7464580535888672,0.7525495886802673,0.7487033605575562,0.6998041868209839,0.6509039998054504,0.617461085319519,0.6792996525764465,0.05254067665289256,0.013731937855482101,0.0
-328.3484802246094,134.15164184570312,50.533355712890625,47.65597915649414,-0.43491753935813904,10.749698638916016,3.9968435764312744,4.194488525390625,2.9647226333618164,1.7824642658233643,-2.8532683849334717,-1.987204909324646,-2.1801347732543945,-0.23995459079742432,3.2696139812469482,3.0106585025787354,0.27062204480171204,2.172473430633545,-1.7902663946151733,-1.4016979932785034,150.47868527961722,118.31920904151242,0.8420869708061218,0.7935869693756104,0.7264640927314758,0.6661569476127625,0.5925326943397522,0.5600247383117676,0.5688676238059998,0.5925167798995972,0.6693823933601379,0.6831894516944885,0.6825203895568848,0.764136552810669,0.03997279575892857,0.014667383395135403,0.0
-356.30072021484375,83.28252410888672,73.07508087158203,41.00004577636719,19.450485229492188,18.8056640625,5.306752681732178,8.948988914489746,1.853958010673523,3.329577684402466,-0.41533163189888,4.13537073135376,1.3494575023651123,1.9562939405441284,2.086043119430542,2.7591331005096436,-0.3630494475364685,3.1710281372070312,0.308679461479187,0.2324810028076172,200.16387431105633,129.43328477597063,0.5562792420387268,0.5011402368545532,0.48067396879196167,0.4467219114303589,0.44666463136672974,0.5562232732772827,0.7042014598846436,0.7793630361557007,0.7936766147613525,0.7512832880020142,0.6928691864013672,0.6278907060623169,0.046103657155797104,0.01066704373806715,0.0
-256.5352783203125,88.2762680053711,91.34378814697266,44.01405715942383,17.212574005126953,22.314851760864258,6.2281646728515625,10.817248344421387,3.263779878616333,6.795468807220459,-1.3055669069290161,0.17149105668067932,-5.626394271850586,-4.8142523765563965,-1.3444241285324097,-5.931008815765381,-9.849530220031738,1.3427425622940063,-3.253662586212158,-2.7017083168029785,163.3800674123198,97.74348144868095,0.8130220174789429,0.810949981212616,0.7869328260421753,0.7962451577186584,0.7588938474655151,0.6639277935028076,0.6042824983596802,0.5696533918380737,0.5737179517745972,0.6126405596733093,0.6978715658187866,0.7571092844009399,0.060914805237676055,0.05093102529644966,0.0
-256.8097229003906,145.05653381347656,92.70413970947266,38.28322982788086,19.02004623413086,16.170150756835938,6.616889953613281,2.9799320697784424,-5.377813816070557,-3.3240115642547607,-5.8708696365356445,-0.7852351069450378,-0.8961148262023926,-3.3165981769561768,-1.765542984008789,-5.925675392150879,-5.465689659118652,-4.515686988830566,-1.641827940940857,-2.853025197982788,105.82201485912631,84.46179560124686,0.6385048031806946,0.6117133498191833,0.6248976588249207,0.6004769206047058,0.5385631322860718,0.48740702867507935,0.5119224190711975,0.6126662492752075,0.7450400590896606,0.8043437600135803,0.7859519124031067,0.7085548639297485,0.04055524553571429,0.077083058655262,0.0
-384.4523620605469,57.86583709716797,94.52879333496094,22.232023239135742,18.39409637451172,14.939080238342285,1.3642723560333252,8.26950740814209,0.350526362657547,0.5387528538703918,-2.296365261077881,1.7034295797348022,-0.3738976716995239,-3.517284631729126,3.3606760501861572,-2.1333119869232178,0.9766586422920227,-2.858314275741577,-0.9329283237457275,1.98646879196167,272.19471501915683,190.79171906553603,0.6172056794166565,0.5539008378982544,0.5570655465126038,0.5843027234077454,0.5943390727043152,0.5843682885169983,0.6550707221031189,0.6824490427970886,0.6994765996932983,0.7971965074539185,0.8215013742446899,0.7971765398979187,0.10999755859375,0.004534283187240362,0.0
-216.90505981445312,129.91351318359375,78.04376220703125,29.18355941772461,12.383833885192871,8.805846214294434,2.9192934036254883,2.340433359146118,-2.8695318698883057,-8.458761215209961,-6.250828742980957,-8.645487785339355,-4.702589988708496,-6.0207061767578125,3.437633752822876,1.5798982381820679,-3.541700839996338,1.145088791847229,-1.247359037399292,-3.868496894836426,138.85953894968264,114.21407283334011,0.36244112253189087,0.3870338797569275,0.4423663914203644,0.6122499704360962,0.858126163482666,0.8670693039894104,0.6648552417755127,0.5288004875183105,0.5541348457336426,0.533073902130127,0.45680907368659973,0.39697620272636414,0.05992700022163121,0.07387781143188477,0.0
-304.8607482910156,154.23147583007812,80.6848373413086,32.44655227661133,20.03257942199707,18.08901023864746,10.917723655700684,9.911736488342285,2.8997859954833984,2.3866689205169678,-1.409251093864441,-0.8668898344039917,-1.5989434719085693,-4.499542236328125,-5.223970890045166,-2.580209732055664,0.10587692260742188,0.4534783363342285,-1.7391504049301147,-1.475852131843567,110.96700444190478,82.75913003695312,0.5537404417991638,0.5795075297355652,0.6940426826477051,0.7541987895965576,0.8116310238838196,0.8369141817092896,0.7618131637573242,0.6387968063354492,0.6020317673683167,0.5192480087280273,0.5187397599220276,0.547267496585846,0.038431222098214285,0.04641462489962578,0.0
-61.17701721191406,51.67905807495117,17.127464294433594,21.77362060546875,6.426486492156982,11.467673301696777,2.2916574478149414,4.630180358886719,0.9355695247650146,1.6278902292251587,0.4787399172782898,1.4173359870910645,0.0799018070101738,0.10668971389532089,-0.44809770584106445,0.022806061431765556,0.2587331235408783,-0.3322451412677765,-0.2584567964076996,-0.34766894578933716,230.46141390103062,333.02846081948877,0.5913540124893188,0.5531699061393738,0.562293529510498,0.6014871597290039,0.6464605927467346,0.6839402318000793,0.7233374714851379,0.7978317737579346,0.8533406257629395,0.8706538081169128,0.8525586128234863,0.7032600045204163,0.2997384207589286,0.0788094624876976,0.0
-302.62615966796875,102.1216049194336,86.51606750488281,50.40871047973633,38.76380920410156,26.515222549438477,7.32321310043335,9.368255615234375,-0.3732130229473114,11.20311164855957,-2.933725595474243,-1.9023998975753784,-0.6011545062065125,1.2730075120925903,2.4022581577301025,-3.348381757736206,3.5788793563842773,0.6613530516624451,0.1811005026102066,2.8654897212982178,136.59838834933262,78.18404334390162,0.7771221995353699,0.7012772560119629,0.6800886392593384,0.6955060362815857,0.7035121917724609,0.6768975853919983,0.586002767086029,0.5820451378822327,0.6398151516914368,0.6571111679077148,0.7107873558998108,0.770073652267456,0.04365647007042254,0.045111436396837234,0.0
-251.12039184570312,84.83268737792969,68.62413787841797,36.32716369628906,16.938140869140625,13.423127174377441,6.186759948730469,8.07926082611084,2.336946964263916,2.2500598430633545,3.429577112197876,4.329872131347656,4.5790605545043945,1.7623311281204224,2.1734845638275146,3.2093470096588135,-2.3577940464019775,2.8325066566467285,-1.8149982690811157,-2.7890708446502686,204.59045458809123,136.610710601554,0.6465193033218384,0.643788754940033,0.650801956653595,0.705764889717102,0.7644908428192139,0.7726559042930603,0.7381160855293274,0.7042123079299927,0.6732500791549683,0.6504135131835938,0.6255268454551697,0.661597490310669,0.046487862723214285,0.025364039465785027,0.0
-286.7940673828125,79.21735382080078,98.36371612548828,45.70001220703125,18.369678497314453,23.671663284301758,9.05543041229248,3.7269845008850098,-3.920544385910034,6.223140239715576,-1.6126412153244019,-3.1272988319396973,1.5013294219970703,-1.0386362075805664,-4.2345709800720215,2.0412662029266357,-6.503268718719482,-3.643373966217041,0.3146299421787262,-0.28875404596328735,181.29418015688861,111.06830994740577,0.7048857808113098,0.6541506052017212,0.577326238155365,0.6025131344795227,0.7023373246192932,0.6560363173484802,0.6104557514190674,0.6363102793693542,0.6575015187263489,0.7798973321914673,0.7875973582267761,0.7716196179389954,0.07964564732142858,0.03230690211057663,0.0
-309.2392272949219,93.88285064697266,83.12126159667969,33.62847137451172,15.270094871520996,16.165163040161133,8.019906044006348,8.521872520446777,3.989544630050659,7.069055080413818,-2.5575525760650635,6.692123889923096,-1.0039016008377075,0.7124611735343933,1.4349925518035889,0.7649749517440796,-2.1950137615203857,2.144747495651245,-0.5486687421798706,-2.5249767303466797,187.06989629969135,116.81370263647719,0.6699168682098389,0.6313602328300476,0.6430912613868713,0.5942112803459167,0.5417993068695068,0.5589450001716614,0.6180824637413025,0.6924041509628296,0.7806966304779053,0.8269588351249695,0.8102507591247559,0.7456715703010559,0.049323381696428574,0.019571706652641296,0.0
-318.22564697265625,96.33464813232422,64.46499633789062,47.237098693847656,16.984865188598633,17.605350494384766,12.010008811950684,7.2975897789001465,5.032574653625488,9.728432655334473,5.734081745147705,1.0931181907653809,0.6973739862442017,-3.1523187160491943,-1.951397180557251,-4.034583568572998,-2.7989604473114014,-0.489951491355896,-1.6443899869918823,3.481616258621216,175.17044751638403,117.57256910219098,0.6729891896247864,0.6438887119293213,0.6218730807304382,0.6040597558021545,0.6692465543746948,0.7113549113273621,0.7002553343772888,0.7605669498443604,0.7460241317749023,0.7410145998001099,0.7241021394729614,0.7068618535995483,0.0466288416838843,0.020871561020612717,0.0
-227.9817352294922,180.72653198242188,68.86383819580078,36.72986602783203,16.139041900634766,14.127314567565918,4.117309093475342,8.506487846374512,0.17138460278511047,4.6575164794921875,0.3748626708984375,-3.12121844291687,-1.566644549369812,-1.9525140523910522,-2.641786813735962,-2.206753730773926,-2.9505465030670166,-0.2256617248058319,-3.144263744354248,1.0538344383239746,94.35982141137593,79.63543875007535,0.788698136806488,0.718336820602417,0.6635352969169617,0.6697734594345093,0.7657087445259094,0.7562626600265503,0.6948098540306091,0.7104207277297974,0.6924753189086914,0.7291331887245178,0.8030497431755066,0.7993674874305725,0.04053773271276596,0.12727583944797516,0.0
-343.8784484863281,98.94959259033203,80.50639343261719,37.84175491333008,22.035736083984375,17.938077926635742,5.823602199554443,9.60378360748291,2.9042274951934814,3.0465810298919678,0.9517614841461182,1.7716648578643799,-0.17299538850784302,-1.4821900129318237,0.17823092639446259,-0.5516499876976013,-2.2017765045166016,1.7046657800674438,-4.121686935424805,1.5405776500701904,169.39478201048155,106.59672102580768,0.6327574253082275,0.5963274836540222,0.5982078909873962,0.5971032381057739,0.5452554225921631,0.5648728609085083,0.5782402157783508,0.6339379549026489,0.7937050461769104,0.8753147125244141,0.824939489364624,0.7208884954452515,0.04163049768518518,0.01552053913474083,0.0
-366.1845397949219,137.6531219482422,71.70195007324219,28.55489730834961,29.567331314086914,10.011878967285156,14.471393585205078,9.219670295715332,4.427216529846191,9.156719207763672,4.14500617980957,4.038949966430664,0.020998982712626457,1.429951786994934,-0.995680570602417,3.0563344955444336,-2.628926992416382,0.9564040899276733,-2.2994227409362793,-0.2292497158050537,121.444214053437,80.05692905346628,0.7102046012878418,0.7173197865486145,0.7138187289237976,0.5526437163352966,0.4500780403614044,0.43039536476135254,0.44807159900665283,0.5004393458366394,0.5980339050292969,0.6367000937461853,0.7295159101486206,0.7253751754760742,0.038051060267857144,0.025480665266513824,0.0
-401.85107421875,124.85912322998047,71.37773132324219,39.832462310791016,18.887413024902344,11.90900993347168,-2.120501756668091,-1.6666077375411987,-8.050816535949707,-5.714576721191406,-6.734501361846924,-3.3621795177459717,-6.106703758239746,-3.8081586360931396,-3.8707950115203857,-2.621900796890259,-0.9704622626304626,0.004011916927993298,0.01849810779094696,-0.13004566729068756,143.4813735892902,115.5420441762263,0.6961977481842041,0.6475937962532043,0.7035635113716125,0.6565306782722473,0.6317564845085144,0.5911943316459656,0.5774480104446411,0.5676150918006897,0.6511974930763245,0.7507058382034302,0.7795807123184204,0.7398611903190613,0.06682826450892858,0.008746172301471233,0.0
-272.3066711425781,142.60293579101562,76.05620574951172,45.62980651855469,31.342594146728516,30.212860107421875,13.96961498260498,7.194686412811279,-0.010429334826767445,0.8926483392715454,-3.4808902740478516,-1.8375768661499023,-4.022488117218018,-3.9451887607574463,-2.8854055404663086,-3.581300735473633,-3.1145102977752686,-2.9837825298309326,-2.2151596546173096,-2.7705135345458984,108.00024615005616,81.2699265652225,0.9006395936012268,0.8320552706718445,0.7319146394729614,0.6880884766578674,0.687570333480835,0.5640124678611755,0.4557386040687561,0.35955584049224854,0.3712676763534546,0.4429967999458313,0.5338435173034668,0.7175368666648865,0.03747659478305785,0.07750290632247925,0.0
-285.4139099121094,153.4600830078125,68.54864501953125,39.34963607788086,11.211888313293457,20.78042984008789,2.776210069656372,5.037874698638916,0.24197079241275787,6.758002281188965,-0.4948718547821045,-0.90641850233078,-3.543870210647583,-0.7882398962974548,-2.4177117347717285,-1.3516393899917603,-3.245359182357788,-3.000551223754883,-2.9920239448547363,0.31524571776390076,113.9615463332654,88.38623272914933,0.4908563494682312,0.45237070322036743,0.4361218512058258,0.5040106773376465,0.6210055351257324,0.722611665725708,0.8400490880012512,0.861140787601471,0.7920576333999634,0.6528376936912537,0.5642246603965759,0.5112950205802917,0.04034380540780142,0.04841483756899834,0.0
-285.17376708984375,74.69779968261719,76.64889526367188,32.20938491821289,21.046499252319336,14.291651725769043,12.649720191955566,8.976463317871094,3.493082046508789,0.4084969758987427,1.1191850900650024,-0.7095563411712646,1.4315687417984009,-1.0871734619140625,-0.9488357305526733,-0.9384843111038208,-0.16226807236671448,-2.46673321723938,-0.9243270754814148,-2.8540353775024414,221.31953270744637,144.71232653789443,0.410997599363327,0.43943873047828674,0.5177763104438782,0.5975844264030457,0.6821486949920654,0.8030989170074463,0.8376498222351074,0.7829357385635376,0.7175557613372803,0.6311719417572021,0.5469589233398438,0.46259263157844543,0.06640973772321429,0.0181218720972538,0.0
-362.3243103027344,95.34893798828125,99.88438415527344,48.68042755126953,23.752290725708008,13.691914558410645,10.370563507080078,5.065101146697998,2.4020769596099854,4.840373992919922,-1.6924619674682617,-1.4502754211425781,-5.889039993286133,-2.3387176990509033,1.523767352104187,-3.118617534637451,0.5534522533416748,5.007675647735596,1.168404221534729,-2.4340810775756836,155.09438450723403,95.46001714287507,0.6055622100830078,0.6478948593139648,0.7032346725463867,0.774806022644043,0.7503612041473389,0.7194752097129822,0.7098211646080017,0.683674156665802,0.6955914497375488,0.697209358215332,0.6763215661048889,0.6131425499916077,0.036317661830357145,0.017412925139069557,0.0
-283.22528076171875,98.2632827758789,89.26420593261719,46.795433044433594,18.538978576660156,21.523191452026367,2.8267199993133545,7.808808326721191,2.6098060607910156,3.489609718322754,2.4805548191070557,-0.9697679877281189,-3.2394471168518066,-3.3990466594696045,-3.7629153728485107,-6.180089473724365,-6.327591419219971,-2.1984314918518066,-3.150449514389038,-4.482236862182617,154.34731272966306,97.48969564510737,0.6617910861968994,0.645927369594574,0.6425239443778992,0.6448556184768677,0.7432835698127747,0.8026283383369446,0.8426535725593567,0.8549210429191589,0.790820837020874,0.7328651547431946,0.6352013945579529,0.6538909673690796,0.054938616071428574,0.03714494779706001,0.0
-282.82470703125,96.65532684326172,94.96658325195312,38.34376525878906,28.968740463256836,19.852920532226562,9.281017303466797,2.504558563232422,-2.4950549602508545,-0.5599588751792908,-1.8782191276550293,-4.684678554534912,-3.363985300064087,-1.6665209531784058,-4.604978561401367,-0.45462295413017273,0.1462344080209732,-1.9484283924102783,0.14259783923625946,-2.4068894386291504,161.78009709827194,105.54931795877833,0.6501706838607788,0.5944337844848633,0.5879568457603455,0.5887558460235596,0.6155738234519958,0.638952910900116,0.613411009311676,0.5958161354064941,0.5516217947006226,0.6280547976493835,0.7086514234542847,0.6999770998954773,0.04842354910714286,0.03450450301170349,0.0
-327.5553894042969,103.7812728881836,58.92733383178711,23.018327713012695,7.348798751831055,7.995567321777344,2.158461570739746,3.2804620265960693,-1.422954797744751,1.0956377983093262,1.351647138595581,2.8945727348327637,-0.4308716058731079,0.0484117716550827,1.3288745880126953,0.5858504772186279,-0.6141207218170166,1.5723375082015991,-2.106355667114258,1.8661223649978638,198.97058266331447,161.489369465423,0.7408052086830139,0.7164532542228699,0.7583228349685669,0.7654345035552979,0.7567914724349976,0.7208094000816345,0.7368474006652832,0.7012220025062561,0.6785169243812561,0.7293211221694946,0.770018994808197,0.736255407333374,0.06460794588414634,0.00792476162314415,0.0
-260.1742248535156,171.62811279296875,63.30809783935547,51.21161651611328,16.420400619506836,17.900022506713867,5.903954029083252,10.413850784301758,6.5864410400390625,6.573572158813477,1.6266180276870728,-1.8814817667007446,0.12295440584421158,-3.37298321723938,-0.3255104720592499,-2.794851303100586,-3.105966329574585,1.0681471824645996,-2.7975873947143555,3.1840150356292725,93.5234364013355,71.78740068457486,0.643733561038971,0.7748437523841858,0.7907528281211853,0.8357120752334595,0.8654003143310547,0.7525492906570435,0.5550470948219299,0.42094364762306213,0.3443283140659332,0.3952651023864746,0.45882129669189453,0.5761805772781372,0.03617407570422535,0.09998379647731781,0.0
-284.6245422363281,64.89948272705078,70.36788177490234,29.845632553100586,12.589186668395996,24.100191116333008,7.0003509521484375,14.306774139404297,3.2250685691833496,10.494111061096191,-0.2025638073682785,5.3345746994018555,-0.8941723704338074,2.5226035118103027,0.1458071768283844,0.5733071565628052,1.863869547843933,-0.3737170398235321,1.6137361526489258,-1.0719785690307617,246.21818720817268,168.69260773811553,0.5411243438720703,0.5076779723167419,0.4339261054992676,0.47043338418006897,0.4994358718395233,0.5416109561920166,0.6017292737960815,0.6353000402450562,0.7370078563690186,0.8904841542243958,0.7388520240783691,0.6394056677818298,0.06552385602678572,0.01519964262843132,0.0
-281.5389099121094,102.01972961425781,88.72725677490234,35.24641418457031,28.405282974243164,15.187416076660156,14.636287689208984,9.006629943847656,3.4672253131866455,3.3850245475769043,6.539620876312256,0.8569505214691162,1.1490439176559448,-0.2162691354751587,-0.21996495127677917,0.19680017232894897,-2.5721662044525146,2.8339407444000244,-2.60617995262146,0.8428501486778259,155.9696377818242,89.44195322043068,0.6154053807258606,0.5584626793861389,0.5781288743019104,0.5551100373268127,0.5605788230895996,0.6059730648994446,0.6542705297470093,0.6877836585044861,0.6890090107917786,0.6450842618942261,0.6749594807624817,0.6385402679443359,0.044412667410714285,0.045767273753881454,0.0
-333.9356994628906,93.23828125,60.77080154418945,39.014801025390625,15.959681510925293,22.86469078063965,6.064610958099365,11.521660804748535,1.0725284814834595,5.519211292266846,1.2390280961990356,2.5324184894561768,0.3304717242717743,1.5626777410507202,0.42867136001586914,0.527066707611084,2.8308515548706055,0.40061235427856445,-0.27650293707847595,0.8843870162963867,188.1164452427448,128.88960565136472,0.6587778329849243,0.5873525142669678,0.5408135652542114,0.5714202523231506,0.6563408374786377,0.6725777983665466,0.6685546040534973,0.6452233791351318,0.6400877237319946,0.6260579824447632,0.6342164278030396,0.7091756463050842,0.060648018973214285,0.024553364142775536,0.0
-301.7772216796875,113.08087921142578,75.90414428710938,48.01399612426758,17.401763916015625,30.578170776367188,6.195595741271973,15.18175220489502,2.799039125442505,5.613190650939941,-2.95410418510437,2.608705997467041,-1.9145560264587402,0.16700813174247742,-2.3678598403930664,-0.596462607383728,-1.9492803812026978,-2.3519859313964844,-2.9429984092712402,-2.055563449859619,133.95357111683475,82.38991534292055,0.8401634693145752,0.8256688117980957,0.8080845475196838,0.6684308052062988,0.5833054184913635,0.5625655055046082,0.4908735454082489,0.4381728172302246,0.48645907640457153,0.5623478889465332,0.7192728519439697,0.8274973034858704,0.04282924107142857,0.041039127856492996,0.0
-315.5138854980469,122.9864501953125,63.49650573730469,43.874366760253906,20.77809715270996,21.99974822998047,15.326662063598633,15.06328296661377,10.187331199645996,8.505165100097656,0.0963941290974617,1.528195858001709,0.20386862754821777,0.49404072761535645,-0.1304931342601776,-2.4741828441619873,-2.3842599391937256,-2.8173043727874756,-3.6049306392669678,-3.040710926055908,132.2681358554166,85.53833091703203,0.8581948280334473,0.7349238991737366,0.6284196376800537,0.532655656337738,0.5016540288925171,0.5495764017105103,0.5679730176925659,0.5624925494194031,0.6758476495742798,0.712427020072937,0.8531500697135925,0.8516982197761536,0.037520926339285714,0.0427357479929924,0.0
-239.8751983642578,47.24989700317383,76.21659088134766,50.93281936645508,14.016237258911133,29.11750030517578,11.866860389709473,13.801653861999512,3.199957847595215,3.5319910049438477,0.6715689301490784,1.361235499382019,-0.8041622638702393,-0.7889429330825806,-2.972189426422119,-1.0111192464828491,-2.807051420211792,0.04424939677119255,-2.4828007221221924,-1.6684942245483398,254.1142859688303,173.3498898980164,0.5943990349769592,0.5827871561050415,0.5831737518310547,0.5593032240867615,0.5470474362373352,0.5968009233474731,0.7044755220413208,0.7488100528717041,0.761153519153595,0.7360301613807678,0.6787703037261963,0.6313543915748596,0.07317243303571429,0.029209470376372337,0.0
-400.4595642089844,125.97119903564453,64.16407012939453,45.63313674926758,12.205404281616211,13.476840019226074,9.199374198913574,4.319278240203857,9.941393852233887,6.528918266296387,4.701228618621826,3.018944025039673,1.433431625366211,-4.9931254386901855,-4.749783039093018,-5.740568161010742,-3.6003503799438477,2.9154725074768066,-5.219593524932861,2.9988996982574463,144.4778141956005,101.54492357579794,0.6318302154541016,0.5982704162597656,0.6125983595848083,0.667894721031189,0.7178102135658264,0.7485010027885437,0.76118403673172,0.6798753142356873,0.5799123048782349,0.578286349773407,0.6133187413215637,0.6447517275810242,0.041121419270833334,0.009691784158349037,0.0
-378.51190185546875,72.3790512084961,48.327571868896484,17.33031463623047,34.44049835205078,20.12652015686035,6.485372066497803,10.083292007446289,5.675202369689941,1.9038348197937012,-0.10534896701574326,1.4633921384811401,2.062704086303711,-1.5346890687942505,1.2279772758483887,-1.5667757987976074,1.0965739488601685,-0.48607444763183594,0.13768602907657623,1.9632121324539185,242.7492600505413,181.30172941946893,0.6239417195320129,0.595615029335022,0.653917670249939,0.7169026136398315,0.7524557113647461,0.7750073075294495,0.7080131769180298,0.6547966599464417,0.6920284032821655,0.7498348951339722,0.6801515817642212,0.6721576452255249,0.10569254557291667,0.0046930331736803055,0.0
-323.69256591796875,121.32807159423828,63.4788932800293,49.9065055847168,21.791719436645508,30.962209701538086,9.188546180725098,12.905238151550293,4.1190314292907715,8.814194679260254,2.821023941040039,1.6977505683898926,-2.9332754611968994,-0.9738723635673523,-0.272691935300827,1.546859860420227,1.232706069946289,0.8139031529426575,0.2988635003566742,0.5462908148765564,128.8348932276654,77.91072657488702,0.5390994548797607,0.4462239444255829,0.40606215596199036,0.4435564875602722,0.4982835352420807,0.5854865908622742,0.6321275234222412,0.7376915812492371,0.7942889332771301,0.8514984250068665,0.7387559413909912,0.6856815218925476,0.032125418526785715,0.04414071515202522,0.0
-340.4071044921875,118.20405578613281,63.25679397583008,31.76369857788086,30.08407974243164,11.53599739074707,5.892919063568115,8.280731201171875,5.5793914794921875,-2.2347218990325928,2.680732250213623,-0.9181836843490601,1.120361566543579,-4.009532451629639,1.953863501548767,-1.93417227268219,0.7641949653625488,-1.49387526512146,1.1218832731246948,-1.0471092462539673,160.10674893235267,114.53538342418206,0.6587730050086975,0.6853740811347961,0.7169305086135864,0.7872433066368103,0.8091146349906921,0.7549791932106018,0.6578241586685181,0.5496368408203125,0.5362156629562378,0.555676281452179,0.6206542253494263,0.6576042771339417,0.04399777246900827,0.015301885083317757,0.0
-303.5807800292969,117.39025115966797,106.72116088867188,35.240291595458984,29.06174087524414,19.239526748657227,12.321898460388184,9.46817684173584,6.022465705871582,0.16951623558998108,5.476235389709473,-6.761892795562744,1.2554004192352295,-4.909961700439453,-4.0626444816589355,-1.8551061153411865,-5.370942115783691,-2.225281238555908,-6.083034515380859,-2.912949323654175,123.02608849144875,77.97491140851292,0.7188733816146851,0.7192237973213196,0.6633604764938354,0.588214099407196,0.4852812588214874,0.4254176616668701,0.4691477119922638,0.6033280491828918,0.699975848197937,0.7287363409996033,0.7489716410636902,0.7153000831604004,0.03899619020061729,0.051613155752420425,0.0
-295.89935302734375,76.2151107788086,85.37523651123047,21.941984176635742,22.864845275878906,10.134102821350098,9.405351638793945,7.119321346282959,6.711276054382324,5.186748504638672,-0.08473678678274155,1.5972352027893066,0.1402677744626999,-1.1473315954208374,2.7105886936187744,-0.8410543203353882,4.377194881439209,8.24804401397705,-6.880767822265625,6.7912797927856445,230.18142754244423,147.22098584293087,0.6246954798698425,0.5720240473747253,0.5198859572410583,0.4965992867946625,0.4923544228076935,0.4468262791633606,0.47671109437942505,0.43696749210357666,0.5080282092094421,0.5625841021537781,0.8838323950767517,0.8728522062301636,0.07471894054878049,0.015549493953585625,0.0
-308.84014892578125,109.0185775756836,93.69171142578125,51.640892028808594,23.450780868530273,21.703725814819336,10.597578048706055,9.999646186828613,3.7888283729553223,-6.9699506759643555,6.317976951599121,-1.5077255964279175,-4.536616325378418,0.11103048175573349,3.3745644092559814,-1.5201226472854614,-2.6193060874938965,-1.3430293798446655,-1.628931999206543,-6.967356204986572,129.10224267061426,80.84050028031416,0.6401383876800537,0.6329246163368225,0.6158027648925781,0.5488938093185425,0.5257363319396973,0.5815070867538452,0.6487041115760803,0.7518829107284546,0.8009570837020874,0.8166160583496094,0.7782801389694214,0.7172725796699524,0.034197998046875,0.04068996384739876,0.0
-368.4345703125,113.65135955810547,48.776649475097656,39.82915115356445,11.466350555419922,16.623369216918945,1.448788046836853,7.551920413970947,-0.37104153633117676,2.7650978565216064,0.09181979298591614,-2.1157050132751465,-5.192834854125977,-5.465595245361328,-5.900845050811768,-3.5813159942626953,-3.76212477684021,-2.9827308654785156,-1.92952561378479,0.8174805045127869,172.37007494654569,136.47417823900085,0.49461814761161804,0.6315929293632507,0.7299842238426208,0.7894250154495239,0.791409969329834,0.7440087795257568,0.6449452042579651,0.5791664123535156,0.5546095967292786,0.5291701555252075,0.47703877091407776,0.4387985169887543,0.06290516954787234,0.007836245000362396,0.0
-252.8937530517578,128.46484375,55.23687744140625,30.634323120117188,30.314790725708008,15.634224891662598,1.2709141969680786,6.075242519378662,-0.229142427444458,-3.23911452293396,-3.3428802490234375,-3.0701072216033936,0.3563813865184784,2.903038501739502,0.043434225022792816,1.5565990209579468,-1.151494026184082,0.4265154302120209,-2.395587205886841,-0.9837438464164734,151.29345782026758,112.29910681236558,0.6830204725265503,0.7464105486869812,0.7184451222419739,0.7498291730880737,0.7730823159217834,0.7909115552902222,0.7407612204551697,0.6270241737365723,0.5523683428764343,0.5227441787719727,0.5535790324211121,0.6094984412193298,0.04767368861607143,0.03794247657060623,0.0
-264.1471862792969,59.61555480957031,82.81592559814453,51.699161529541016,8.973901748657227,26.5941162109375,4.5872626304626465,11.726539611816406,7.682957172393799,10.922804832458496,-0.00317726144567132,5.099804878234863,-0.5256959199905396,1.5101375579833984,-1.1849255561828613,3.786440134048462,-0.7166776657104492,4.868797779083252,-1.242484450340271,-0.5197420716285706,233.01900304145133,148.52528182051884,0.683400571346283,0.7103273868560791,0.7446314692497253,0.7263550162315369,0.661709725856781,0.6192805171012878,0.5871087908744812,0.5838350057601929,0.6447223424911499,0.6870933771133423,0.704951822757721,0.6964462399482727,0.06248953683035714,0.027975687757134438,0.0
-306.18865966796875,134.62448120117188,70.40032196044922,34.63618087768555,17.642906188964844,13.970660209655762,6.739535808563232,8.974787712097168,5.232475280761719,5.767548084259033,2.016324758529663,2.1869282722473145,0.9681993722915649,0.9855673909187317,0.8513962626457214,0.810672402381897,-0.05194304883480072,-1.1816750764846802,-2.013087034225464,-2.9203438758850098,134.1878682079173,92.58332020435233,0.7109035849571228,0.7306070923805237,0.773787260055542,0.8182064890861511,0.8203547596931458,0.7396121025085449,0.6182659268379211,0.5571163892745972,0.5587161183357239,0.5874919891357422,0.6320741772651672,0.703641951084137,0.04283272879464286,0.030731480568647385,0.0
-301.2716369628906,119.03106689453125,50.03677749633789,29.399152755737305,14.883015632629395,7.325018882751465,-1.2616685628890991,2.8634402751922607,-5.783782958984375,-2.8093364238739014,1.8539339303970337,1.9154719114303589,1.378119707107544,2.0113749504089355,-1.5894944667816162,0.46873849630355835,-0.9359148740768433,-0.9514875411987305,-1.9213229417800903,-2.2086551189422607,177.66584325013042,146.16870931049564,0.8893372416496277,0.8156634569168091,0.6977478861808777,0.5965266227722168,0.5150974988937378,0.4484266936779022,0.3979879319667816,0.38482338190078735,0.4243735373020172,0.47367411851882935,0.6011409759521484,0.7849225401878357,0.09626552036830358,0.014665846712887287,0.0
-298.5909118652344,154.61614990234375,61.856014251708984,31.667652130126953,16.223302841186523,10.040253639221191,3.9123499393463135,12.577796936035156,7.421932697296143,2.618377685546875,-0.39815303683280945,0.1732446402311325,5.203461647033691,2.971970558166504,6.791442394256592,1.6600226163864136,0.4352940022945404,2.993682622909546,-3.2298827171325684,1.7469537258148193,120.27375026307753,88.98651056024734,0.607234001159668,0.5878621935844421,0.5847921371459961,0.5043395161628723,0.42202457785606384,0.4469049870967865,0.5232385396957397,0.6879441142082214,0.7966533303260803,0.8476317524909973,0.8040879368782043,0.7091804146766663,0.03392159598214286,0.04339264705777168,0.0
-374.71746826171875,63.39097595214844,59.074031829833984,27.463138580322266,25.964677810668945,10.531689643859863,9.682955741882324,9.496070861816406,-0.748684823513031,0.8317012786865234,-1.4049105644226074,0.941239058971405,-1.549983263015747,-2.814901351928711,-2.545954942703247,-1.663193702697754,-3.7314460277557373,2.2668721675872803,-3.948066234588623,-2.7798540592193604,252.30426530952658,191.30666848892676,0.5819202065467834,0.7085989713668823,0.7456071376800537,0.754126250743866,0.6914923787117004,0.6341032981872559,0.5996790528297424,0.5725218057632446,0.6070561408996582,0.6508735418319702,0.6909564733505249,0.6229179501533508,0.09661940586419752,0.004604647401720285,0.0
-314.831298828125,134.11537170410156,74.85747528076172,41.315303802490234,13.71949577331543,22.49363899230957,9.686957359313965,7.368363857269287,4.030304908752441,6.360128402709961,3.0548760890960693,5.331747531890869,0.5085694193840027,5.642585277557373,2.3928096294403076,1.8385159969329834,1.3813402652740479,1.2961912155151367,-0.28863248229026794,-0.7501425743103027,123.13779842600506,79.13565659156399,0.679926872253418,0.5600714087486267,0.5182272791862488,0.48124492168426514,0.47152388095855713,0.5277689099311829,0.5560725331306458,0.6097905039787292,0.6982048749923706,0.7009941935539246,0.7506963610649109,0.7478537559509277,0.030793108258928573,0.0367874875664711,0.0
-317.1476135253906,75.06739807128906,69.11994171142578,39.52587127685547,16.776756286621094,24.84733009338379,9.425923347473145,12.759445190429688,6.457301616668701,11.104143142700195,4.154440402984619,2.440051555633545,1.9067100286483765,1.521347165107727,2.3184282779693604,-0.645796537399292,-0.9634357690811157,0.2283492237329483,-4.120254039764404,0.05005308613181114,204.69441296425288,126.54296213109465,0.7520245313644409,0.7895315289497375,0.7901551127433777,0.7225143909454346,0.6276256442070007,0.5773445963859558,0.6057559251785278,0.5875660181045532,0.6402860879898071,0.6929562091827393,0.7107034921646118,0.7273297905921936,0.05300828887195122,0.016491400077939034,0.0
-314.7955627441406,142.26763916015625,100.53850555419922,40.56315231323242,33.654964447021484,9.871591567993164,12.741701126098633,5.07732629776001,4.508113384246826,4.130274295806885,0.8798576593399048,4.532151222229004,-0.678661048412323,1.5333675146102905,-1.925433874130249,0.3028251826763153,-3.0504262447357178,-0.06534737348556519,-4.077086448669434,-0.03154706954956055,105.62293796687288,70.96328796067714,0.5311385989189148,0.4999902844429016,0.5313456058502197,0.5906991958618164,0.6273332834243774,0.6164649724960327,0.5975958108901978,0.5623434782028198,0.6287627816200256,0.7852095365524292,0.8157840967178345,0.6915332078933716,0.03591579861111111,0.06003043055534363,0.0
-353.88507080078125,133.50584411621094,28.217529296875,51.2244873046875,17.44361114501953,17.23825454711914,13.216876983642578,10.476325988769531,3.3225836753845215,4.9681806564331055,-2.864265203475952,-2.9675817489624023,-4.461277484893799,-2.220691680908203,-0.8347315788269043,0.05000348016619682,0.8456368446350098,1.2508087158203125,-0.4299565255641937,-1.1605525016784668,153.2418644902973,111.60622054176707,0.6499661207199097,0.7394120097160339,0.8287591338157654,0.8375734090805054,0.7747325897216797,0.7181709408760071,0.6549074053764343,0.6056578755378723,0.5567993521690369,0.5558202862739563,0.6052001714706421,0.6174259781837463,0.04623198173415493,0.013702593743801117,0.0
-333.10302734375,117.5954818725586,62.7996940612793,48.029422760009766,20.952463150024414,16.794734954833984,16.549053192138672,10.265751838684082,2.2405407428741455,8.683059692382812,-4.0471343994140625,4.1672844886779785,-7.299417495727539,1.8218814134597778,-7.015722751617432,0.9688020944595337,-2.4451727867126465,-2.7592267990112305,-3.796283721923828,0.03745512291789055,144.62871236548187,94.18030348632529,0.7699615955352783,0.6857750415802002,0.6502549052238464,0.6769530773162842,0.7128664255142212,0.7437906265258789,0.7067599892616272,0.6348597407341003,0.6350534558296204,0.6738316416740417,0.7259734272956848,0.7334818243980408,0.03672572544642857,0.020977845415472984,0.0
-403.9710693359375,68.49283599853516,71.85189819335938,21.350841522216797,19.14422607421875,13.916316032409668,11.124738693237305,11.60213851928711,6.863073825836182,6.82635498046875,1.703481674194336,4.891526222229004,-0.08253097534179688,-0.10976633429527283,2.857217788696289,-2.587238073348999,-2.539353847503662,-1.083365797996521,-3.2416882514953613,-5.255053520202637,243.34583289347606,164.91226645223938,0.5827447175979614,0.5647855401039124,0.5885589122772217,0.5597431063652039,0.5833492875099182,0.6283627152442932,0.681794285774231,0.6852616667747498,0.7276511192321777,0.7509233951568604,0.6944142580032349,0.6341328620910645,0.06608189174107143,0.004237709566950798,0.0
-306.2384033203125,115.14665985107422,72.08369445800781,29.301692962646484,11.8523588180542,5.666863441467285,5.90988302230835,7.028398513793945,5.497239589691162,3.0944979190826416,-6.851718902587891,-1.5534155368804932,-5.950013637542725,1.3095837831497192,-0.3621997833251953,1.986263632774353,1.2768075466156006,-2.3801722526550293,-5.093161106109619,-7.661571025848389,164.95821187874085,123.41066809931458,0.8731861114501953,0.7525692582130432,0.6968736052513123,0.6840865015983582,0.6704435348510742,0.6213370561599731,0.5732714533805847,0.5773699879646301,0.5478600263595581,0.5832701921463013,0.7116261124610901,0.8610910773277283,0.06290231624119719,0.017121845856308937,0.0
-297.2892761230469,83.31171417236328,92.09820556640625,50.26278305053711,24.72894859313965,28.22504997253418,8.703835487365723,12.672502517700195,2.337451219558716,3.8180902004241943,-0.030823377892374992,3.1105663776397705,0.21569441258907318,-2.784543752670288,-1.6382979154586792,-0.018420206382870674,1.181709885597229,0.048280566930770874,-0.6817002892494202,-2.921076774597168,167.9897433229291,99.78475312478409,0.7053914666175842,0.731641411781311,0.7241034507751465,0.7124455571174622,0.6947141885757446,0.6836828589439392,0.6322329640388489,0.5827271342277527,0.581845760345459,0.6448928713798523,0.678216814994812,0.6556635499000549,0.04416538292253521,0.03552624210715294,0.0
-330.3363952636719,135.68359375,28.36587905883789,46.601219177246094,24.45218276977539,20.931108474731445,12.700114250183105,7.897348403930664,2.6235034465789795,3.5767290592193604,0.0938926413655281,-1.2304171323776245,-2.439884901046753,-3.803314685821533,-1.2684667110443115,-1.0026681423187256,-0.4864348769187927,0.583429753780365,-0.09189322590827942,-0.6506525278091431,149.16858351645584,107.1725659120262,0.6865307688713074,0.6843141317367554,0.6879047751426697,0.7283535599708557,0.7271434664726257,0.6899024248123169,0.6520478129386902,0.6212534308433533,0.5956723093986511,0.5729036927223206,0.6043755412101746,0.6698639988899231,0.040628487723214285,0.017727520316839218,0.0
-264.11090087890625,116.69580841064453,64.35259246826172,46.32112121582031,10.57706356048584,22.0461483001709,2.796797275543213,10.55407428741455,0.7889901399612427,6.1923980712890625,1.624717116355896,3.057528495788574,0.8605501651763916,1.1654047966003418,-1.92604398727417,-1.6420015096664429,-3.0251758098602295,-3.7379350662231445,-3.6988768577575684,-3.5425429344177246,151.18997758696102,99.93515905966139,0.6249047517776489,0.5718851685523987,0.5932954549789429,0.6249834299087524,0.6455572247505188,0.651483416557312,0.6579094529151917,0.6869066953659058,0.753094494342804,0.8103914856910706,0.8463886380195618,0.7943806052207947,0.04705853834219858,0.038427554070949554,0.0
-322.8193664550781,135.9876708984375,91.29309844970703,36.63227462768555,28.858793258666992,22.02484130859375,16.081071853637695,13.378110885620117,3.2118217945098877,6.457202434539795,1.6076000928878784,5.208578586578369,3.480440378189087,1.185687780380249,-0.9386383891105652,0.9454162120819092,-0.6623941659927368,-0.6062085032463074,-1.8371813297271729,-3.213884115219116,106.42413560596124,65.59780297683992,0.5922288298606873,0.6853285431861877,0.7106414437294006,0.7131325006484985,0.7037752866744995,0.6473508477210999,0.574569821357727,0.5257389545440674,0.5349287986755371,0.5439292788505554,0.5454205870628357,0.5779228806495667,0.03250988618827161,0.05409622937440872,0.0
-390.7886657714844,87.3245849609375,74.51587677001953,31.116409301757812,27.84096908569336,17.611957550048828,7.348412990570068,6.671391010284424,4.013964653015137,4.717254161834717,4.254153728485107,-0.15957538783550262,5.6065497398376465,0.15621891617774963,0.5374473333358765,3.326111078262329,-0.3093694746494293,3.9699060916900635,0.296974778175354,-0.5818225741386414,197.22356657989755,122.66812555155732,0.7912269830703735,0.7240597009658813,0.5884754657745361,0.4185698926448822,0.3536244034767151,0.39573752880096436,0.4743053615093231,0.6143659949302673,0.665355920791626,0.7086191773414612,0.7370710968971252,0.8298246264457703,0.050052366394927536,0.00858630146831274,0.0
-305.9996032714844,92.59233093261719,79.14530944824219,48.060401916503906,18.670869827270508,16.094730377197266,4.966658115386963,12.511137962341309,6.226113319396973,-1.1695305109024048,8.451292037963867,5.867084503173828,2.5794882774353027,-2.6352291107177734,0.35713911056518555,-4.430704116821289,-3.8233652114868164,0.5036609768867493,-1.5239304304122925,-7.5130791664123535,167.7445962574395,102.89418469643108,0.394938588142395,0.46522003412246704,0.5161935687065125,0.5218168497085571,0.5349372029304504,0.5335854291915894,0.6433142423629761,0.7859373688697815,0.8960046768188477,0.7997224926948547,0.636894166469574,0.48070570826530457,0.04263392857142857,0.02377106435596943,0.0
-305.45086669921875,76.36871337890625,95.19642639160156,59.01165008544922,26.0050048828125,30.466045379638672,10.261451721191406,14.689918518066406,8.417866706848145,7.3159308433532715,6.044915676116943,-1.3300403356552124,2.8512816429138184,1.005077838897705,-3.0603554248809814,-1.9180858135223389,-0.4040068984031677,-1.9027351140975952,-2.3518426418304443,1.19329833984375,152.20436447531716,79.53276727880146,0.6791114211082458,0.7484461665153503,0.7934242486953735,0.7277625799179077,0.6494925022125244,0.6170557737350464,0.5901832580566406,0.5698949098587036,0.5531783103942871,0.5416839122772217,0.5525227785110474,0.5915206670761108,0.038941295434397165,0.045148223638534546,0.0
-310.1428527832031,78.50630950927734,103.29446411132812,39.568729400634766,28.69423484802246,19.76554298400879,12.8860445022583,14.705876350402832,4.06060791015625,5.193652153015137,6.513401985168457,4.72767972946167,3.7505083084106445,-3.797410249710083,2.1411240100860596,-4.286473751068115,-1.630788803100586,-0.47012099623680115,0.16604723036289215,-7.502647399902344,176.94023455404272,100.3518365319489,0.791232705116272,0.720989465713501,0.5701505541801453,0.4838748872280121,0.49454465508461,0.5751723051071167,0.6350915431976318,0.6049108505249023,0.6227852702140808,0.6470569372177124,0.733790397644043,0.7877249717712402,0.0404296875,0.0317329466342926,0.0
-287.00897216796875,131.20985412597656,76.17320251464844,32.385101318359375,16.918691635131836,14.243556022644043,1.1300325393676758,7.568635940551758,-0.5329927206039429,5.3679070472717285,4.0460309982299805,7.259706974029541,7.257357120513916,8.937744140625,5.160470962524414,2.0513954162597656,0.3529721796512604,-1.8163381814956665,-1.6521447896957397,-3.783759355545044,132.64356906523577,89.94256729588167,0.608298122882843,0.5553191900253296,0.5432392358779907,0.5141969919204712,0.5331205725669861,0.6065860390663147,0.6433748602867126,0.696067750453949,0.7676224708557129,0.8024237155914307,0.8325625061988831,0.7341314554214478,0.03555036272321429,0.04831809923052788,0.0
-348.7866516113281,114.68998718261719,96.32379150390625,30.431636810302734,21.573877334594727,14.953324317932129,12.067259788513184,13.049349784851074,9.880210876464844,8.990630149841309,5.998049259185791,-4.041993618011475,4.623185157775879,-2.0537517070770264,-0.5635325908660889,-1.8255536556243896,-2.467846393585205,-0.9881640672683716,-3.2372519969940186,-3.643110752105713,136.129005935443,83.29094318025142,0.6269574761390686,0.7012874484062195,0.7353516817092896,0.6998514533042908,0.6222316026687622,0.5616670250892639,0.4625723958015442,0.466740220785141,0.45417940616607666,0.41567832231521606,0.43937164545059204,0.5349898934364319,0.041274836033950615,0.026919186115264893,0.0
-292.9794006347656,125.98695373535156,76.9652328491211,28.809860229492188,13.696524620056152,14.631770133972168,7.104506015777588,15.12042236328125,4.747837066650391,8.661860466003418,-0.9910608530044556,3.916442394256592,-0.7177550196647644,1.1151739358901978,0.42882129549980164,0.5146260261535645,-0.5720275640487671,-0.24919141829013824,-2.407182216644287,-1.884248971939087,140.56193653315947,98.08988620128184,0.6725670695304871,0.615939736366272,0.6207680702209473,0.6371631026268005,0.6123138070106506,0.5762290954589844,0.5688235759735107,0.5705080628395081,0.5835217237472534,0.7152103781700134,0.7537394762039185,0.7627446055412292,0.04408729499113475,0.03623039275407791,0.0
-289.59088134765625,128.72427368164062,75.16219329833984,31.968374252319336,18.079517364501953,17.84206199645996,11.589622497558594,9.05339527130127,5.790620803833008,4.970933437347412,0.4592004418373108,1.8920892477035522,0.11669063568115234,-1.014743447303772,0.6102842688560486,-0.5150988101959229,-0.8421970009803772,-0.9262383580207825,-0.19945360720157623,-1.525490403175354,137.279927405715,91.86996640036833,0.7702682614326477,0.6488631963729858,0.5915977358818054,0.558664858341217,0.5251659154891968,0.4922981262207031,0.4726657271385193,0.545939564704895,0.6829460263252258,0.7729802131652832,0.7719531655311584,0.8272979855537415,0.039177594866071426,0.04023723676800728,0.0
-269.79547119140625,47.61720657348633,91.68128204345703,40.90283966064453,20.950523376464844,19.776147842407227,9.87265682220459,8.713722229003906,2.622976303100586,0.04176822304725647,-1.247963547706604,-0.4815867245197296,2.3691365718841553,-2.860455274581909,1.078324556350708,0.807616651058197,0.43270233273506165,2.0617828369140625,-0.7291996479034424,-0.33976253867149353,261.17571475505207,169.52304455389577,0.4480428695678711,0.4535500407218933,0.480078786611557,0.4707905948162079,0.5120484232902527,0.5860077142715454,0.6969369053840637,0.7864523530006409,0.8886370062828064,0.8784933686256409,0.8181421160697937,0.6376708745956421,0.09345703125,0.020873475819826126,0.0
-353.3877258300781,102.12678527832031,59.384185791015625,37.66071319580078,11.500833511352539,23.842588424682617,6.215787887573242,12.177159309387207,0.14206939935684204,1.318556785583496,-1.1920292377471924,-2.879755735397339,-4.104106903076172,-3.190134286880493,-5.322319507598877,-4.068195343017578,-5.189434051513672,-2.4417872428894043,-1.6660537719726562,-1.5608491897583008,181.3736298163722,134.66896767444118,0.7241509556770325,0.7106892466545105,0.6995063424110413,0.7064052820205688,0.6961135864257812,0.621379554271698,0.5461413860321045,0.5132653713226318,0.5308720469474792,0.5817148089408875,0.6238049864768982,0.6896750330924988,0.056026785714285716,0.00967375561594963,0.0
-326.7442626953125,88.99095916748047,77.13624572753906,29.01451301574707,11.692911148071289,19.196626663208008,8.721738815307617,10.148959159851074,5.836431980133057,6.807089328765869,0.7667584419250488,5.041280269622803,-0.6769516468048096,4.014256477355957,0.3567062318325043,1.3282283544540405,0.9273247718811035,0.31998515129089355,2.076554298400879,-1.3482505083084106,201.7332370811714,129.78278305864384,0.7067256569862366,0.6905933618545532,0.72010338306427,0.6733266711235046,0.6065202355384827,0.6232667565345764,0.6794432401657104,0.6728799939155579,0.662665069103241,0.6652525067329407,0.653063178062439,0.684770405292511,0.045365182976973686,0.013161282986402512,0.0
-318.6083679199219,176.07102966308594,100.48551940917969,37.41071701049805,16.299015045166016,10.467608451843262,9.754251480102539,10.91075611114502,9.343817710876465,7.568810939788818,1.6810929775238037,0.762694239616394,-1.651322603225708,-0.8478593230247498,-0.9595111608505249,-0.3540744185447693,-2.320173501968384,0.4065389037132263,-2.317995309829712,-4.077928066253662,84.75783628865597,67.01938732895094,0.6501356363296509,0.7231673002243042,0.767682671546936,0.6731966733932495,0.615126371383667,0.583647608757019,0.6027088761329651,0.5890432596206665,0.5743808746337891,0.5808374881744385,0.6167938113212585,0.6231405138969421,0.0380615234375,0.08132700622081757,0.0
-329.0555419921875,96.06385803222656,53.34659194946289,41.2052001953125,26.110708236694336,22.73053550720215,15.250194549560547,12.724956512451172,8.81924819946289,6.398383140563965,3.2313499450683594,3.1066055297851562,2.143528461456299,2.164674997329712,1.643707036972046,0.603562593460083,0.6661494970321655,-0.2443126142024994,0.5135388970375061,0.23162151873111725,177.97363875713947,110.55918516606218,0.6192710995674133,0.5813771486282349,0.6505942344665527,0.6233451962471008,0.5959906578063965,0.6273366212844849,0.6086016893386841,0.6818357706069946,0.7491530776023865,0.7145542502403259,0.7334815263748169,0.6740289330482483,0.03611218089788732,0.019638942554593086,0.0
-331.17730712890625,127.53181457519531,62.71905517578125,36.0379753112793,23.113798141479492,17.04047203063965,8.828573226928711,11.09161376953125,3.061861038208008,3.7702653408050537,-0.4862005412578583,0.6036242842674255,-0.5899774432182312,2.6119112968444824,2.8690030574798584,-2.4830358028411865,-1.293886661529541,6.198124408721924,-5.859165668487549,4.374051570892334,139.65717754196115,94.79686971324864,0.6285064220428467,0.6131703853607178,0.6252350807189941,0.6429610848426819,0.673852801322937,0.6266726851463318,0.5466423034667969,0.5151159167289734,0.5470353364944458,0.6437138319015503,0.7059151530265808,0.6483774781227112,0.035807291666666664,0.02187279798090458,0.0
-314.48907470703125,127.0031967163086,73.38441467285156,53.00018310546875,11.370528221130371,13.434821128845215,-6.340224266052246,6.428691864013672,0.6118157505989075,1.0415195226669312,1.0195529460906982,0.5017310380935669,-5.807104587554932,-3.8255374431610107,-4.825150489807129,-1.288063645362854,-1.1081902980804443,2.7207252979278564,2.7155210971832275,2.131031036376953,137.3707459713989,102.87782404536595,0.6226287484169006,0.5387587547302246,0.46949899196624756,0.44225814938545227,0.4785842299461365,0.5487944483757019,0.673846960067749,0.7853808403015137,0.8038598299026489,0.7293373346328735,0.6415008306503296,0.6288672089576721,0.03652692522321429,0.02513958513736725,0.0
-326.9119873046875,99.74832916259766,66.4069595336914,54.101741790771484,6.163894176483154,21.509971618652344,6.949670314788818,9.798300743103027,3.5066349506378174,-1.199000358581543,0.24085864424705505,0.47593846917152405,1.691800832748413,2.6524899005889893,1.6319712400436401,-4.031314373016357,-2.9167916774749756,-3.656676769256592,-2.016484022140503,-2.8583672046661377,175.53954550427858,115.99521631412658,0.5377254486083984,0.5588253140449524,0.5995917916297913,0.6687873005867004,0.7013195753097534,0.7235321998596191,0.7112616300582886,0.6325095295906067,0.5657733678817749,0.5090479850769043,0.49789032340049744,0.5203438401222229,0.04503348214285714,0.015523649752140045,0.0
-293.39715576171875,86.08658599853516,21.669307708740234,50.81275939941406,-2.327904462814331,5.6650896072387695,-2.433154821395874,0.7264981865882874,-0.5940955877304077,4.398599147796631,-3.1126015186309814,-1.5730211734771729,-0.2297806590795517,-4.540736198425293,1.5688608884811401,-4.0821213722229,3.2240538597106934,13.34324836730957,-3.3905375003814697,6.023963928222656,235.28651346159216,218.01876205380023,0.5814964175224304,0.45468902587890625,0.45882076025009155,0.48007863759994507,0.4902835488319397,0.5547484159469604,0.7673870921134949,0.5691823363304138,0.5697045922279358,0.6726492047309875,0.758665144443512,0.8165950775146484,0.13080054593373494,0.006773441564291716,0.0
-283.33929443359375,114.64739990234375,63.02070999145508,24.073423385620117,9.029830932617188,21.212743759155273,13.478845596313477,10.573671340942383,2.4898815155029297,-1.5174566507339478,-3.5369911193847656,0.09081113338470459,-0.02663639560341835,-1.4031116962432861,0.8761247992515564,2.599221706390381,-0.45373815298080444,1.8685250282287598,-3.255500555038452,3.628495931625366,172.43779275440178,130.40971335455876,0.625304102897644,0.6587537527084351,0.6832435727119446,0.718469500541687,0.7536913752555847,0.7703723311424255,0.6546463370323181,0.5362532138824463,0.5620001554489136,0.575423002243042,0.6177362203598022,0.665594220161438,0.041845703125,0.023488719016313553,0.0
-311.08843994140625,167.27333068847656,54.57378005981445,46.79313659667969,31.54638671875,17.88176727294922,7.719748497009277,5.8708319664001465,-1.0273849964141846,2.026782989501953,-0.19380806386470795,-2.2571167945861816,0.0652192234992981,-1.4251142740249634,1.4005039930343628,-1.2168956995010376,-1.1769003868103027,3.1743404865264893,-2.394421339035034,3.1387903690338135,100.63592638418689,77.3479402390482,0.5553182363510132,0.5979492664337158,0.650580108165741,0.7224878072738647,0.7440642714500427,0.6489566564559937,0.6313273310661316,0.6778616309165955,0.6809065937995911,0.6489621996879578,0.6196751594543457,0.5613335967063904,0.03864397321428571,0.0480128712952137,0.0
-313.7415771484375,111.5479736328125,62.90568542480469,66.5935287475586,16.145681381225586,24.371856689453125,13.686687469482422,9.483534812927246,5.807535171508789,-0.9789769053459167,5.246442794799805,0.373664528131485,-0.5406942367553711,-0.12369150668382645,1.0622133016586304,-2.874349594116211,-2.9372596740722656,-0.8108877539634705,-0.1923813372850418,-2.723238945007324,141.95330950484214,94.29617129254804,0.6249558925628662,0.5685093998908997,0.5379906892776489,0.5791674852371216,0.6722278594970703,0.6598572731018066,0.6186854839324951,0.6265577077865601,0.684237003326416,0.6669784188270569,0.6117215752601624,0.6314516663551331,0.034423828125,0.033999986946582794,0.0
-337.40155029296875,145.0427703857422,65.83241271972656,41.02141571044922,9.86661148071289,20.458606719970703,6.444636821746826,7.782198905944824,-0.4598529040813446,1.0066708326339722,-2.0406551361083984,-0.018163129687309265,-0.08809612691402435,0.45037466287612915,-2.9974184036254883,-1.2396153211593628,0.17545747756958008,0.709746241569519,1.5785056352615356,1.400233268737793,125.29592282751068,95.06363691651852,0.711777925491333,0.6835205554962158,0.6292880177497864,0.5643057227134705,0.5904116034507751,0.6600242853164673,0.6545089483261108,0.6682898998260498,0.7034472823143005,0.7768129706382751,0.8187974691390991,0.7802002429962158,0.03224031690140845,0.022574665024876595,0.0
-394.34503173828125,143.72471618652344,75.92066955566406,48.44829177856445,27.844127655029297,21.04314422607422,18.667673110961914,13.590116500854492,9.363358497619629,2.8878960609436035,2.185610055923462,0.15032698214054108,1.0849266052246094,0.03679423779249191,-2.126469373703003,-5.3880510330200195,-6.413026809692383,-3.7064054012298584,-7.913118362426758,-2.7354300022125244,99.4947096822124,69.0588243372223,0.7345010638237,0.7065969705581665,0.7098298668861389,0.6735967993736267,0.6672031879425049,0.706656813621521,0.6333015561103821,0.559711754322052,0.569000244140625,0.6518625020980835,0.7428966164588928,0.7515836358070374,0.032572428385416664,0.025077512487769127,0.0
-298.1425476074219,42.02021408081055,59.0738639831543,12.257022857666016,13.151555061340332,18.580039978027344,6.9228596687316895,14.213332176208496,7.957480430603027,8.304723739624023,-2.4914560317993164,3.391303777694702,-0.7492789626121521,-3.1984214782714844,1.0264167785644531,-1.2715221643447876,1.21183180809021,-1.7296209335327148,-0.21609292924404144,0.6770686507225037,306.370780464613,268.7803426825098,0.5987553000450134,0.5164934396743774,0.46761032938957214,0.46015438437461853,0.5291005373001099,0.573805034160614,0.6262362599372864,0.6307291984558105,0.739402174949646,0.9398670792579651,0.8725389242172241,0.7466862201690674,0.1434605189732143,0.006373790558427572,0.0
-377.9122619628906,138.52880859375,63.29024124145508,58.24382781982422,30.39310073852539,36.67354965209961,13.565966606140137,10.198776245117188,1.3267450332641602,0.996418833732605,-1.8352068662643433,-0.20257188379764557,-2.40645170211792,-0.9883732199668884,-2.1009743213653564,-1.266393780708313,-2.109293222427368,-1.176357388496399,-1.4824566841125488,-0.8113802671432495,102.79463257640265,70.76934568841055,0.7188192009925842,0.8029469847679138,0.7647817134857178,0.6044161319732666,0.5543097853660583,0.5494663715362549,0.5629391074180603,0.6241784691810608,0.6376838684082031,0.5986859202384949,0.5789915919303894,0.6077290773391724,0.03125346298758865,0.03287068381905556,0.0
-345.387451171875,125.01155090332031,84.65254211425781,49.891231536865234,21.47262191772461,21.72838020324707,5.7516374588012695,12.705484390258789,3.197129487991333,3.921370267868042,-1.7858073711395264,-2.047069549560547,-6.250644207000732,-2.4675192832946777,-6.418259620666504,-2.2731385231018066,-1.019963026046753,-1.2110514640808105,-2.479865789413452,-0.6214725375175476,117.1840244446641,79.61281829921438,0.5138422846794128,0.5102965235710144,0.5647473335266113,0.6152451038360596,0.6838133931159973,0.6941120028495789,0.7157739400863647,0.6834904551506042,0.5924040079116821,0.525574803352356,0.5224977135658264,0.5457616448402405,0.04132603236607143,0.03556304797530174,0.0
-323.37060546875,124.65433502197266,79.76475524902344,41.64372253417969,21.42222785949707,19.1168270111084,11.760321617126465,13.196389198303223,3.9754395484924316,9.650394439697266,3.6058714389801025,1.112553596496582,4.619570255279541,0.14832384884357452,4.707131862640381,0.8033521771430969,0.6687504649162292,1.67239511013031,-3.207787036895752,2.429997444152832,125.14354883962204,74.94460854482499,0.5398610830307007,0.4936468303203583,0.49723416566848755,0.6124470233917236,0.6320375204086304,0.7062680721282959,0.7215644121170044,0.669346034526825,0.7151409983634949,0.6454720497131348,0.5845746397972107,0.5167447328567505,0.029109873670212765,0.03933706134557724,0.0
-408.44842529296875,79.7940444946289,73.9742431640625,37.51026916503906,25.046424865722656,20.686588287353516,12.817058563232422,8.396245956420898,3.2852768898010254,6.4479804039001465,-3.380657911300659,2.228715419769287,-0.19391292333602905,-0.4289025366306305,-0.3079621195793152,-2.279292106628418,-3.0723018646240234,-0.8247486352920532,-1.6438477039337158,-5.454795837402344,194.95552782994645,120.19869858932925,0.750819981098175,0.6914923787117004,0.6247295141220093,0.5584481358528137,0.49511784315109253,0.4524767994880676,0.4667576849460602,0.5632369518280029,0.6832011342048645,0.8006842136383057,0.7778641581535339,0.7910658121109009,0.05586983816964286,0.00824506115168333,0.0
-269.5204162597656,125.46590423583984,59.97604751586914,34.95521926879883,15.362332344055176,10.909136772155762,1.7502247095108032,-4.477546691894531,0.33269232511520386,5.513009548187256,2.7503769397735596,-1.8563966751098633,-1.0506572723388672,-7.280547142028809,-5.594542503356934,-0.5887589454650879,0.5347878932952881,1.8639103174209595,-1.7491719722747803,0.2943614423274994,152.67563484722137,118.38781963781896,0.8228411078453064,0.8459598422050476,0.7859498858451843,0.6482057571411133,0.592090904712677,0.5693820714950562,0.5296692848205566,0.5189638733863831,0.5596919655799866,0.5944420099258423,0.6262987852096558,0.7100453972816467,0.060794503348214284,0.02787565253674984,0.0
-335.39056396484375,87.85832214355469,67.91142272949219,38.615665435791016,16.654457092285156,17.7132625579834,13.364829063415527,18.081758499145508,9.960139274597168,10.373257637023926,5.166996955871582,2.574648857116699,-1.9242148399353027,-0.09174084663391113,-0.10182048380374908,3.653744697570801,1.9630634784698486,1.553498387336731,-2.1666460037231445,-0.0730966180562973,183.6771245826363,109.65901384348273,0.7539771795272827,0.7468547821044922,0.7146192193031311,0.6679048538208008,0.6332327723503113,0.5654808282852173,0.528465986251831,0.4957737922668457,0.5816494822502136,0.7125567197799683,0.7416324019432068,0.7212135791778564,0.037883479420731704,0.016798529773950577,0.0
-309.7950439453125,113.26753234863281,50.15378952026367,37.250885009765625,11.257824897766113,14.646157264709473,6.472537517547607,3.5520846843719482,-3.405938148498535,-0.28295964002609253,-2.7065017223358154,-0.3483225107192993,-1.8238129615783691,-0.9775271415710449,-2.62664794921875,0.566802978515625,-0.23155046999454498,-0.154877170920372,0.09731544554233551,-2.034358501434326,175.0884677419839,140.86568533583593,0.7185413241386414,0.7048448324203491,0.6920322179794312,0.7431522011756897,0.7317041754722595,0.7444854378700256,0.6616950035095215,0.5602396726608276,0.5597057342529297,0.5838953256607056,0.6424316167831421,0.6957781910896301,0.06944675310283688,0.01354342419654131,0.0
-315.66119384765625,89.24391174316406,92.38740539550781,30.47234344482422,32.51041030883789,22.86482810974121,16.93170738220215,16.771316528320312,9.089244842529297,14.533904075622559,3.0946595668792725,0.8552584648132324,0.33705446124076843,-0.4511355757713318,1.8528505563735962,2.241137742996216,1.9883184432983398,2.6441681385040283,-1.6434322595596313,-1.8050862550735474,162.94981804718145,93.20771567890293,0.6439669728279114,0.6652169823646545,0.6648461818695068,0.6909937262535095,0.7071084976196289,0.6641296744346619,0.6512227654457092,0.5702376365661621,0.5249748826026917,0.540236234664917,0.6725436449050903,0.6875556707382202,0.035579030106707314,0.03564556688070297,0.0
-328.7491760253906,142.55853271484375,65.10031127929688,40.27928924560547,11.506765365600586,19.503149032592773,3.425983428955078,9.372993469238281,0.8880246877670288,4.914310455322266,0.3770950734615326,-0.05765309929847717,-1.1559381484985352,0.752351701259613,-3.153954267501831,-1.5538992881774902,-0.5884850025177002,-3.666191816329956,-1.504402756690979,-0.7702404856681824,129.12837326345368,98.79635747169388,0.6439214944839478,0.5523132085800171,0.5820715427398682,0.5769743323326111,0.6313281655311584,0.6833159923553467,0.6643346548080444,0.7298237085342407,0.7495851516723633,0.7721433639526367,0.7374346256256104,0.6951789855957031,0.050962611607142855,0.026387065649032593,0.0
-220.57913208007812,125.09834289550781,78.3790054321289,44.402015686035156,25.007282257080078,22.666423797607422,16.510295867919922,15.785301208496094,6.554043769836426,2.891490936279297,-1.3129914999008179,-1.8658807277679443,-2.9689788818359375,-2.9203250408172607,-3.8573176860809326,-2.0120134353637695,-2.800415515899658,-2.2555294036865234,-2.8531062602996826,-3.4781227111816406,115.9592156345127,75.6105618743338,0.7990336418151855,0.7392869591712952,0.700273871421814,0.6306659579277039,0.5373227596282959,0.4827392101287842,0.49332699179649353,0.5707232356071472,0.6410279870033264,0.6659497022628784,0.7473936080932617,0.7537537813186646,0.03423549107142857,0.12794944643974304,0.0
-335.97088623046875,117.60255432128906,58.25394821166992,38.73476791381836,20.597854614257812,13.639172554016113,11.942256927490234,4.195995807647705,0.11828354001045227,3.013237714767456,0.8371782898902893,1.0835211277008057,-0.8530105948448181,-0.819888174533844,-1.5329196453094482,0.08026281744241714,-1.9395548105239868,-1.816118836402893,-3.008746862411499,-2.7428035736083984,159.18652705722292,114.63651191690933,0.7412558197975159,0.6932358145713806,0.60468989610672,0.5333508849143982,0.4784911274909973,0.46296191215515137,0.46485212445259094,0.5617347955703735,0.6881515383720398,0.7636001706123352,0.8368329405784607,0.7998692989349365,0.04220317322530864,0.014565495774149895,0.0
-270.9956970214844,169.06809997558594,68.95751953125,51.77082061767578,16.386150360107422,14.221205711364746,3.0495445728302,6.706915855407715,2.682656764984131,9.54172134399414,5.120873928070068,5.4331865310668945,1.7046383619308472,0.1386595070362091,-2.5900914669036865,-3.905073642730713,-4.564161777496338,-3.8372981548309326,-3.8845973014831543,-3.5544626712799072,93.72739726634214,75.37387237811666,0.8327189087867737,0.7281078100204468,0.6872138381004333,0.6566594839096069,0.5802103281021118,0.5014446973800659,0.4538158178329468,0.4438849985599518,0.5283163785934448,0.6734094023704529,0.8675794005393982,0.8934903740882874,0.04320068359375,0.10974609851837158,0.0
-241.5612335205078,95.17777252197266,73.737060546875,34.439697265625,26.466182708740234,18.620986938476562,2.2418506145477295,7.616142272949219,2.8334131240844727,1.5736873149871826,0.37588897347450256,2.5322837829589844,1.249207854270935,0.922090470790863,0.5650414824485779,2.957662582397461,-0.6791149973869324,2.4113845825195312,0.6824750900268555,-0.2018066793680191,178.64109212058545,110.67289605628999,0.7247229814529419,0.6341564655303955,0.6149479150772095,0.5969559550285339,0.5759403109550476,0.6732457280158997,0.6459493041038513,0.7211847901344299,0.7180291414260864,0.6253451704978943,0.7114750146865845,0.7429764866828918,0.057273327464788734,0.045429643243551254,0.0
-326.35614013671875,84.97639465332031,61.1082649230957,28.829509735107422,16.81492042541504,18.05624008178711,7.860363006591797,13.755653381347656,1.9934037923812866,7.867246150970459,2.488375186920166,4.650111198425293,-0.2787747383117676,0.9666719436645508,-1.57105553150177,-3.1462812423706055,-3.7852346897125244,-1.1591917276382446,-5.175637245178223,0.9267218708992004,213.1413293820301,157.07490092510784,0.6281546354293823,0.6146913170814514,0.632693350315094,0.6804117560386658,0.7443498373031616,0.7335852980613708,0.673066258430481,0.6275935769081116,0.6232333183288574,0.7138779163360596,0.7556380033493042,0.7168517112731934,0.05387486049107143,0.0106840580701828,0.0
-285.67047119140625,132.99356079101562,115.6286849975586,37.99953079223633,31.67752456665039,14.004711151123047,14.866425514221191,2.469926118850708,-1.0792453289031982,2.5589683055877686,4.2335076332092285,1.0274769067764282,-0.4389515519142151,-3.7102904319763184,-2.3184139728546143,-4.72856330871582,-2.3013758659362793,1.0656613111495972,-5.394008636474609,2.7693986892700195,100.31796257090828,68.8075634516035,0.7016173601150513,0.7897735238075256,0.8896599411964417,0.914245069026947,0.8202034831047058,0.6067495346069336,0.42795196175575256,0.379398912191391,0.3956885039806366,0.4672508239746094,0.5608498454093933,0.6713545918464661,0.037984793526785715,0.09638281166553497,0.0
-363.7120666503906,136.47767639160156,59.76248550415039,40.09672927856445,13.774944305419922,17.133495330810547,8.750125885009766,11.348700523376465,5.310469150543213,6.532297134399414,1.3279266357421875,1.7817955017089844,-0.5389013290405273,2.122588634490967,1.5163500308990479,3.6867923736572266,2.2910234928131104,1.9326616525650024,1.197447657585144,2.116895914077759,134.40316239188178,92.2140709443825,0.6061299443244934,0.6298128962516785,0.691230297088623,0.7465642094612122,0.7401493191719055,0.6887787580490112,0.7082662582397461,0.693902850151062,0.6579225063323975,0.6186776757240295,0.6595627069473267,0.6387039422988892,0.031033761160714286,0.017514105886220932,0.0
-347.3243713378906,152.7705841064453,86.10565948486328,40.0181770324707,17.806190490722656,16.701913833618164,7.290989875793457,9.446555137634277,6.510223388671875,6.4534912109375,6.177984714508057,4.730913162231445,1.4271782636642456,3.036304473876953,1.7248077392578125,2.173624038696289,3.4271950721740723,0.2617667019367218,0.6482024192810059,-1.679128885269165,104.47407487804256,72.11383678180819,0.6924197673797607,0.6331096291542053,0.5820978283882141,0.5057550072669983,0.469988077878952,0.4549277722835541,0.46166637539863586,0.47120338678359985,0.5602834224700928,0.6836439371109009,0.7212566137313843,0.7484976053237915,0.026499720982142858,0.04245029017329216,0.0
-312.7904052734375,126.17497253417969,83.53960418701172,35.79013442993164,17.864673614501953,18.366588592529297,4.040668487548828,9.26140308380127,2.5795907974243164,3.196474552154541,2.8342926502227783,4.961982250213623,0.5625025629997253,4.78551721572876,-1.2129145860671997,1.0945231914520264,-1.1526678800582886,-1.8198823928833008,-1.2195531129837036,-2.554523468017578,136.03266921577742,91.50809965037115,0.7977274060249329,0.7398425340652466,0.6920842528343201,0.6565698385238647,0.6293177604675293,0.5895649790763855,0.5820466876029968,0.5951288938522339,0.6734104752540588,0.7051048874855042,0.7411876916885376,0.7876899838447571,0.03572823660714286,0.03139009326696396,0.0
-262.09173583984375,126.21997833251953,87.97357177734375,32.407554626464844,12.971020698547363,15.574431419372559,3.6638505458831787,11.022004127502441,0.11989174038171768,0.30142614245414734,-2.078065872192383,-5.674886226654053,0.7682876586914062,-2.8894717693328857,-1.4152926206588745,-1.8212413787841797,-4.416516304016113,-1.8431686162948608,-4.852112293243408,-0.49760377407073975,138.62793647990532,99.97328419143643,0.7027732729911804,0.6441697478294373,0.6339308023452759,0.6093390583992004,0.5565376281738281,0.5604554414749146,0.5934330224990845,0.6041091084480286,0.5980802178382874,0.6354876756668091,0.6711713671684265,0.7114682793617249,0.05205426897321429,0.04481310024857521,0.0
-353.416015625,124.72675323486328,72.8710708618164,49.695064544677734,20.027467727661133,17.057476043701172,19.38031005859375,12.893445014953613,9.94424819946289,11.12509822845459,6.385042190551758,2.4447133541107178,-2.271193504333496,-1.181849479675293,-2.68631649017334,-1.7476099729537964,-2.692254066467285,-1.219915747642517,-5.715081691741943,-3.6269161701202393,115.79730592038821,73.21911171568314,0.5319167971611023,0.7186557650566101,0.7671927213668823,0.8038498759269714,0.8477984070777893,0.8386383056640625,0.7432953119277954,0.5497763752937317,0.4494084417819977,0.4524146616458893,0.44329842925071716,0.4297941327095032,0.03052662037037037,0.032970890402793884,0.0
-281.07666015625,149.25106811523438,77.30723571777344,29.022695541381836,15.15112018585205,10.217389106750488,0.4538939595222473,3.994019031524658,2.0057942867279053,5.801551342010498,-1.4590919017791748,-1.3715842962265015,-5.3543877601623535,-2.4297797679901123,-4.310094356536865,-1.694601058959961,-3.4866585731506348,-1.2432724237442017,-1.587675929069519,2.4108848571777344,120.20360159940856,97.20092684299156,0.628278911113739,0.6944976449012756,0.6796600818634033,0.6453294157981873,0.6708438992500305,0.7349219918251038,0.7717024087905884,0.7455077171325684,0.6962189078330994,0.564661979675293,0.5439435839653015,0.550803542137146,0.04893401731927711,0.03635122999548912,0.0
-235.89498901367188,127.8473129272461,61.61610794067383,48.763450622558594,20.360193252563477,15.23813533782959,3.9543511867523193,2.0116679668426514,-2.4270384311676025,-2.392282009124756,-2.5009872913360596,-4.6548752784729,-3.9430556297302246,-0.36730194091796875,0.1924889087677002,-1.4765359163284302,-3.0379223823547363,-1.8767740726470947,-1.517655849456787,-3.4018163681030273,137.7644858015577,107.84072209679184,0.7632220387458801,0.6872361898422241,0.5694046020507812,0.5425921082496643,0.5194280743598938,0.5007206201553345,0.4955499768257141,0.5155587792396545,0.5675721764564514,0.6523771286010742,0.6984671354293823,0.7891427874565125,0.044596354166666664,0.06904873996973038,0.0
-324.59619140625,110.20447540283203,68.06336212158203,42.33318328857422,20.320354461669922,12.016060829162598,8.195710182189941,10.776877403259277,2.0575051307678223,11.799007415771484,2.9742846488952637,1.2870222330093384,-0.8718782663345337,1.1305509805679321,-0.8413918614387512,-1.9605571031570435,1.5607463121414185,-0.45637232065200806,-0.29093027114868164,2.687081813812256,161.89680677786401,102.82813141190397,0.5213554501533508,0.5351967215538025,0.5476323962211609,0.5405595898628235,0.5296710729598999,0.5711702704429626,0.6685513854026794,0.7676945328712463,0.8379181027412415,0.7367060780525208,0.6684265732765198,0.5593788027763367,0.04701102120535714,0.022474166005849838,0.0
-302.2467346191406,134.929443359375,90.81085968017578,44.2442741394043,14.368490219116211,18.581043243408203,18.17935562133789,10.919072151184082,8.432330131530762,-1.462267518043518,0.6620352864265442,1.8320751190185547,0.44314122200012207,-6.259716987609863,-1.211226463317871,1.9305280447006226,-8.298871994018555,1.5663909912109375,-1.563004732131958,-7.047816753387451,108.0328840088486,71.65283968678992,0.7115477919578552,0.7318098545074463,0.661175549030304,0.48866114020347595,0.4239893853664398,0.4882732331752777,0.5146845579147339,0.5316725373268127,0.5535393357276917,0.6805018782615662,0.7438549399375916,0.7283200025558472,0.04075404575892857,0.06218978390097618,0.0
-306.5154724121094,113.71002197265625,57.06367492675781,59.71650695800781,14.734086036682129,20.332210540771484,6.270414352416992,6.719914436340332,5.287803649902344,5.103845596313477,1.2342026233673096,2.301159620285034,-0.8176103234291077,-0.3737429976463318,-1.6344212293624878,0.0341501422226429,-1.3556500673294067,-2.1837103366851807,-2.6363871097564697,-2.086515188217163,154.9510106264337,104.98117664184674,0.6910013556480408,0.7384024858474731,0.7777299284934998,0.7687994241714478,0.7661453485488892,0.7541127800941467,0.7368893623352051,0.744232714176178,0.747409999370575,0.7173060178756714,0.6907597780227661,0.6753310561180115,0.044066517065602835,0.026771262288093567,0.0
-311.096435546875,83.80048370361328,92.56642150878906,39.368385314941406,31.804729461669922,19.242197036743164,14.462095260620117,16.75022315979004,2.897319793701172,6.44218111038208,0.5439429879188538,3.0249502658843994,0.16017252206802368,-1.6077736616134644,-2.871316909790039,-1.4045592546463013,-5.308903217315674,-4.674697399139404,-2.07962703704834,-1.7228929996490479,166.28507181926716,91.71538452196978,0.6539623141288757,0.6880967020988464,0.7368937134742737,0.6921758651733398,0.6644558310508728,0.7033707499504089,0.7085073590278625,0.6709025502204895,0.6778396368026733,0.7348904609680176,0.6738443374633789,0.669317901134491,0.044552176339285716,0.031831271946430206,0.0
-273.7213134765625,93.96273803710938,72.57352447509766,38.85554504394531,17.2683048248291,22.727800369262695,7.938780784606934,8.190109252929688,2.7259521484375,4.0309858322143555,0.3817204535007477,2.6636383533477783,0.6352880001068115,1.7601954936981201,0.7215794324874878,3.3000378608703613,-2.170576810836792,6.170189380645752,-0.6244566440582275,4.751616477966309,180.955899492172,111.96946860479999,0.605355978012085,0.6795253157615662,0.761431097984314,0.7889977693557739,0.8044255375862122,0.7404025197029114,0.7289924621582031,0.6651694178581238,0.6246916055679321,0.5693080425262451,0.5239433646202087,0.5240233540534973,0.04110630580357143,0.0288527961820364,0.0
-330.1103820800781,92.91453552246094,19.680063247680664,60.890289306640625,24.232982635498047,13.396185874938965,10.405868530273438,13.286112785339355,5.82053804397583,6.198158264160156,-2.6311750411987305,1.324405312538147,-3.2205066680908203,-1.5707517862319946,-0.6890208721160889,1.906839370727539,0.4544335901737213,0.18758273124694824,-0.24283958971500397,0.9979670643806458,201.36079842584442,179.37649354718846,0.7051687240600586,0.6136442422866821,0.529187798500061,0.47103357315063477,0.43983787298202515,0.45244717597961426,0.44192272424697876,0.4609501361846924,0.5208091735839844,0.6397678852081299,0.6980946063995361,0.7454633712768555,0.06326381138392857,0.012070950120687485,0.0
-313.7373046875,130.33621215820312,62.18626403808594,35.38068389892578,18.776378631591797,19.87868309020996,12.165792465209961,10.995732307434082,6.935744285583496,6.786293029785156,4.454432010650635,4.425757884979248,3.7201128005981445,3.431950569152832,2.2614920139312744,0.833700954914093,0.3374796509742737,0.15489462018013,0.9720882773399353,-3.5137476921081543,133.78409466235274,87.77233874302067,0.7264428734779358,0.6582909226417542,0.601840078830719,0.542712390422821,0.501803994178772,0.5008001327514648,0.5052385330200195,0.5746952891349792,0.6647850871086121,0.7622002363204956,0.7780548334121704,0.7906315326690674,0.03890904017857143,0.03696148842573166,0.0
-327.1599426269531,128.85227966308594,79.80288696289062,40.54045867919922,11.876852035522461,21.990196228027344,4.053950309753418,15.378039360046387,6.67407751083374,12.038850784301758,6.177751064300537,5.74522066116333,0.22739222645759583,0.6957405805587769,-1.8154596090316772,-0.2475372701883316,-0.38861414790153503,0.7955808639526367,0.37632811069488525,0.05821520835161209,131.8262753752385,83.00663765458165,0.6382995247840881,0.5869632363319397,0.5260643362998962,0.5411210656166077,0.5720239281654358,0.6266583800315857,0.7497947812080383,0.8032898306846619,0.776499330997467,0.692340075969696,0.6359004974365234,0.6200683116912842,0.029317506602112676,0.03173242509365082,0.0
-375.6952819824219,131.20309448242188,94.26272583007812,47.12620162963867,30.511150360107422,15.87255859375,12.096332550048828,8.532929420471191,6.37505578994751,5.460365295410156,1.54718017578125,1.8616901636123657,-0.6708991527557373,-1.0488605499267578,-1.2435258626937866,-2.4054348468780518,-1.2314002513885498,-3.1003551483154297,-0.6274412274360657,-1.3475582599639893,106.62651886631352,68.77054593196803,0.4596499800682068,0.5000885128974915,0.6294279098510742,0.6941797733306885,0.64287269115448,0.603053092956543,0.5775344371795654,0.6430132389068604,0.6622125506401062,0.6076720356941223,0.6004247069358826,0.5549854636192322,0.03634556361607143,0.030756806954741478,0.0
-309.3299865722656,131.9293212890625,53.83207321166992,44.445953369140625,15.767749786376953,13.2075777053833,1.9329038858413696,7.120667934417725,4.330793380737305,5.867742538452148,2.848653554916382,3.0654072761535645,-1.6394779682159424,-2.6503138542175293,-5.317737102508545,-2.8266258239746094,0.009059960022568703,0.4700474143028259,-1.7986667156219482,-1.8745700120925903,141.3382317373136,102.61704192727706,0.5273682475090027,0.4625823199748993,0.42435431480407715,0.40564969182014465,0.41659972071647644,0.4803474247455597,0.6516270637512207,0.8385184407234192,0.9060664772987366,0.8571462631225586,0.677280604839325,0.6124604344367981,0.04331604863556338,0.02578457072377205,0.0
-262.45501708984375,84.04816436767578,56.295387268066406,28.616924285888672,9.823989868164062,17.556089401245117,4.151846408843994,6.171640396118164,1.7830911874771118,1.6890456676483154,0.0549120269715786,-1.4621760845184326,-0.18057012557983398,1.0003395080566406,-0.6740909814834595,3.205461263656616,-0.04484787955880165,-1.0624215602874756,0.9788532853126526,0.5227543711662292,222.5917263435139,169.6617936965848,0.5846104621887207,0.5926100611686707,0.5574454069137573,0.5728703737258911,0.6152953505516052,0.6578493118286133,0.7343693971633911,0.8177497982978821,0.7830569744110107,0.752604603767395,0.7043858766555786,0.6251832842826843,0.08433759973404255,0.01639561355113983,0.0
-189.7377471923828,82.26721954345703,23.61244773864746,39.97510528564453,4.474604606628418,18.132951736450195,-2.277691602706909,7.478461265563965,3.0906503200531006,11.585835456848145,3.198312997817993,-0.5605337023735046,-4.173437595367432,-1.20151948928833,-3.2649729251861572,0.6830166578292847,1.514214277267456,4.200801372528076,2.6192545890808105,2.535689115524292,236.81016797101233,206.36163397724127,0.5752649903297424,0.5144312977790833,0.47764360904693604,0.5376148223876953,0.6537991166114807,0.7306432723999023,0.7598033547401428,0.6935034990310669,0.7010586857795715,0.7949809432029724,0.8304940462112427,0.6915475130081177,0.10149619020061729,0.02268890105187893,0.0
-327.98828125,116.356201171875,69.4822998046875,32.221519470214844,14.308822631835938,16.940988540649414,5.758236408233643,8.070916175842285,1.5016969442367554,1.5601433515548706,0.12273227423429489,0.5039555430412292,2.2781362533569336,0.865382194519043,4.0111083984375,-0.409462034702301,-1.4317758083343506,4.051811218261719,-7.407806396484375,3.0975091457366943,162.04084237397467,114.40878223165805,0.7263246774673462,0.7612431049346924,0.7906292676925659,0.8052231669425964,0.7559456825256348,0.6720511317253113,0.600322425365448,0.5993630290031433,0.6251943111419678,0.6563291549682617,0.6868022084236145,0.6937516331672668,0.048929268973214285,0.01606147550046444,0.0
-297.12066650390625,89.99927520751953,71.92668914794922,44.03623962402344,14.912713050842285,20.781232833862305,5.472369194030762,12.517596244812012,3.9687490463256836,6.584531307220459,5.697697162628174,3.0385403633117676,4.529388904571533,3.39377498626709,1.6755024194717407,3.8752598762512207,1.1389882564544678,-0.38261765241622925,-1.1662499904632568,3.392110824584961,177.5395437775966,105.97848553014431,0.7973987460136414,0.7847119569778442,0.6792656183242798,0.6328429579734802,0.6282414793968201,0.6103312373161316,0.5778690576553345,0.64719557762146,0.6587840914726257,0.7395452260971069,0.7633196711540222,0.8513337969779968,0.04129813058035714,0.026230590417981148,0.0
-294.41864013671875,93.3477783203125,70.7226791381836,45.86266326904297,13.305213928222656,29.662538528442383,12.684192657470703,9.043612480163574,1.1780794858932495,1.3132504224777222,-1.4701725244522095,-0.655126690864563,2.1513607501983643,-2.3756608963012695,-0.6826191544532776,1.3150707483291626,0.4068308472633362,3.160613775253296,-2.7587344646453857,6.072197437286377,173.4835499766476,108.62598042841232,0.5165509581565857,0.5535542964935303,0.6410591006278992,0.699652373790741,0.7645560503005981,0.8162513375282288,0.7878144979476929,0.762712836265564,0.7725120782852173,0.771090030670166,0.7009521722793579,0.5536158084869385,0.042947972074468085,0.02544029988348484,0.0
-339.67633056640625,68.94432067871094,23.876928329467773,73.27439880371094,1.6059093475341797,14.942984580993652,16.193368911743164,-1.6095569133758545,-2.6114015579223633,4.896246433258057,0.46430766582489014,1.0502407550811768,-4.608684539794922,1.4240778684616089,1.3894087076187134,-3.7813310623168945,1.5225212574005127,0.15269115567207336,-0.491338849067688,0.030400140210986137,255.79872392636858,212.7659777393857,0.5934522151947021,0.563811719417572,0.6454957723617554,0.6803895235061646,0.7865243554115295,0.8855590224266052,0.8793224692344666,0.6127259135246277,0.5034134984016418,0.561984121799469,0.6538392901420593,0.6615280508995056,0.11518205915178571,0.005460656713694334,0.0
-308.4690246582031,96.1805648803711,95.24825286865234,28.100502014160156,27.403562545776367,19.121505737304688,10.96856689453125,5.735957622528076,6.493710994720459,4.342716693878174,2.744852066040039,1.2080258131027222,1.3921648263931274,2.7495310306549072,3.7228965759277344,0.5638949275016785,0.9491779208183289,0.8825525641441345,1.3601369857788086,-1.1735379695892334,168.64259886102798,97.14384718601998,0.697018563747406,0.6827535629272461,0.6491479277610779,0.5983278155326843,0.523874044418335,0.4857215881347656,0.47572755813598633,0.5091742277145386,0.5663862824440002,0.6249061822891235,0.6386634111404419,0.7370008826255798,0.039004043794014086,0.029977431520819664,0.0
-278.2972717285156,100.06849670410156,82.86739349365234,44.34733581542969,21.350521087646484,21.19218635559082,4.853977203369141,9.902615547180176,0.7605410814285278,4.311337947845459,1.3106701374053955,2.059513807296753,1.226505994796753,-0.4366726279258728,-0.3202664852142334,-0.008307220414280891,-0.9336530566215515,1.1117315292358398,-0.40591976046562195,-0.16238197684288025,171.05486302468617,109.77535587625405,0.5699564218521118,0.5398304462432861,0.580441415309906,0.6520572900772095,0.6929956674575806,0.7528623342514038,0.7591006755828857,0.7147454619407654,0.7032707333564758,0.6837840676307678,0.6494223475456238,0.594362735748291,0.06260388962765957,0.036969415843486786,0.0
-359.7242736816406,147.3699188232422,94.99049377441406,39.82880783081055,30.707944869995117,21.444477081298828,11.23790454864502,10.961691856384277,4.697846412658691,5.965892791748047,-0.054392408579587936,3.0751326084136963,-0.8200759887695312,2.3378870487213135,-2.552924633026123,0.9042038917541504,-1.8988924026489258,-0.49974125623703003,-0.8282357454299927,-3.4109609127044678,90.23616867954853,60.83427703309388,0.6557424664497375,0.5919645428657532,0.5049522519111633,0.46558868885040283,0.42487820982933044,0.4779014587402344,0.6000546216964722,0.7301962375640869,0.7079565525054932,0.8279581069946289,0.7710580229759216,0.761448323726654,0.03644627700617284,0.05099715292453766,0.0
-330.7146911621094,135.7578582763672,71.14016723632812,39.1404914855957,15.146489143371582,12.597647666931152,0.9320961236953735,3.6036922931671143,-1.6503223180770874,3.3746302127838135,0.2944169342517853,3.914487600326538,1.9132356643676758,3.4866836071014404,-0.38569220900535583,-0.6159653067588806,-2.030831813812256,-4.334976673126221,-2.756787061691284,-0.3539636731147766,137.07762074736746,101.59139545814271,0.6025514006614685,0.5911172032356262,0.5882681608200073,0.6125220060348511,0.690870463848114,0.7135696411132812,0.7475108504295349,0.7096482515335083,0.7043467164039612,0.7091390490531921,0.6953727006912231,0.644184410572052,0.0493896484375,0.019191836938261986,0.0
-300.88421630859375,114.59144592285156,88.2811508178711,59.99659729003906,28.202228546142578,6.364549160003662,18.19391441345215,9.853907585144043,8.387899398803711,3.1825106143951416,11.228689193725586,2.2822937965393066,-2.8250017166137695,6.128060340881348,7.510710716247559,-0.639376163482666,-5.281714916229248,3.603665351867676,-1.9778945446014404,-6.15907096862793,120.85399418142158,70.28712825527218,0.5719774961471558,0.6057779788970947,0.6209871172904968,0.5614680647850037,0.5053102374076843,0.5108931660652161,0.5510347485542297,0.5892027616500854,0.6188839673995972,0.5768308639526367,0.5556256771087646,0.5417172908782959,0.0303466796875,0.05817706137895584,0.0
-355.02978515625,130.60281372070312,52.87263870239258,48.12318801879883,12.997666358947754,12.851393699645996,8.59977912902832,5.419092655181885,3.2367477416992188,7.054375171661377,4.631576061248779,2.6398351192474365,2.376737356185913,-2.0637974739074707,-2.550640821456909,-3.7806129455566406,-1.807921051979065,1.303503394126892,-1.013782262802124,0.2285359501838684,143.52837792670778,101.99013420541228,0.7996136546134949,0.7866950035095215,0.749767005443573,0.6923075318336487,0.659168541431427,0.6477853655815125,0.586908757686615,0.5383862853050232,0.5708850026130676,0.648503303527832,0.7057913541793823,0.7852486371994019,0.03396344866071429,0.014539562165737152,0.0
-313.8311767578125,139.93093872070312,73.3750991821289,39.98202896118164,17.761199951171875,33.125972747802734,18.488248825073242,11.879252433776855,-0.6548532247543335,-1.8076543807983398,-2.446653127670288,-0.9860519766807556,2.8693718910217285,-1.584114670753479,-0.8342798948287964,-0.13677822053432465,-0.5333306193351746,0.6270447373390198,-5.712584018707275,3.530123710632324,116.00812671920532,80.51949092382888,0.6386551260948181,0.593271791934967,0.6324384212493896,0.6957376003265381,0.6238740086555481,0.5615001320838928,0.572273313999176,0.556851863861084,0.6184325814247131,0.6867631673812866,0.7160913348197937,0.7344157695770264,0.03133657468971631,0.04774352163076401,0.0
-267.3421630859375,124.47885131835938,107.05569458007812,42.129615783691406,25.428518295288086,18.224769592285156,6.61663293838501,12.015047073364258,0.37529799342155457,-0.9045419692993164,-1.7411861419677734,-3.1549699306488037,-3.950237989425659,-5.563342571258545,-2.987922430038452,-3.790034770965576,-3.226227283477783,-4.317200183868408,-0.6512394547462463,-1.7458908557891846,120.63534518086212,81.20965248940338,0.5520362257957458,0.6402423977851868,0.7274397015571594,0.7621397972106934,0.7446666359901428,0.6749404668807983,0.6644906401634216,0.68856281042099,0.6891821026802063,0.6354634165763855,0.5589702129364014,0.5370123386383057,0.045347377232142855,0.07655790448188782,0.0
-335.9372863769531,110.21808624267578,88.20338439941406,24.863380432128906,13.95564079284668,7.729249954223633,-0.9352169632911682,0.07296667248010635,-0.1622580885887146,-2.1824662685394287,-1.2257513999938965,6.725811958312988,-0.9931493401527405,7.953718185424805,5.601329326629639,4.180419921875,0.6441958546638489,3.1132466793060303,-0.8213151693344116,-3.004779815673828,168.96798923428094,120.92457447929603,0.8050095438957214,0.8058213591575623,0.772578775882721,0.7026481628417969,0.6318801641464233,0.5739890933036804,0.5690297484397888,0.5991406440734863,0.598922610282898,0.6466444730758667,0.7055304050445557,0.775499165058136,0.05018637213908451,0.014027888886630535,0.0
-329.4471130371094,105.3768310546875,33.50563049316406,40.894474029541016,-5.002630710601807,15.245662689208984,1.0613433122634888,3.875253200531006,3.7293291091918945,-3.3470511436462402,9.246679306030273,-3.4778668880462646,0.7568771243095398,-3.1842947006225586,-3.158735990524292,-1.1038806438446045,-2.4208900928497314,-0.43731287121772766,-1.8918217420578003,-1.8701356649398804,197.29689544079648,165.73694261106337,0.727111279964447,0.6408065557479858,0.5669036507606506,0.6022100448608398,0.6608872413635254,0.7388179898262024,0.7742257714271545,0.7872145175933838,0.7576889991760254,0.7483305335044861,0.780456006526947,0.7813757658004761,0.09932686941964286,0.010400013998150826,0.0
-368.1624450683594,85.09980010986328,107.67037200927734,35.784759521484375,27.35209083557129,18.823091506958008,9.975440979003906,5.3325300216674805,-0.9471190571784973,-2.3680436611175537,-5.169421195983887,-2.6079816818237305,-6.999862194061279,0.2094348520040512,-6.9350409507751465,-4.786499977111816,-3.1965832710266113,0.5490810871124268,0.08173204213380814,-2.7085230350494385,176.7696011397747,111.71871515716366,0.6169624328613281,0.6426738500595093,0.680757462978363,0.6872727870941162,0.6852505803108215,0.6969608664512634,0.6906492114067078,0.6602595448493958,0.6304795145988464,0.6484491229057312,0.7088549733161926,0.6550298929214478,0.06736886160714285,0.01588580012321472,0.0
-321.17706298828125,115.21627807617188,59.02520751953125,46.2496337890625,9.508700370788574,20.107070922851562,9.319157600402832,11.011120796203613,5.199213027954102,9.465970039367676,3.3945133686065674,3.688824415206909,1.1095958948135376,0.20340140163898468,2.595151901245117,-0.23125648498535156,-0.49974626302719116,0.2552907168865204,-0.6962924003601074,0.31980404257774353,156.16237529330786,100.53354453055609,0.6076452732086182,0.5684183239936829,0.5716460943222046,0.6630493402481079,0.7034072279930115,0.6932148337364197,0.6647773385047913,0.6995890736579895,0.7427107095718384,0.7609139084815979,0.7436279654502869,0.6698164343833923,0.037538364955357145,0.021774403750896454,0.0
-270.8756103515625,119.54718017578125,42.78754425048828,39.98450469970703,20.8017578125,15.10546875,-6.367768287658691,0.13869476318359375,-3.298757553100586,-0.7369781732559204,-1.8674482107162476,-1.7206871509552002,1.1163007020950317,-0.9870622754096985,1.2841309309005737,-2.0368945598602295,-1.1113845109939575,0.15058565139770508,-1.8693026304244995,1.8488850593566895,170.65289424977516,137.96654647721417,0.787952721118927,0.7995833158493042,0.7216638922691345,0.6743951439857483,0.6707062125205994,0.7020263075828552,0.6402028203010559,0.6299454569816589,0.6540982127189636,0.6859262585639954,0.7067097425460815,0.7266684174537659,0.053309849330357144,0.021941501647233963,0.0
-357.42889404296875,85.51171112060547,57.63399887084961,28.355627059936523,19.529098510742188,11.872406005859375,11.501811981201172,12.112920761108398,12.258955955505371,7.304263114929199,7.240413188934326,0.49301257729530334,-0.07681654393672943,-2.801788806915283,-0.33049070835113525,3.0611019134521484,1.8989359140396118,-0.7168146371841431,1.6612051725387573,-1.0822105407714844,207.40591479875636,145.0863757402919,0.6385584473609924,0.5394480228424072,0.4888189136981964,0.47437983751296997,0.5201774835586548,0.6006165146827698,0.6680598258972168,0.7283603549003601,0.7070488929748535,0.7106809616088867,0.7436642050743103,0.7512916922569275,0.05209040987318841,0.009184161201119423,0.0
-290.2276611328125,127.44329071044922,73.16334533691406,49.55783462524414,17.40998649597168,20.519792556762695,4.018034934997559,4.7005438804626465,-2.8693904876708984,4.677371501922607,-9.40532398223877,-1.6649348735809326,-6.0605669021606445,1.9212498664855957,2.0513131618499756,-1.1813702583312988,2.7866995334625244,0.7465677261352539,3.0681352615356445,-3.4980952739715576,132.92922541444528,94.60156250579976,0.6565398573875427,0.6029780507087708,0.5881015658378601,0.6232004165649414,0.5921501517295837,0.5043107867240906,0.47971010208129883,0.5736055374145508,0.6541018486022949,0.6751810312271118,0.6636372804641724,0.657176673412323,0.03520856584821429,0.036988865584135056,0.0
-281.4270324707031,134.27125549316406,71.30097198486328,33.581642150878906,20.247535705566406,10.010693550109863,6.921472072601318,4.945405960083008,1.5825923681259155,-2.0345242023468018,3.40659236907959,1.8189647197723389,-0.4281807541847229,4.231028079986572,1.1325136423110962,3.266749143600464,1.272709608078003,1.0047663450241089,4.3242363929748535,-2.1228139400482178,138.46626843153248,100.01725007324644,0.6935269832611084,0.6487972736358643,0.5928162336349487,0.5861721038818359,0.611213743686676,0.6236678957939148,0.6250345706939697,0.6776676177978516,0.7378793358802795,0.7517855167388916,0.7846061587333679,0.7790815234184265,0.037440276342975205,0.03560607507824898,0.0
-274.0654296875,60.915836334228516,81.63721466064453,18.887571334838867,20.997941970825195,15.91967487335205,8.298273086547852,10.454209327697754,5.973034381866455,6.506601810455322,3.620042324066162,-0.627511739730835,2.160677909851074,-0.7234416604042053,0.6255852580070496,-0.4074762463569641,0.46736159920692444,1.6378508806228638,-3.9481921195983887,6.0061259269714355,261.86196963812927,177.92215434808455,0.6028614044189453,0.5583769679069519,0.5851574540138245,0.6259816288948059,0.6547353267669678,0.5896878242492676,0.5178264379501343,0.576744019985199,0.6867021322250366,0.8569163680076599,0.6605721712112427,0.9053549766540527,0.09704740547839506,0.015664951875805855,0.0
-252.69509887695312,42.99806594848633,59.89064025878906,43.08612060546875,9.162592887878418,22.270191192626953,5.00092887878418,11.236791610717773,1.57066810131073,1.8649003505706787,-0.4231353998184204,1.3908358812332153,0.4133830666542053,-0.49539855122566223,-0.32752442359924316,-0.49813929200172424,-3.4751574993133545,-0.37327277660369873,-1.3395124673843384,-0.2911214828491211,285.11480134200247,231.20912648681406,0.546728789806366,0.485236793756485,0.48540738224983215,0.5217404961585999,0.6031968593597412,0.6777277588844299,0.787338376045227,0.8637174367904663,0.8795500993728638,0.7534441351890564,0.7025270462036133,0.5908685326576233,0.14958943111795775,0.013896329328417778,0.0
-344.7816467285156,99.65542602539062,93.72561645507812,37.55830001831055,18.533279418945312,19.768095016479492,6.92476224899292,5.809666156768799,-0.3338744640350342,-3.6269679069519043,-5.820151329040527,-5.531975269317627,-3.1451644897460938,-4.639422416687012,-5.251306056976318,-5.045957088470459,-5.275053024291992,-2.0769121646881104,-1.637276530265808,-2.298602342605591,160.70881945943302,109.03315374496334,0.7614255547523499,0.7910311818122864,0.8142570853233337,0.8475304245948792,0.8312756419181824,0.7617707848548889,0.724373459815979,0.6934217810630798,0.67356938123703,0.6591284871101379,0.6595538258552551,0.7118732333183289,0.0554443359375,0.017031611874699593,0.0
-254.87049865722656,108.60813903808594,39.670448303222656,45.644615173339844,11.88951301574707,17.049034118652344,5.639355659484863,7.96675968170166,1.5153495073318481,3.708108425140381,-2.352123260498047,0.11015181988477707,-0.5977368950843811,1.3471200466156006,1.634366750717163,-0.24143394827842712,-1.800903558731079,-1.9648995399475098,-3.0339348316192627,-2.3882029056549072,184.26528643048002,152.72829436296948,0.6303002834320068,0.6531132459640503,0.7155856490135193,0.732643187046051,0.7032549977302551,0.6999455690383911,0.7073119282722473,0.6607286930084229,0.6701911091804504,0.770989179611206,0.6737567186355591,0.6013309359550476,0.055439933401639344,0.023233922198414803,0.0
-339.5614929199219,52.76423263549805,66.26025390625,21.205629348754883,17.37171745300293,16.54325294494629,9.927375793457031,9.53369426727295,8.625097274780273,-1.9697849750518799,6.388744831085205,-5.401512622833252,2.9610252380371094,-1.7668321132659912,-1.927894115447998,-0.580622136592865,-3.322906494140625,-1.6256283521652222,-1.0674868822097778,-3.2577340602874756,273.5430990297072,215.80360130713615,0.6804946660995483,0.6391716599464417,0.6186935305595398,0.6659871935844421,0.6977307796478271,0.6794427037239075,0.6815886497497559,0.7382524609565735,0.7261762619018555,0.6019516587257385,0.646019697189331,0.8381025791168213,0.11572721962616822,0.006048571318387985,0.0
-306.4887390136719,89.84273529052734,60.08938980102539,55.116458892822266,10.545716285705566,18.39673614501953,1.419630527496338,6.247951030731201,7.230877876281738,8.443306922912598,-0.6238805055618286,1.797383189201355,-1.7477515935897827,-1.5171159505844116,-2.819685697555542,-0.6517646312713623,-4.145185947418213,-3.49045467376709,-3.8320741653442383,-4.562047004699707,189.00672525115317,132.82438436178958,0.7383803725242615,0.7422183156013489,0.6818963289260864,0.5930237770080566,0.5088563561439514,0.5028505921363831,0.5633029937744141,0.6324954032897949,0.6982181668281555,0.813788115978241,0.7907673716545105,0.728801965713501,0.06629621478873239,0.017273543402552605,0.0
-267.6087646484375,82.1079330444336,90.26891326904297,37.381370544433594,22.551715850830078,22.536930084228516,9.229997634887695,11.703617095947266,-0.6899775266647339,0.8248793482780457,-1.7560336589813232,-0.6859490871429443,-0.6057589054107666,-2.002159833908081,-1.2856615781784058,-1.976658821105957,-2.9132020473480225,-2.2309341430664062,-2.043303966522217,-3.021271228790283,188.21093813402658,115.61237546152667,0.58567875623703,0.6010643839836121,0.6840025186538696,0.7605208158493042,0.6991241574287415,0.6189179420471191,0.6321210265159607,0.7073241472244263,0.7470483779907227,0.7360464930534363,0.7012552618980408,0.6507492661476135,0.05491444762323944,0.034174345433712006,0.0
-361.2520751953125,96.85758972167969,93.13850402832031,31.009756088256836,21.17176628112793,13.140883445739746,9.808574676513672,12.721906661987305,7.397752285003662,1.1210447549819946,6.351134777069092,-0.09089335054159164,0.8075265884399414,0.067570760846138,-1.054671049118042,1.0991913080215454,-1.4214314222335815,-1.3512227535247803,-0.7809252142906189,-2.4133052825927734,169.14832948396193,100.58603165726524,0.6147472262382507,0.601736307144165,0.5695613622665405,0.6185544729232788,0.6903027296066284,0.7142959237098694,0.6465380787849426,0.5981476306915283,0.6215118765830994,0.6315405368804932,0.6508429050445557,0.6364085078239441,0.044252232142857145,0.015443682670593262,0.0
-325.99603271484375,56.280887603759766,55.1700553894043,46.62788772583008,8.634272575378418,17.068693161010742,15.540331840515137,4.347205638885498,7.468818187713623,5.152491569519043,3.557825803756714,3.1676018238067627,0.42973268032073975,0.19401292502880096,0.6069379448890686,0.030774498358368874,1.2532999515533447,-2.147937059402466,3.4708433151245117,-3.6589813232421875,261.29434911668505,195.63806992767385,0.6180803179740906,0.6158907413482666,0.6193666458129883,0.6685582399368286,0.6859759092330933,0.6832799315452576,0.6915749311447144,0.6965440511703491,0.6371940970420837,0.6846444606781006,0.764395534992218,0.7036638259887695,0.06513323102678571,0.00772845046594739,0.0
-339.6471862792969,98.95038604736328,67.75569915771484,50.37657928466797,32.31081008911133,28.1256103515625,18.35483169555664,14.982527732849121,9.298965454101562,7.854358673095703,5.163060665130615,2.530280113220215,0.176721453666687,0.26995253562927246,-2.1444737911224365,-2.11044979095459,-1.3859891891479492,-2.6951231956481934,-1.5705819129943848,-1.7054919004440308,142.48848752571269,80.31675048529083,0.6868771314620972,0.7343940138816833,0.7938951253890991,0.7935523986816406,0.6769036054611206,0.6263572573661804,0.5488448739051819,0.484464168548584,0.4439389407634735,0.4517216682434082,0.47902777791023254,0.5672945380210876,0.03484111812943262,0.032462283968925476,0.0
-313.94073486328125,103.45079040527344,70.00309753417969,56.04777908325195,13.548697471618652,29.60338020324707,7.260601043701172,7.823754787445068,5.429437160491943,5.261547565460205,3.802290201187134,3.7237496376037598,-0.8238084316253662,-0.2308914214372635,-1.873204231262207,-1.3000093698501587,-1.2829710245132446,-1.2682527303695679,-1.252648949623108,-1.0304334163665771,161.98558124894282,103.24375582414291,0.8021425008773804,0.8335617184638977,0.8283706903457642,0.6660189628601074,0.5980539321899414,0.5722506642341614,0.5276715159416199,0.4974158704280853,0.5137602686882019,0.4679676592350006,0.5365816950798035,0.6626365184783936,0.039515904017857144,0.027218757197260857,0.0
-290.4613952636719,80.8949966430664,69.0628433227539,30.195953369140625,12.305218696594238,18.728517532348633,6.156655311584473,9.022433280944824,0.27494096755981445,0.30990463495254517,-1.2283923625946045,-1.1029375791549683,0.9915227890014648,-2.848930835723877,5.237507343292236,2.4033827781677246,5.8662590980529785,5.746140480041504,1.0146681070327759,5.301612854003906,219.09311447792138,155.32204675200416,0.6425111889839172,0.5888888835906982,0.5074946880340576,0.5093039274215698,0.5136899352073669,0.6190665364265442,0.6735020875930786,0.7335776090621948,0.8293027877807617,0.8055899739265442,0.7730100154876709,0.7476446628570557,0.05525319169207317,0.014051707461476326,0.0
-289.0779724121094,108.13778686523438,94.08451843261719,39.75880432128906,27.894943237304688,15.048112869262695,13.99462604522705,9.353357315063477,7.9266767501831055,2.217909336090088,3.1655263900756836,-0.8992458581924438,-4.454715251922607,-4.474461078643799,-1.1275739669799805,-5.408789157867432,-3.2920048236846924,-2.4578495025634766,-3.181687593460083,-2.245678663253784,137.78432299318106,86.05785806472788,0.6591109037399292,0.6746824383735657,0.6284561157226562,0.5948461890220642,0.5774099826812744,0.5540904998779297,0.5632250308990479,0.6096670031547546,0.6308861374855042,0.6300376653671265,0.6116275787353516,0.6164240837097168,0.04155970982142857,0.045833539217710495,0.0
-260.45184326171875,109.93180084228516,62.6099739074707,18.570728302001953,9.340071678161621,14.816547393798828,13.109818458557129,11.370365142822266,5.875093936920166,0.2723497748374939,-2.9906623363494873,0.34576040506362915,-0.11501244455575943,0.08783863484859467,-0.41392961144447327,0.9155209064483643,-1.3030158281326294,0.7305333614349365,-3.967738628387451,0.3905116617679596,180.96635438336068,137.92594894107174,0.5943000316619873,0.6544645428657532,0.7453646659851074,0.8122433423995972,0.818536639213562,0.7445857524871826,0.6797325611114502,0.6032444834709167,0.6100546717643738,0.6129217147827148,0.5834468007087708,0.6088338494300842,0.0443115234375,0.02411636896431446,0.0
-259.8273620605469,184.13291931152344,63.36771774291992,25.230749130249023,6.269621849060059,12.694218635559082,16.276845932006836,22.00122833251953,2.770618438720703,5.445664405822754,-0.05402829125523567,-1.0533113479614258,-2.2225563526153564,-5.5433349609375,-4.332535743713379,-1.1246892213821411,-0.7213839888572693,-2.901763916015625,-5.207988739013672,-3.2015843391418457,96.7346734494798,78.92088514922574,0.9040889143943787,0.8791399598121643,0.698445200920105,0.5417950749397278,0.4425223767757416,0.40408918261528015,0.41338488459587097,0.4044046998023987,0.43188297748565674,0.5812643766403198,0.7119948863983154,0.911312460899353,0.039121791294642855,0.10451288521289825,0.0
-314.0489501953125,107.52338409423828,60.700531005859375,33.46945571899414,10.924647331237793,6.4198784828186035,10.669454574584961,5.1894402503967285,5.911604404449463,0.14839310944080353,-3.9875235557556152,-1.2957504987716675,-0.5819787383079529,1.349330186843872,1.382189393043518,-1.1379581689834595,-0.47590044140815735,-2.361710786819458,-0.16796040534973145,-4.291336536407471,183.24052345966058,138.94547500844848,0.7479454874992371,0.8258294463157654,0.8614979982376099,0.7950529456138611,0.6628446578979492,0.6056696772575378,0.5779861807823181,0.5509182810783386,0.521874725818634,0.5239178538322449,0.5571915507316589,0.6564226150512695,0.0511474609375,0.013386224396526814,0.0
-317.81243896484375,74.03378295898438,89.17797088623047,52.18869400024414,37.514190673828125,29.594852447509766,20.956369400024414,15.922661781311035,9.88086986541748,3.3378055095672607,3.359804391860962,-0.2868451178073883,0.1727837175130844,-5.301503658294678,-1.0883128643035889,-3.185936689376831,0.23029518127441406,-3.5039753913879395,-1.3534071445465088,1.6246862411499023,162.66835561609668,85.71891575244722,0.7347912192344666,0.8039013743400574,0.6890844106674194,0.5519360899925232,0.5736060738563538,0.5908877849578857,0.5259700417518616,0.5075650811195374,0.49049389362335205,0.5062882304191589,0.5614193081855774,0.6449823379516602,0.033328683035714284,0.03575346991419792,0.0
-376.5231628417969,128.81314086914062,68.10520935058594,49.56031036376953,27.816377639770508,23.59085464477539,14.046944618225098,14.705073356628418,8.824508666992188,5.465320587158203,0.7342750430107117,0.4225298762321472,-1.0845668315887451,-0.13064341247081757,0.886669933795929,2.298082113265991,2.0942678451538086,2.2593088150024414,1.2195713520050049,1.0106782913208008,121.0419888310045,75.65121733181599,0.641055166721344,0.5251524448394775,0.4981846809387207,0.500343918800354,0.5454223155975342,0.6002494096755981,0.545648992061615,0.4727434515953064,0.5446041226387024,0.6863142848014832,0.7591756582260132,0.7581479549407959,0.028860909598214284,0.025528956204652786,0.0
-341.7803649902344,109.48876190185547,70.0955581665039,56.361244201660156,16.466678619384766,29.18313980102539,15.407486915588379,10.896732330322266,8.740607261657715,7.6470255851745605,5.2117390632629395,7.277667045593262,0.38535696268081665,3.058314561843872,0.5711345672607422,-0.0005044221761636436,-0.7204205989837646,-2.3150198459625244,-2.3860666751861572,-4.204336166381836,133.28219708598957,76.21180875471582,0.6366778612136841,0.6194198131561279,0.5784862637519836,0.5677208304405212,0.5358069539070129,0.5506969690322876,0.5771204829216003,0.6008190512657166,0.661945641040802,0.6790944337844849,0.6847177743911743,0.631134569644928,0.032332356770833334,0.030842164531350136,0.0
-312.2792663574219,122.42761993408203,101.2518310546875,43.306339263916016,32.97245788574219,19.451982498168945,7.069826126098633,6.658380508422852,-1.9805585145950317,1.2405465841293335,-2.047468900680542,-2.4329442977905273,-1.611811876296997,-3.5885794162750244,-2.2693557739257812,-2.6162807941436768,-2.521272897720337,-1.5126303434371948,-3.0791842937469482,-0.18037433922290802,116.06210194996524,77.28567257092703,0.47976744174957275,0.4484845697879791,0.49234744906425476,0.5765464901924133,0.6526068449020386,0.7430312037467957,0.7610470652580261,0.7203394174575806,0.7027251124382019,0.6203226447105408,0.5529505014419556,0.5138005614280701,0.04505440848214286,0.0534222275018692,0.0
-241.67861938476562,95.48639678955078,49.40932846069336,30.79286003112793,19.97040367126465,18.28824806213379,7.788357734680176,13.585613250732422,9.242438316345215,9.550600051879883,1.9298771619796753,2.042435884475708,1.470505714416504,-7.039096355438232,0.8514356017112732,-3.657885789871216,1.089050054550171,4.720536231994629,-4.344910621643066,4.712634563446045,192.82362455777607,133.44993733557683,0.593656063079834,0.5841860771179199,0.6187121272087097,0.675117552280426,0.6768460273742676,0.6510455012321472,0.5507235527038574,0.5516224503517151,0.5195149183273315,0.5213152766227722,0.5186238288879395,0.5336681008338928,0.05366874035493827,0.030766699463129044,0.0
-345.4278564453125,104.64598846435547,93.63917541503906,40.18134689331055,25.582504272460938,22.763154983520508,7.513362884521484,12.601727485656738,2.9901301860809326,6.757761001586914,4.5287861824035645,0.17850345373153687,5.10237455368042,2.1576638221740723,0.9050518274307251,0.12015239149332047,0.7668171525001526,-0.852055013179779,0.8917768597602844,-3.8897440433502197,142.04011138319908,80.90331424408116,0.7070454359054565,0.8173708915710449,0.7690868973731995,0.6959787607192993,0.611572265625,0.4820792078971863,0.45099937915802,0.46418845653533936,0.49319109320640564,0.5033785104751587,0.5271736979484558,0.6381236910820007,0.036850527108433735,0.028870481997728348,0.0
-299.52313232421875,82.92289733886719,65.99578094482422,28.77854347229004,21.12840461730957,16.127199172973633,11.437697410583496,10.073248863220215,2.3470985889434814,4.818068504333496,0.8642266988754272,1.0490059852600098,2.974334716796875,-0.6871115565299988,0.9367647171020508,0.5465567111968994,0.2536935806274414,0.0633176937699318,0.5484834909439087,-0.41751983761787415,209.30625219272537,141.43681290927896,0.6491773724555969,0.6049975752830505,0.5668725371360779,0.5900666117668152,0.612818717956543,0.6365885734558105,0.665604293346405,0.693504273891449,0.7076431512832642,0.7315314412117004,0.7359226942062378,0.7576121687889099,0.055398088160569105,0.016733767464756966,0.0
-322.930419921875,76.14908599853516,83.36149597167969,47.40573501586914,15.966423988342285,23.230998992919922,10.737849235534668,10.394107818603516,0.5547577738761902,4.554060935974121,-1.830240249633789,-0.19056227803230286,-4.824376583099365,-1.2508070468902588,-2.971839427947998,-3.663647413253784,-1.061972975730896,-2.3212742805480957,-1.8571254014968872,0.2992899715900421,199.45948001515237,125.2386505527543,0.5918697118759155,0.54848712682724,0.5515952706336975,0.5877070426940918,0.6345027685165405,0.6268354654312134,0.6537874341011047,0.7500351667404175,0.8700637817382812,0.9009866714477539,0.7772852182388306,0.6492373943328857,0.0512939453125,0.015585157088935375,0.0
-324.9261474609375,100.98927307128906,84.04534912109375,50.20928192138672,20.73210906982422,17.588397979736328,9.439932823181152,7.94374942779541,-1.6243551969528198,8.091473579406738,-0.05499403178691864,0.31568455696105957,6.986800670623779,-4.663180351257324,2.8347256183624268,1.3786890506744385,-1.2905328273773193,-1.2628860473632812,2.8450355529785156,-4.3183393478393555,155.43145828840943,95.54814581265688,0.7353509068489075,0.7107495665550232,0.6304510831832886,0.549914538860321,0.5298540592193604,0.48531094193458557,0.44056230783462524,0.45638102293014526,0.5187844634056091,0.592404305934906,0.6411300897598267,0.7291950583457947,0.040110518292682924,0.02702699974179268,0.0
-345.37384033203125,99.81288146972656,93.17784881591797,46.848270416259766,34.90336608886719,24.962846755981445,14.448155403137207,12.495089530944824,0.23492665588855743,2.304025888442993,-5.159229278564453,-0.9124870300292969,-4.964515209197998,-1.4809291362762451,-2.673198938369751,-2.799306631088257,-1.3132954835891724,-2.278409719467163,-0.473664790391922,-1.7982245683670044,144.05889169711077,90.8994696116075,0.48663631081581116,0.3025165796279907,0.28498291969299316,0.3518889546394348,0.4634482264518738,0.6137435436248779,0.6386071443557739,0.6879906058311462,0.8179234862327576,0.8216240406036377,0.8066559433937073,0.7339090704917908,0.03950892857142857,0.033553142100572586,0.0
-345.7867126464844,108.74411010742188,80.68453979492188,36.15788269042969,29.234392166137695,9.760516166687012,11.855819702148438,6.816619396209717,-1.8394361734390259,2.7175326347351074,2.4004480838775635,-3.4088141918182373,2.433422088623047,-4.9138312339782715,8.092155456542969,-8.166572570800781,1.7240618467330933,-0.7572378516197205,-2.0873236656188965,-5.335550308227539,156.3381084308938,101.10524662029934,0.7043316960334778,0.7196019291877747,0.7632797360420227,0.7402083873748779,0.6939685344696045,0.6345738172531128,0.6231791973114014,0.6321138143539429,0.6354081034660339,0.6630356907844543,0.7333230972290039,0.7658166289329529,0.05084751674107143,0.018096020445227623,0.0
-318.13946533203125,70.15080261230469,109.14993286132812,45.341102600097656,19.53408432006836,21.62705421447754,8.84799575805664,8.612881660461426,-2.6122329235076904,4.270485877990723,-2.5519323348999023,-0.8613781332969666,-1.351515531539917,2.8369641304016113,1.407917857170105,-4.702383041381836,2.63413667678833,0.5140466094017029,-1.1995295286178589,1.3102225065231323,199.00230270313602,116.31802707349036,0.7027133703231812,0.8077789545059204,0.8251813054084778,0.7251723408699036,0.6202579140663147,0.586959183216095,0.5761277079582214,0.6327328681945801,0.6625902652740479,0.6978700160980225,0.6405818462371826,0.6392107009887695,0.06165503102836879,0.022868068888783455,0.0
-318.3202209472656,98.07672882080078,57.901084899902344,44.04628372192383,9.148524284362793,24.035381317138672,8.313429832458496,13.234140396118164,3.1358320713043213,6.857092380523682,0.36648303270339966,2.817209243774414,-4.151188373565674,0.7345704436302185,-1.3083980083465576,0.542133092880249,1.2749521732330322,0.18863637745380402,3.2728281021118164,-0.9602702260017395,184.27745591643,126.08757430209639,0.5468838810920715,0.5519747734069824,0.5662080645561218,0.6504106521606445,0.7232693433761597,0.7568265199661255,0.7912728786468506,0.8063415884971619,0.8475515842437744,0.7818433046340942,0.6564800143241882,0.5644068717956543,0.037168666294642855,0.015360408462584019,0.0
-198.58888244628906,50.79216003417969,57.023590087890625,37.88429641723633,6.978398323059082,18.232229232788086,4.578930854797363,10.145957946777344,2.9627833366394043,7.170392036437988,0.03785166144371033,3.0742387771606445,-0.4267534613609314,0.23093168437480927,0.14899533987045288,-0.2854081392288208,-0.9805250763893127,0.8921919465065002,-1.4757163524627686,-0.29626068472862244,261.28056983337996,248.83829048485916,0.5505446195602417,0.5085638761520386,0.5006411075592041,0.49733057618141174,0.506278395652771,0.5730751156806946,0.6260939836502075,0.727997362613678,0.8254845142364502,0.8124035596847534,0.7538232207298279,0.6325560212135315,0.08752092633928571,0.026793407276272774,0.0
-303.396240234375,109.3087158203125,44.659767150878906,44.99252700805664,8.869839668273926,8.926673889160156,8.415206909179688,-1.4508639574050903,0.9103251695632935,0.5146867036819458,-0.17188213765621185,-0.06443686038255692,0.6843197345733643,2.071413516998291,-0.5862706899642944,0.5635002851486206,-0.9605234265327454,0.9265740513801575,-1.706903338432312,-0.7734817266464233,184.2703224020827,142.99560110879838,0.6727457046508789,0.6712481379508972,0.6421410441398621,0.6063492298126221,0.6210213899612427,0.707155168056488,0.8350829482078552,0.8375194668769836,0.7924444675445557,0.7636159658432007,0.7101919651031494,0.680497407913208,0.06339634486607143,0.014145264402031898,0.0
-351.5089111328125,152.72621154785156,97.34095001220703,40.24311447143555,30.777027130126953,14.936485290527344,18.720855712890625,5.601451396942139,8.420307159423828,0.04260871186852455,1.1737219095230103,-3.3806090354919434,-0.8154911398887634,-3.5652027130126953,1.9073458909988403,-1.2834116220474243,-0.15110178291797638,3.8894011974334717,-3.9120559692382812,2.5048720836639404,92.7534563178503,66.69851999184432,0.7486876845359802,0.7297323942184448,0.6240227818489075,0.6128244400024414,0.5968528389930725,0.6476545333862305,0.7101982235908508,0.698061466217041,0.6414221525192261,0.6157235503196716,0.5749359130859375,0.6321839094161987,0.032141819473140494,0.04904276877641678,0.0
-322.29559326171875,74.87261199951172,81.31561279296875,33.24726486206055,19.80072021484375,12.954927444458008,9.205381393432617,1.5044382810592651,0.4998786747455597,-4.601110458374023,-1.938538670539856,-3.64787220954895,-2.59666109085083,-4.601657867431641,-3.191828727722168,-4.887051582336426,-3.4377853870391846,-1.874043583869934,-2.9908206462860107,-2.276480197906494,212.279981956599,172.54810045873975,0.6339988708496094,0.6251450777053833,0.6163066029548645,0.5993887186050415,0.6493035554885864,0.6610218286514282,0.6211193203926086,0.6244035363197327,0.6485681533813477,0.6453128457069397,0.6458151936531067,0.6225972175598145,0.061422208460365856,0.012477336451411247,0.0
-287.38079833984375,82.05748748779297,74.42815399169922,53.91790771484375,29.038986206054688,29.42643165588379,13.36865234375,13.269157409667969,3.2447516918182373,7.878264904022217,2.716585874557495,1.2622345685958862,0.8588831424713135,1.937232494354248,-0.5781216025352478,0.7553693652153015,-1.7858961820602417,-1.4144060611724854,-0.21940425038337708,-2.7068088054656982,168.81608744167826,94.03205521307241,0.6030773520469666,0.6526182889938354,0.7062652707099915,0.6902036070823669,0.6851852536201477,0.6291038990020752,0.6449139714241028,0.6337060928344727,0.5697180032730103,0.4987576901912689,0.5124437808990479,0.5326287746429443,0.03713951581790124,0.040650010108947754,0.0
-284.0065002441406,132.69972229003906,80.6748275756836,39.411624908447266,30.31302833557129,15.80672836303711,6.804951190948486,0.049433834850788116,0.12273618578910828,-2.6351499557495117,-2.503816604614258,4.62882661819458,-1.3196442127227783,7.1417341232299805,4.495504856109619,1.8985857963562012,0.8503332734107971,0.15517136454582214,0.19783854484558105,-4.433221340179443,117.81024485081113,81.41434579663705,0.8617122173309326,0.8363088369369507,0.7477160096168518,0.7077611088752747,0.6618697047233582,0.6244924068450928,0.5664658546447754,0.6153265237808228,0.6725660562515259,0.7311020493507385,0.7702524662017822,0.8550598621368408,0.03864282024793388,0.060778629034757614,0.0
-319.4737854003906,108.49027252197266,68.41728210449219,45.8785400390625,15.366206169128418,19.634918212890625,4.971831321716309,11.271467208862305,2.189119577407837,3.43768572807312,-1.325312852859497,-0.4122958183288574,-1.8859213590621948,-1.9051374197006226,-2.721863269805908,-0.566510796546936,-1.4815411567687988,-1.612741231918335,-2.101738214492798,-1.8005478382110596,162.9931458752749,111.49882849531896,0.7238901853561401,0.7559860348701477,0.7233961820602417,0.6942793130874634,0.6863203644752502,0.6272539496421814,0.6208446025848389,0.6327266693115234,0.686050534248352,0.739903450012207,0.767815887928009,0.7581338882446289,0.04152134486607143,0.018894540145993233,0.0
-305.52093505859375,104.79586029052734,66.7762451171875,41.04283905029297,11.26125431060791,22.656904220581055,9.097641944885254,11.14736270904541,4.861647605895996,6.82270622253418,3.64363169670105,1.352228045463562,-1.5878055095672607,0.4785501956939697,0.45791706442832947,2.4841132164001465,1.1526179313659668,0.6365618109703064,0.45076784491539,1.887391448020935,166.2729485917158,104.47634470618334,0.7355030179023743,0.716402530670166,0.6628544330596924,0.6197380423545837,0.5702964067459106,0.612068772315979,0.6832065582275391,0.6698868274688721,0.657415509223938,0.6348034739494324,0.6064722537994385,0.6704546213150024,0.0379474179964539,0.02440348081290722,0.0
-288.7364807128906,68.68561553955078,71.57352447509766,45.66071701049805,13.841291427612305,16.418153762817383,6.737266540527344,6.579028129577637,1.6322792768478394,-8.004247665405273,2.8624863624572754,-5.004129409790039,-2.0231006145477295,-0.10857070982456207,4.1293044090271,-2.357971668243408,-2.0855634212493896,0.48470601439476013,0.8506214618682861,-3.9430205821990967,228.48859886050468,171.35544479057478,0.6992231607437134,0.7436995506286621,0.7781285047531128,0.7559010982513428,0.7004028558731079,0.6742870807647705,0.6796844601631165,0.680187463760376,0.632990837097168,0.6546246409416199,0.6809706687927246,0.7065951228141785,0.0588134765625,0.013502081856131554,0.0
-238.2842559814453,129.86669921875,63.57221603393555,34.2952880859375,13.562628746032715,8.89588451385498,4.237565517425537,7.780407428741455,7.326742649078369,10.295886039733887,4.9877166748046875,8.85237979888916,0.4051933288574219,1.8522405624389648,-1.9876991510391235,-7.878564357757568,-3.748939037322998,-5.054028511047363,-0.39478325843811035,-6.490750312805176,140.37942379882136,102.62765175694327,0.4398072361946106,0.4468960165977478,0.5078359246253967,0.5715045928955078,0.7178657054901123,0.9240512251853943,0.8892309069633484,0.6935139894485474,0.544971764087677,0.45421093702316284,0.42866989970207214,0.42708471417427063,0.04779103176652893,0.05649081617593765,0.0
-305.4950866699219,92.19066619873047,72.40773010253906,42.13209915161133,11.170771598815918,23.416654586791992,9.182853698730469,5.712619304656982,3.9625539779663086,-1.503501296043396,1.3719159364700317,-0.3667868673801422,-1.624996542930603,-3.005643844604492,-4.250399112701416,-0.2981084883213043,-3.286083459854126,-2.726346969604492,-1.4822133779525757,-4.835853576660156,181.45790541109486,121.10918112412567,0.8488146066665649,0.7393186092376709,0.6192211508750916,0.5122258067131042,0.45918163657188416,0.48834148049354553,0.5097569823265076,0.5580853223800659,0.6512858271598816,0.7344856262207031,0.8000825643539429,0.858413577079773,0.058408900669642855,0.018716495484113693,0.0
-275.4807434082031,124.94173431396484,61.35808181762695,41.5113410949707,17.867778778076172,25.1210880279541,5.838257312774658,4.870227336883545,-0.3794548213481903,5.7734456062316895,3.014005661010742,4.936720848083496,-1.2812581062316895,0.5081285834312439,-1.1350829601287842,-0.7164905071258545,-0.9783733487129211,-0.24329954385757446,-1.445981740951538,-1.4364124536514282,144.97197971953744,103.29377168958266,0.7139418721199036,0.8359464406967163,0.8392903804779053,0.7639885544776917,0.6284182071685791,0.5470435619354248,0.5200116038322449,0.5334232449531555,0.5342183113098145,0.5120400190353394,0.524617612361908,0.6282314658164978,0.04535012167008197,0.04140748456120491,0.0
-324.1829833984375,124.19822692871094,84.5425033569336,38.097599029541016,16.766611099243164,20.001314163208008,9.896808624267578,13.575949668884277,8.32182788848877,7.7062482833862305,4.913486957550049,1.8884809017181396,-1.5348632335662842,0.7415686845779419,-2.2827200889587402,0.04955488070845604,-1.1699594259262085,-1.2806487083435059,-0.47252318263053894,-1.9858862161636353,127.09906583930393,81.05344879319922,0.6542310118675232,0.6413121819496155,0.6475146412849426,0.6551616191864014,0.6218022108078003,0.5591940879821777,0.5576881766319275,0.574776828289032,0.654771089553833,0.7414296269416809,0.7576022744178772,0.7095168232917786,0.040290178571428574,0.036893561482429504,0.0
-266.548095703125,82.2586669921875,80.40275573730469,48.77464294433594,21.986547470092773,12.233250617980957,8.85696792602539,7.779526233673096,-0.008388192392885685,-2.535327196121216,-3.9449005126953125,0.7991729974746704,-2.349473237991333,-0.30759939551353455,5.123198986053467,-1.791253685951233,-0.5922898650169373,-0.5637293457984924,-1.478580355644226,-5.219878673553467,189.44165287923857,142.284680338578,0.5429232716560364,0.6534130573272705,0.6937573552131653,0.6791282296180725,0.6291657090187073,0.5833678245544434,0.6122369170188904,0.6911927461624146,0.7880995869636536,0.7054831981658936,0.5640026926994324,0.503053605556488,0.04697963169642857,0.03310758247971535,0.0
-295.8275146484375,152.96841430664062,98.54118347167969,54.54426574707031,23.252443313598633,16.863807678222656,-1.6918995380401611,-0.6793723106384277,-4.82475471496582,-1.384827971458435,-1.6341630220413208,0.33241915702819824,-1.600393533706665,-0.5792885422706604,-2.997338056564331,-1.7701084613800049,-4.614128112792969,-1.5269618034362793,-2.1019039154052734,-0.6758684515953064,90.99196749679848,76.47812275827769,0.5874198079109192,0.5320633053779602,0.6002292037010193,0.6944563984870911,0.7350845336914062,0.7737234830856323,0.8181166052818298,0.8055168390274048,0.7884384989738464,0.8078465461730957,0.8061695098876953,0.7211880683898926,0.04001116071428571,0.06892172992229462,0.0
-355.5430603027344,104.62430572509766,87.62091827392578,46.704227447509766,21.196691513061523,22.643146514892578,12.238937377929688,14.839900016784668,9.504164695739746,9.732681274414062,1.4650980234146118,3.4994606971740723,-0.38818463683128357,0.6029911041259766,-2.3538596630096436,-0.21134258806705475,-1.3992146253585815,0.9539953470230103,-1.8542526960372925,-1.5042650699615479,134.39295020968146,76.5843219526416,0.6834378838539124,0.7064781188964844,0.6726683378219604,0.6101426482200623,0.5739349722862244,0.5889903903007507,0.607396125793457,0.5643531084060669,0.5308976769447327,0.5462072491645813,0.6071310043334961,0.675829291343689,0.035792759486607144,0.028298454359173775,0.0
-299.7463684082031,127.21075439453125,48.661102294921875,38.039794921875,28.131771087646484,14.679159164428711,11.801071166992188,7.252925395965576,6.266811370849609,4.964870929718018,3.302442789077759,3.381584882736206,3.2117130756378174,0.34296953678131104,0.11386997252702713,0.7408498525619507,-0.7006476521492004,1.384940505027771,-2.216559410095215,-0.031473029404878616,145.79522238019953,98.06096165862535,0.6127519607543945,0.6579104065895081,0.7104514837265015,0.7859336733818054,0.7183454632759094,0.6241618990898132,0.5738853216171265,0.5678122043609619,0.6139529347419739,0.6150493621826172,0.5877751111984253,0.5686533451080322,0.03849051339285714,0.027540255337953568,0.0
-275.8551940917969,135.33135986328125,84.1913070678711,24.844228744506836,12.79360294342041,12.026142120361328,4.317343711853027,2.984712600708008,-1.831910252571106,2.534160852432251,-2.698533296585083,0.6803081631660461,-1.1284401416778564,3.238945960998535,-2.888946056365967,-0.3791755735874176,-6.107078552246094,-0.6797590851783752,-1.9713184833526611,1.1407071352005005,133.45547505556195,102.40416663977126,0.488381952047348,0.5018427968025208,0.5654047727584839,0.6175153255462646,0.6633526086807251,0.7202889323234558,0.7668278217315674,0.7428925037384033,0.7270915508270264,0.6758460402488708,0.612881064414978,0.5293295979499817,0.04927804129464286,0.04057871550321579,0.0
-275.64764404296875,61.54198455810547,61.16575241088867,28.288803100585938,21.388404846191406,17.693897247314453,6.252968788146973,7.089284896850586,2.7105674743652344,2.039780855178833,2.6618642807006836,0.1825520098209381,0.4668254256248474,-1.3996601104736328,1.4693140983581543,-2.1405627727508545,-3.47287917137146,-2.5942745208740234,-2.546661615371704,-1.401481032371521,243.61775755058957,207.03422849982178,0.4291064441204071,0.41793912649154663,0.4567002058029175,0.48519596457481384,0.4930897355079651,0.5701645612716675,0.6965188980102539,0.7997725009918213,0.8287909626960754,0.7861063480377197,0.6715410351753235,0.5492710471153259,0.08437151227678572,0.01694669760763645,0.0
-322.110107421875,110.1002426147461,47.52152633666992,46.448326110839844,15.104662895202637,16.106290817260742,6.5408477783203125,7.261151313781738,-0.28619199991226196,-3.1799185276031494,-1.125557780265808,-1.8745161294937134,0.043509386479854584,-0.10725739598274231,1.8480761051177979,-2.6477952003479004,-2.0948538780212402,-3.806844711303711,-2.610164165496826,-4.018665313720703,170.9004817259781,130.6819184800254,0.6453924179077148,0.7116922736167908,0.6476366519927979,0.6026352047920227,0.6101517677307129,0.6632952690124512,0.7325343489646912,0.7904484272003174,0.7697128057479858,0.6515940427780151,0.5343191623687744,0.5409601330757141,0.060121372767857145,0.01818176731467247,0.0
-382.7389831542969,121.72868347167969,73.63488006591797,40.24137878417969,15.330204010009766,11.362881660461426,2.5873324871063232,6.717569351196289,2.0765926837921143,4.1524457931518555,6.202282905578613,5.575478553771973,2.295121192932129,3.7519783973693848,-1.1346678733825684,-0.7278115749359131,-2.540968179702759,-0.8404331803321838,-0.453643798828125,-2.7213809490203857,145.24711421364995,98.30408762758393,0.6765446066856384,0.5958132147789001,0.5945156216621399,0.5589119791984558,0.5708228349685669,0.5961763858795166,0.6129732131958008,0.6474522948265076,0.715540885925293,0.7863667011260986,0.8412799835205078,0.7790409922599792,0.03866838727678571,0.0122577715665102,0.0
-321.3634948730469,127.510009765625,56.89834976196289,32.99235916137695,23.750347137451172,14.392460823059082,12.939765930175781,8.2046480178833,7.565410614013672,4.701240062713623,6.9337263107299805,3.9571585655212402,2.8125557899475098,-1.9487792253494263,-0.779404878616333,-2.9853386878967285,-0.6415239572525024,-0.5546796917915344,-1.1321855783462524,-0.5514969229698181,144.84901756677286,101.05039261931833,0.6145036816596985,0.6547520756721497,0.6967896223068237,0.7373263239860535,0.6894352436065674,0.6227946877479553,0.6180941462516785,0.6493708491325378,0.7324110865592957,0.6622807383537292,0.6053131818771362,0.6002944707870483,0.03282487896126761,0.023778827860951424,0.0
-327.6188659667969,115.3443374633789,62.700138092041016,46.30723190307617,22.939889907836914,12.611236572265625,7.197240352630615,8.690732955932617,2.9675209522247314,2.126866102218628,-1.035913109779358,2.6018288135528564,-6.787910461425781,-2.222973585128784,1.6807767152786255,-4.093207836151123,-1.772144079208374,2.1191112995147705,2.5458106994628906,-1.9368877410888672,151.69521140252098,105.80987945075466,0.6643552780151367,0.7075194120407104,0.6894807815551758,0.6301549077033997,0.5877135992050171,0.6259533762931824,0.6751295328140259,0.7839123606681824,0.813917338848114,0.7270171642303467,0.6378652453422546,0.6152485013008118,0.036600167410714285,0.018767764791846275,0.0
-262.4798278808594,124.11345672607422,36.74220275878906,25.11075210571289,15.017827033996582,17.47455596923828,9.009252548217773,9.381451606750488,5.426156997680664,4.543691158294678,-0.3041315972805023,-1.1384129524230957,-2.600604295730591,-0.9941056966781616,0.8306971788406372,0.444381445646286,0.366287499666214,1.9741064310073853,-2.0689003467559814,-0.19721823930740356,170.5864803919931,143.523383929801,0.758748471736908,0.7507468461990356,0.7335584163665771,0.7113269567489624,0.6923322677612305,0.675786554813385,0.6777250170707703,0.7437636256217957,0.7997479438781738,0.8110795021057129,0.8317112922668457,0.7466517686843872,0.056832107843137254,0.02209901250898838,0.0
-232.7996368408203,145.102783203125,89.69367980957031,26.946807861328125,5.852482318878174,13.404006958007812,3.8962438106536865,4.951650619506836,1.1601108312606812,2.2762489318847656,-0.9213350415229797,-0.7953699231147766,-0.22594396770000458,0.4638122618198395,-1.8132126331329346,-2.2188804149627686,-6.308943748474121,-1.390555739402771,-2.4631879329681396,-1.5015754699707031,121.28230258063613,96.69204792057076,0.5801581144332886,0.6231250762939453,0.6961103677749634,0.8111838102340698,0.818444550037384,0.7669276595115662,0.7133936882019043,0.6888361573219299,0.6491999626159668,0.594674825668335,0.5834757685661316,0.5865480303764343,0.046435546875,0.06968311220407486,0.0
-325.5355529785156,94.25045013427734,63.86518096923828,31.830970764160156,17.7614803314209,17.99412727355957,6.411936283111572,7.092248439788818,3.7140915393829346,7.529548168182373,1.8556663990020752,5.118851661682129,2.5328285694122314,1.2973859310150146,2.4476449489593506,1.33953857421875,0.27333223819732666,-1.5120590925216675,-1.577051043510437,-1.4454249143600464,192.68899628169427,142.6405708930862,0.6580706238746643,0.6607633233070374,0.7026733756065369,0.7293078303337097,0.704215943813324,0.6699329018592834,0.6267150640487671,0.6377427577972412,0.727317750453949,0.7901453971862793,0.7850122451782227,0.735051155090332,0.045942826704545456,0.013442125171422958,0.0
-145.58514404296875,129.3517303466797,36.091064453125,35.35130310058594,9.636743545532227,16.693328857421875,1.2891353368759155,6.960137844085693,1.630223274230957,2.7620818614959717,-0.4559875428676605,0.8400801420211792,-1.0157113075256348,-1.189355731010437,-2.6360342502593994,-1.916848063468933,-2.6534101963043213,-2.148960828781128,-2.6358015537261963,-2.872793674468994,162.94923478217706,128.47146308798906,0.7461639046669006,0.7225483059883118,0.6985343098640442,0.6693856120109558,0.6323422193527222,0.627892255783081,0.6683342456817627,0.7033249139785767,0.7350465655326843,0.7539016008377075,0.7665275931358337,0.7645559906959534,0.058349609375,0.102711021900177,0.0
-331.55389404296875,60.84149169921875,100.78064727783203,40.652217864990234,30.741182327270508,20.534015655517578,12.958910942077637,16.08509635925293,5.709022521972656,9.615137100219727,4.584323406219482,1.7879023551940918,2.14341402053833,0.29412704706192017,-3.8736977577209473,-0.6646973490715027,-1.8676578998565674,-3.4086012840270996,-1.7026766538619995,2.63019061088562,206.35084872814923,117.90931551446286,0.622089684009552,0.6019179224967957,0.5902712941169739,0.5812327861785889,0.5257443785667419,0.45639604330062866,0.41854918003082275,0.4438306391239166,0.5838976502418518,0.733528196811676,0.7875899076461792,0.6960477232933044,0.049159458705357144,0.030735114589333534,0.0
-354.00799560546875,152.3577423095703,91.00052642822266,39.48255920410156,26.62401580810547,15.329015731811523,5.241517066955566,4.428591251373291,6.046117782592773,0.5403665900230408,-2.4958252906799316,-1.9233355522155762,-1.9697750806808472,-2.017411708831787,-3.1130316257476807,-0.04534464329481125,-0.5021675229072571,-0.30807217955589294,-1.3356977701187134,-3.3577687740325928,95.16441992498476,74.4394703963661,0.7651588916778564,0.7435246109962463,0.7293456196784973,0.6727948784828186,0.6638160347938538,0.6811187863349915,0.71551913022995,0.7675657272338867,0.8524802327156067,0.8358690738677979,0.7744247913360596,0.7601705193519592,0.03839518229166667,0.03766012191772461,0.0
-279.9084167480469,42.27375030517578,53.838348388671875,39.910736083984375,9.965177536010742,21.098949432373047,7.942951202392578,15.329083442687988,4.345058441162109,7.301466464996338,-0.14063525199890137,-0.16466350853443146,-3.936131238937378,-1.5392054319381714,-5.37790584564209,-2.6844701766967773,-6.559108257293701,-4.360130786895752,-4.429152488708496,-3.910508871078491,285.0637360481215,234.42226717862408,0.526084840297699,0.43380528688430786,0.41555094718933105,0.45712020993232727,0.5336824059486389,0.6110934019088745,0.6448027491569519,0.6949661374092102,0.8292739391326904,0.8992763757705688,0.8352877497673035,0.6828166246414185,0.13046947877798507,0.009192192927002907,0.0
-234.6900177001953,116.16307067871094,42.18766784667969,55.20155334472656,20.8088436126709,10.632431030273438,6.251269817352295,2.8964710235595703,2.4382920265197754,0.10264062881469727,0.40427276492118835,-1.5591113567352295,-0.4999971091747284,0.15487974882125854,-0.688156247138977,-2.137913703918457,-3.9216463565826416,-0.7747664451599121,-2.0563039779663086,-2.172222375869751,165.4034213760847,117.53817588331852,0.6344947814941406,0.701968252658844,0.7875511646270752,0.8027077317237854,0.7463722229003906,0.6510899066925049,0.5906257629394531,0.48000600934028625,0.45584836602211,0.47109171748161316,0.5185450911521912,0.58977210521698,0.05051629118217054,0.03866569697856903,0.0
-345.2637634277344,102.27392578125,66.24048614501953,47.21112060546875,15.734228134155273,28.824901580810547,10.390814781188965,16.076353073120117,7.193519115447998,9.511371612548828,2.764967203140259,7.468193531036377,3.901590347290039,1.5419954061508179,-0.9037328362464905,0.25419411063194275,-2.6812171936035156,-0.09037519246339798,-2.8725268840789795,-0.8257035613059998,151.24639391762392,87.38340084372167,0.6362780928611755,0.6244174838066101,0.6393194198608398,0.6412132978439331,0.5982086658477783,0.5977063775062561,0.6383971571922302,0.6227284669876099,0.6382717490196228,0.6200876235961914,0.6398001313209534,0.6574234962463379,0.035599190848214286,0.023198604583740234,0.0
-313.65399169921875,125.447265625,79.07573699951172,34.09248733520508,15.263352394104004,19.990699768066406,2.7160708904266357,9.999852180480957,3.47430419921875,7.84503698348999,3.077244281768799,5.22235631942749,-2.845400333404541,-1.2173337936401367,-4.085663795471191,-1.6124138832092285,-0.6479104161262512,-0.7013683915138245,-1.556265950202942,-0.622252881526947,142.36280770864582,96.83802315402004,0.6394245624542236,0.6279159784317017,0.6619446277618408,0.6660552620887756,0.6489447355270386,0.679328203201294,0.6594449281692505,0.6581799387931824,0.6853022575378418,0.6770227551460266,0.6869425773620605,0.7060161828994751,0.03912876674107143,0.028769224882125854,0.0
80.69837188720703,122.48007202148438,22.753522872924805,24.7397403717041,11.880707740783691,15.392170906066895,6.2854228019714355,5.684438228607178,3.129486322402954,8.520421981811523,3.5638017654418945,5.750933647155762,-2.2559938430786133,1.98690927028656,0.1820646971464157,2.36175799369812,-1.7881006002426147,1.1573837995529175,-0.564065158367157,-1.4232527017593384,186.58774341129575,150.002252525868,0.7252262234687805,0.7964507937431335,0.7212424874305725,0.7238523960113525,0.8054320812225342,0.7582674622535706,0.7658435106277466,0.6803082823753357,0.7287786602973938,0.77314293384552,0.731813907623291,0.6478278040885925,0.060788001543209874,0.5606988668441772,0.0
55.57079315185547,123.39112854003906,25.168445587158203,22.942838668823242,10.013771057128906,10.441390991210938,4.372202396392822,8.480545997619629,3.459235668182373,5.512486934661865,6.557165622711182,4.83156681060791,0.6162753701210022,1.334652304649353,0.4551714062690735,-0.7380536198616028,-0.2707364857196808,-0.004144091624766588,0.627238929271698,-0.4705946147441864,186.29157191296855,153.2511118611771,0.6717383861541748,0.5370339155197144,0.5450489521026611,0.6087941527366638,0.5950485467910767,0.5604945421218872,0.5295305848121643,0.6284003257751465,0.7114388942718506,0.8552294969558716,0.8837752938270569,0.7980720400810242,0.06553819444444445,0.4319433867931366,0.0
-352.6558837890625,105.04459381103516,85.57194519042969,43.14310836791992,32.65432357788086,19.90569305419922,14.409704208374023,11.243255615234375,5.838013648986816,2.8238489627838135,4.053585529327393,-3.1960155963897705,1.5718564987182617,-3.648153305053711,-0.6349558234214783,-0.729312002658844,0.21605446934700012,0.3038819432258606,0.7839922308921814,-2.554285764694214,142.43428546982327,82.31863561302671,0.6391922831535339,0.6617557406425476,0.5814260840415955,0.5731326937675476,0.5271346569061279,0.5467424988746643,0.6404489278793335,0.6540645360946655,0.7499013543128967,0.7790974974632263,0.6452869772911072,0.660952091217041,0.03706114969135803,0.02272823080420494,0.0
-249.1902313232422,128.1591796875,53.17610168457031,47.74501419067383,16.81114959716797,14.911770820617676,5.6328349113464355,7.806784629821777,5.473814010620117,7.438452243804932,0.8959155678749084,2.6974239349365234,-0.46036410331726074,0.04062189906835556,-0.6424949765205383,-0.20021264255046844,-2.1828629970550537,-2.5778136253356934,-4.373227119445801,-4.685513973236084,151.86320805686665,121.42333424062984,0.6496851444244385,0.6143190264701843,0.6220723986625671,0.6762096285820007,0.6343322992324829,0.6045230627059937,0.6222380995750427,0.7393061518669128,0.8192978501319885,0.7993478775024414,0.7757073640823364,0.7363294363021851,0.04527413504464286,0.0443606935441494,0.0
-307.8802795410156,115.94707489013672,92.48082733154297,35.63248825073242,29.346216201782227,13.336307525634766,14.647457122802734,7.122585773468018,8.208206176757812,6.129645824432373,4.306717395782471,2.7189126014709473,0.05934636667370796,1.8275728225708008,-1.3684184551239014,0.321922242641449,-3.3875319957733154,0.9881693124771118,-2.363577365875244,0.6692370772361755,139.35975831604247,86.0944671872261,0.5686354637145996,0.5824880599975586,0.6601951718330383,0.6575387120246887,0.6323484778404236,0.5982810258865356,0.571774423122406,0.5484248995780945,0.5822483897209167,0.6352583169937134,0.6352263689041138,0.618077278137207,0.03428188590116279,0.04098616912961006,0.0
-286.9253845214844,132.53372192382812,60.60540008544922,49.752994537353516,21.26861000061035,21.818525314331055,15.335623741149902,10.72115707397461,3.1912150382995605,2.732584238052368,-1.5178859233856201,1.578297734260559,-1.6678199768066406,-2.032210350036621,-2.4662296772003174,-2.3799209594726562,-3.5662779808044434,-1.5824997425079346,-4.981424331665039,-1.8172085285186768,128.46534274482536,91.11258441551334,0.6394711136817932,0.7107877135276794,0.6496819853782654,0.7391067147254944,0.8162038922309875,0.7450432181358337,0.6755752563476562,0.6305685639381409,0.6062971353530884,0.5530926585197449,0.5784227848052979,0.6226151585578918,0.03622977615248227,0.04353705793619156,0.0
-97.22804260253906,180.96731567382812,48.55519485473633,33.02252197265625,9.432122230529785,6.918991565704346,-0.8983315825462341,1.2702817916870117,-2.664202928543091,-0.25790539383888245,0.8778420686721802,-0.5120238661766052,-0.9454435110092163,-1.136476993560791,-0.9068542718887329,-1.792937994003296,-1.428580403327942,-2.522442579269409,-0.8452844023704529,-1.498659372329712,111.98754531556767,105.13518908856011,0.6258931159973145,0.5569043159484863,0.4935227930545807,0.4837462306022644,0.5850106477737427,0.6427807211875916,0.6487721800804138,0.7024355530738831,0.7227907776832581,0.7087831497192383,0.7379026412963867,0.6797524690628052,0.054464285714285715,0.2746069133281708,0.0
-384.9808044433594,125.92874145507812,90.45320129394531,38.5347785949707,28.096439361572266,20.365047454833984,6.199406147003174,6.330073833465576,0.780117392539978,1.0301669836044312,0.32832878828048706,1.1510109901428223,-1.9136850833892822,0.4967498481273651,-2.278907299041748,3.435549020767212,-1.9317375421524048,-0.8205236792564392,-1.362369418144226,-1.7965469360351562,121.79828153805896,80.92623857639094,0.43705883622169495,0.574088454246521,0.6199914813041687,0.779617190361023,0.9291422963142395,0.8518856167793274,0.7291565537452698,0.6761640906333923,0.5775726437568665,0.5209097266197205,0.4327044188976288,0.3460746705532074,0.0414306640625,0.017997728660702705,0.0
-306.3669738769531,142.9981689453125,49.62311553955078,51.10226058959961,18.461450576782227,13.593509674072266,3.8376166820526123,2.0904898643493652,-4.528404712677002,-2.723982334136963,-6.381380558013916,-2.9768152236938477,-3.7374441623687744,-2.4839866161346436,-2.185692548751831,-1.333503007888794,-2.087710380554199,-1.8881202936172485,-3.3638105392456055,-3.087623357772827,129.91746905973338,109.89847642752638,0.7584357857704163,0.7841899394989014,0.7463523745536804,0.6785176396369934,0.5943679213523865,0.5212961435317993,0.4784693419933319,0.49634048342704773,0.5288405418395996,0.5429127216339111,0.6094333529472351,0.69814133644104,0.05424764333677686,0.030319685116410255,0.0
-272.0873107910156,153.099853515625,78.97850799560547,28.585941314697266,15.88082218170166,14.489653587341309,17.024255752563477,2.5635995864868164,-0.6677569150924683,-2.9357926845550537,-0.11829717457294464,-2.155095338821411,-0.1912568062543869,-6.844261646270752,-3.8620400428771973,-5.193171501159668,-4.632209300994873,-2.497812032699585,-1.861616849899292,-2.666668176651001,110.7242868966516,89.22044554566942,0.6937202215194702,0.6572328209877014,0.6619621515274048,0.6575841307640076,0.638579249382019,0.6315916180610657,0.601108729839325,0.6660491824150085,0.8006945252418518,0.8591369986534119,0.8350439667701721,0.7861939072608948,0.04234730113636364,0.05237389728426933,0.0
-310.96258544921875,108.65001678466797,33.88902282714844,51.96413803100586,6.4770612716674805,21.334453582763672,7.663491249084473,8.679059028625488,-0.1315080225467682,2.381239891052246,-5.281986713409424,-0.10799068957567215,-3.7617597579956055,-2.1488606929779053,-4.116584300994873,-4.729588985443115,-5.210544586181641,-2.5056378841400146,-3.219987630844116,-3.045032501220703,178.18900522876694,143.8441700742648,0.6944547891616821,0.7301676869392395,0.7651429176330566,0.743152379989624,0.6572259068489075,0.5829267501831055,0.5792304277420044,0.6258019208908081,0.674090564250946,0.6863359212875366,0.6779851913452148,0.6723266839981079,0.06839425223214286,0.017154287546873093,0.0
-259.9368896484375,106.52728271484375,66.33977508544922,37.89176559448242,16.136049270629883,17.880929946899414,10.895930290222168,10.611806869506836,8.83394718170166,3.9353785514831543,3.3221499919891357,-0.8996354341506958,1.391303539276123,-2.8781964778900146,-1.1508159637451172,-3.1119439601898193,-0.04353579133749008,-1.9422389268875122,0.7200546264648438,-1.1712499856948853,162.37481894246912,106.66780059991696,0.6380833387374878,0.6333439350128174,0.615158200263977,0.5890218615531921,0.5650814771652222,0.5914205312728882,0.6621927618980408,0.7405843138694763,0.8076483607292175,0.76686692237854,0.6807336211204529,0.6252233386039734,0.042689732142857144,0.03636842966079712,0.0
-308.25225830078125,106.9998779296875,94.4339828491211,33.16769790649414,22.420074462890625,15.505073547363281,12.23884105682373,14.26955509185791,8.572465896606445,7.664673328399658,-1.716793417930603,-0.7750040888786316,-2.083805561065674,-0.9214360117912292,-1.392506718635559,-3.4517741203308105,-4.3893208503723145,-3.6847643852233887,-3.56972336769104,-0.20255427062511444,145.25589706560282,93.37695894131409,0.5359166860580444,0.5943086743354797,0.6609830260276794,0.7391671538352966,0.8162313103675842,0.8739981651306152,0.7859543561935425,0.6840606927871704,0.6309119462966919,0.5542705655097961,0.5094733834266663,0.5247063636779785,0.06153215680803571,0.03932448849081993,0.0
-323.7997131347656,105.07132720947266,66.7181167602539,34.114479064941406,6.790598392486572,13.918042182922363,6.6254167556762695,6.284523010253906,4.550968647003174,1.086931586265564,6.257606506347656,3.9183366298675537,2.6678128242492676,3.2844505310058594,2.2256669998168945,1.0691715478897095,2.3971753120422363,-0.664750874042511,1.3200589418411255,0.10770271718502045,172.33403619649434,121.90862553310326,0.6113640666007996,0.5777997374534607,0.5568425059318542,0.5340412855148315,0.5654542446136475,0.6031396389007568,0.6600533127784729,0.7273010015487671,0.8366370797157288,0.7919723391532898,0.7477697730064392,0.6380437612533569,0.045769391741071426,0.01762484759092331,0.0
-322.5265197753906,122.0616226196289,81.60589599609375,50.418601989746094,18.28630256652832,27.47340202331543,9.042784690856934,17.112308502197266,6.819118022918701,4.259189605712891,-1.661889672279358,-2.8299951553344727,-5.942875385284424,-4.627640724182129,-7.119156360626221,-6.147658824920654,-7.6923441886901855,-6.557461261749268,-6.124736785888672,-3.023501396179199,120.86268972100835,82.46329049916663,0.5372341871261597,0.49667632579803467,0.5226109027862549,0.638062596321106,0.7671039700508118,0.7933945059776306,0.7478883862495422,0.7782716155052185,0.8369367122650146,0.8099545836448669,0.7327526807785034,0.6378698348999023,0.04381808428697183,0.040135543793439865,0.0
-271.797607421875,131.9573516845703,99.90011596679688,29.749483108520508,15.187577247619629,7.581257343292236,4.833067417144775,6.480228424072266,7.085776329040527,6.239643096923828,2.911404609680176,4.832736968994141,1.1000546216964722,1.1435027122497559,-0.6694452166557312,0.8244975805282593,-2.2005767822265625,0.559100329875946,-2.706787109375,-0.2912496030330658,128.55972292725724,88.10653755567625,0.5370488166809082,0.5884997248649597,0.6665034294128418,0.8303068280220032,0.8213393688201904,0.7952889800071716,0.639459490776062,0.5250698328018188,0.523522138595581,0.47016891837120056,0.5250877141952515,0.5571560859680176,0.03525390625,0.052820559591054916,0.0
-307.3422546386719,106.4831314086914,60.03548812866211,30.143592834472656,17.485660552978516,15.240803718566895,8.191217422485352,5.459951877593994,5.4823455810546875,3.7239322662353516,5.4868268966674805,3.3894121646881104,0.9701922535896301,0.38880082964897156,1.4751075506210327,-2.8449456691741943,-1.3077411651611328,-1.2631958723068237,-0.9769324064254761,-2.307360887527466,180.35716020274305,127.49474913843795,0.7109137177467346,0.6886928081512451,0.6871618628501892,0.6568052768707275,0.634852409362793,0.5842166543006897,0.5962963104248047,0.6115990877151489,0.7075785398483276,0.7561763525009155,0.7519229650497437,0.751655638217926,0.04688538896276596,0.016480417922139168,0.0
-283.08209228515625,171.02627563476562,64.3534927368164,38.4111328125,16.791025161743164,4.928757667541504,3.0014736652374268,2.804459571838379,0.44971734285354614,0.6697502136230469,0.5640719532966614,0.9051806330680847,1.8595081567764282,1.837888479232788,-0.3794913589954376,-0.18353724479675293,-0.8410925269126892,-1.6633424758911133,0.2783350944519043,-1.3044133186340332,107.73524175805818,90.33159098283257,0.7654508948326111,0.7541776895523071,0.7731850743293762,0.7622566819190979,0.7095060348510742,0.6627893447875977,0.6249787211418152,0.5277368426322937,0.530762791633606,0.5429825782775879,0.6296272873878479,0.7559024095535278,0.04914202008928571,0.051447171717882156,0.0
-274.4252624511719,92.0040512084961,83.17504119873047,44.96974563598633,18.34621810913086,22.145612716674805,14.124286651611328,9.988788604736328,4.293984413146973,1.821973443031311,1.677516222000122,-1.039440393447876,0.055635932832956314,-3.2866342067718506,2.0365726947784424,0.2154877632856369,-2.534219264984131,0.5568657517433167,-1.8927329778671265,-0.30552393198013306,165.1132798704299,102.44961932460824,0.7060436010360718,0.806849479675293,0.8302635550498962,0.7949002981185913,0.6888269782066345,0.6126127243041992,0.5940709114074707,0.6221174001693726,0.5861741900444031,0.5625419616699219,0.5552200675010681,0.6068698763847351,0.04129144799618321,0.039268217980861664,0.0
-167.61561584472656,113.310302734375,47.43549728393555,42.63645553588867,8.691039085388184,16.924388885498047,-1.7361806631088257,-0.01304723136126995,-0.5624906420707703,11.456393241882324,6.194605827331543,4.469719886779785,1.2176214456558228,3.0221893787384033,-0.4924018681049347,-0.9844115376472473,-2.765185832977295,1.1053818464279175,0.5219178795814514,3.1626367568969727,175.79414888946863,131.93380982677064,0.5777684450149536,0.6330227255821228,0.7593438625335693,0.7963303923606873,0.7327617406845093,0.7386818528175354,0.6839096546173096,0.6670402884483337,0.6851357817649841,0.5664337873458862,0.5805814862251282,0.5563056468963623,0.05548181668133803,0.06701328605413437,0.0
-353.1222839355469,118.5979232788086,75.19404602050781,37.1378059387207,23.036487579345703,10.356377601623535,5.9912848472595215,6.314615249633789,5.2890496253967285,4.232697486877441,5.2540082931518555,0.21466709673404694,2.6975743770599365,-5.499556064605713,-5.020051956176758,-3.837559223175049,-1.550468921661377,-3.7505440711975098,-2.247136116027832,-1.0659419298171997,143.33885768340548,99.69221600150385,0.7170360684394836,0.6561121940612793,0.6233916282653809,0.5987198948860168,0.6123314499855042,0.6333585977554321,0.6433145403862,0.691450297832489,0.7466593980789185,0.77789306640625,0.7971083521842957,0.8217575550079346,0.04055524553571429,0.021349571645259857,0.0
-341.8368835449219,126.40348815917969,69.45034790039062,36.208961486816406,27.534942626953125,15.21031665802002,8.985487937927246,8.934916496276855,7.877279281616211,2.949657440185547,8.202521324157715,5.404624938964844,4.92830228805542,2.020810842514038,1.7985587120056152,1.654103398323059,0.6216427683830261,0.19691406190395355,-0.6510098576545715,-4.512580871582031,131.70460367560108,82.87252466959808,0.7291695475578308,0.6340312361717224,0.5385575294494629,0.5553788542747498,0.6059582829475403,0.6413794159889221,0.6588353514671326,0.6893120408058167,0.7322720289230347,0.7361218333244324,0.735986590385437,0.7430826425552368,0.03324497767857143,0.027591582387685776,0.0
-293.8416442871094,133.4235076904297,69.0943603515625,31.737646102905273,20.38435173034668,21.004201889038086,6.549515247344971,14.348587036132812,4.911752700805664,6.679333686828613,1.457373023033142,0.9716897010803223,1.9513401985168457,-2.5877833366394043,3.871181011199951,-4.440285682678223,-2.2611606121063232,0.5969941020011902,-8.547367095947266,2.0802462100982666,128.4791810809238,85.45201222807377,0.43947091698646545,0.5512499213218689,0.7043219804763794,0.8125478625297546,0.8567349314689636,0.8576499819755554,0.8711169958114624,0.8065735697746277,0.7686520218849182,0.5808047652244568,0.4388295114040375,0.3975214958190918,0.03964146205357143,0.040752675384283066,0.0
99.28137969970703,111.59148406982422,12.364561080932617,15.149962425231934,3.4238858222961426,8.936923027038574,2.0562238693237305,2.6911678314208984,-2.072228193283081,-1.8877729177474976,-0.1537892371416092,0.629055380821228,-2.5994021892547607,-2.609649181365967,-1.6208579540252686,-2.046276807785034,-2.865478992462158,-3.4969189167022705,-3.590550661087036,-3.165562868118286,204.6204412925404,208.05566619957895,0.5508739948272705,0.536162793636322,0.5565756559371948,0.5497318506240845,0.5160620212554932,0.5873664021492004,0.6183793544769287,0.7058444023132324,0.8922680616378784,0.894100546836853,0.7988589406013489,0.631402313709259,0.11785059799382716,0.3672831356525421,0.0
-349.98284912109375,58.362449645996094,71.77791595458984,32.405826568603516,17.16118812561035,25.874473571777344,12.55998706817627,10.231985092163086,2.777392864227295,12.794431686401367,6.387063980102539,3.2757372856140137,0.8911837935447693,2.1525683403015137,-5.3946919441223145,3.8629262447357178,-2.3801066875457764,-4.195715427398682,-0.68779456615448,-3.1135854721069336,248.55310696363654,163.92941501963224,0.5728586912155151,0.47184276580810547,0.5219519734382629,0.5592185258865356,0.5544923543930054,0.6046627759933472,0.6498218774795532,0.7898163199424744,0.814081609249115,0.764009416103363,0.7427188754081726,0.6314469575881958,0.06627902178697183,0.007923734374344349,0.0
-337.30499267578125,187.08595275878906,75.19795989990234,40.554290771484375,19.759105682373047,14.02077579498291,1.1970816850662231,3.0286471843719482,2.239835500717163,6.084175109863281,2.7924129962921143,2.2153525352478027,0.05558929592370987,-1.516304850578308,0.28695085644721985,-2.975020170211792,-4.3685407638549805,-3.368040084838867,-5.461370944976807,-1.2313376665115356,83.19997763482525,72.47206574149001,0.7944363355636597,0.6434910297393799,0.6139460206031799,0.6435869336128235,0.7141773104667664,0.7770299911499023,0.7594024538993835,0.6162436008453369,0.6484871506690979,0.7504408955574036,0.9274612665176392,0.8938823938369751,0.034033203125,0.05066375806927681,0.0
-243.1249542236328,106.59587097167969,43.3292121887207,32.120731353759766,13.677903175354004,12.674442291259766,1.8935401439666748,-0.8723753690719604,-1.4569634199142456,9.867390632629395,5.132197856903076,2.3188116550445557,1.5455563068389893,3.6982812881469727,3.399366855621338,1.3149818181991577,1.555493950843811,2.696408748626709,2.115999221801758,3.2939040660858154,190.71670293142057,143.78569259840538,0.6738704442977905,0.6814633011817932,0.6331221461296082,0.6325369477272034,0.6222434043884277,0.633169412612915,0.6302662491798401,0.6695758700370789,0.7584596276283264,0.7602916955947876,0.7297301888465881,0.7111575603485107,0.05173456101190476,0.023831885308027267,0.0
-311.4591369628906,87.28191375732422,63.87339401245117,30.576168060302734,4.188153266906738,18.522218704223633,9.80455493927002,10.27429485321045,10.593642234802246,1.3326897621154785,5.33507776260376,-0.9112197160720825,0.5034016370773315,1.4772485494613647,0.7982895374298096,-1.2097535133361816,0.6902421116828918,-0.1028919592499733,0.9963311553001404,-4.484880447387695,204.7925920462646,143.29783385282238,0.7522842884063721,0.6850043535232544,0.6254099607467651,0.5558198094367981,0.5470504760742188,0.5815761089324951,0.6370121836662292,0.7065014243125916,0.7609833478927612,0.7819423675537109,0.793725311756134,0.8052628636360168,0.08041643415178572,0.013472892343997955,0.0
-300.6063537597656,100.41320037841797,67.50770568847656,33.719383239746094,15.995319366455078,17.748554229736328,5.557392597198486,7.200476169586182,5.596137046813965,3.8292934894561768,6.328317642211914,3.580980062484741,5.3400468826293945,2.1059491634368896,6.0323638916015625,3.1413791179656982,3.8221399784088135,2.5266640186309814,2.033982276916504,1.675903081893921,170.35319002844096,108.84581653486852,0.6831659078598022,0.5392732620239258,0.416424423456192,0.37663158774375916,0.41727933287620544,0.4971602261066437,0.557738184928894,0.6448829174041748,0.725877583026886,0.7825329899787903,0.7773206830024719,0.7674716114997864,0.03694545200892857,0.028552332893013954,0.0
-291.2384033203125,157.342529296875,77.07992553710938,35.10663986206055,8.141621589660645,5.57499885559082,-7.087070465087891,-1.916261911392212,-9.675372123718262,-1.2930123805999756,-5.578004360198975,-0.9457724094390869,-6.135103225708008,-3.8153982162475586,-1.0424549579620361,2.715261697769165,-0.1122371032834053,-1.2739089727401733,-2.927016496658325,-1.1526219844818115,112.81480674459,108.3751106407232,0.5547125935554504,0.45181602239608765,0.3826081454753876,0.45054951310157776,0.5044944882392883,0.4658978581428528,0.4640677273273468,0.5503426194190979,0.7166615724563599,0.8317551016807556,0.7950015068054199,0.6484164595603943,0.06604710098140495,0.03283992409706116,0.0
-283.49249267578125,118.22650146484375,101.74352264404297,44.805999755859375,24.502460479736328,25.258026123046875,8.511873245239258,12.377693176269531,3.178213119506836,-2.5110244750976562,4.577754497528076,-0.5761538743972778,-0.6299670934677124,0.3377867341041565,-0.010970485396683216,-0.2850053608417511,-0.20945848524570465,1.4985872507095337,-1.5501835346221924,-1.6897326707839966,115.34015979414735,70.41905127124707,0.8624710440635681,0.841373085975647,0.7866947054862976,0.6841260194778442,0.5321661233901978,0.4343172609806061,0.45036008954048157,0.5153757929801941,0.6194756627082825,0.7073633074760437,0.7507226467132568,0.8582326769828796,0.034975405092592594,0.07715760171413422,0.0
-297.61932373046875,106.01092529296875,86.31001281738281,40.049922943115234,23.337430953979492,17.796142578125,13.257024765014648,9.557779312133789,5.249418258666992,6.044317722320557,0.9691881537437439,1.8193755149841309,-2.740337371826172,-0.6231014728546143,-2.7504379749298096,-0.8765290975570679,-0.6960926651954651,-1.1913402080535889,0.2008395493030548,0.29250192642211914,147.99986127082036,90.41090059775152,0.7753804922103882,0.7694951295852661,0.7567673921585083,0.7020029425621033,0.6273080706596375,0.5807809233665466,0.5917155146598816,0.547970712184906,0.5092545747756958,0.5598739981651306,0.6171103119850159,0.7312211394309998,0.039870273919753084,0.0377347357571125,0.0
-316.5679931640625,122.15496063232422,70.99713897705078,36.87141418457031,15.798063278198242,10.365941047668457,6.623458385467529,-1.117429256439209,3.194429397583008,-4.977138042449951,1.2618335485458374,-1.888311743736267,-1.337188959121704,-3.0040431022644043,0.029292600229382515,-0.4116394519805908,-2.1326005458831787,-2.6266379356384277,-2.61156964302063,-1.481255054473877,151.1608488556495,115.82578871543018,0.8568523526191711,0.7858492732048035,0.7440921664237976,0.7656795382499695,0.8232802152633667,0.8449682593345642,0.7166975736618042,0.6091862916946411,0.6428011059761047,0.6538880467414856,0.6399175524711609,0.7797583341598511,0.04063123337765957,0.020856793969869614,0.0
-217.6519012451172,107.82219696044922,75.64603424072266,33.99078369140625,12.702109336853027,15.995340347290039,3.0453433990478516,7.02013635635376,1.1353727579116821,2.6997733116149902,1.0635167360305786,0.21650540828704834,0.6956929564476013,-1.356202483177185,-2.3679120540618896,-2.0153565406799316,-3.7990074157714844,-3.3171350955963135,-1.8998247385025024,-3.504427194595337,165.85549118775603,114.36302208811334,0.8110902905464172,0.6627281904220581,0.6331176161766052,0.5424755215644836,0.5562976002693176,0.5613948702812195,0.5077976584434509,0.48768293857574463,0.5147631764411926,0.5665701627731323,0.748972475528717,0.8830950260162354,0.05081263950892857,0.04964132234454155,0.0
-358.2132568359375,122.0314712524414,68.41119384765625,45.79707336425781,10.845504760742188,17.986663818359375,7.14995002746582,8.554865837097168,6.5633955001831055,7.416299819946289,5.967249393463135,4.027040958404541,4.202245235443115,2.4942617416381836,2.4481730461120605,3.58164119720459,1.6424534320831299,1.1025025844573975,0.6566619277000427,-0.6099191308021545,141.0974297845259,90.52586687424937,0.7064340114593506,0.7128880023956299,0.6521238088607788,0.6449177265167236,0.5516030192375183,0.5713197588920593,0.614637553691864,0.6173931956291199,0.6766145825386047,0.685703456401825,0.696539044380188,0.7458059191703796,0.035523326684397165,0.018232423812150955,0.0
-319.013671875,119.38765716552734,87.8884506225586,31.2303466796875,16.1448917388916,5.101441383361816,1.6611592769622803,5.740392208099365,5.296061038970947,5.722143173217773,3.4705958366394043,6.706517696380615,-2.9472291469573975,-4.4925994873046875,-5.845997333526611,-2.4935948848724365,-4.347376346588135,-1.1106619834899902,-2.2524216175079346,-1.4755314588546753,149.49963769125534,105.68498162331875,0.8416613936424255,0.8680323958396912,0.8756283521652222,0.81103515625,0.7349337339401245,0.6534367203712463,0.5301393866539001,0.46857303380966187,0.47628939151763916,0.5878679156303406,0.7260026931762695,0.8106984496116638,0.05030517578125,0.02149875834584236,0.0
-298.6030578613281,111.85755157470703,79.3900375366211,40.052490234375,20.385494232177734,17.854572296142578,7.262132167816162,7.740724563598633,6.006028175354004,4.590327739715576,3.3233447074890137,1.9377528429031372,1.62887704372406,0.5138546824455261,1.0519154071807861,1.849118709564209,1.0770399570465088,0.16734246909618378,0.5497815012931824,-2.1041066646575928,147.4909156541624,92.51656157808868,0.7065586447715759,0.6849502325057983,0.5950905680656433,0.5817938446998596,0.6281964182853699,0.6394275426864624,0.6371594667434692,0.593539834022522,0.6125285625457764,0.6423102021217346,0.6545841097831726,0.6839742660522461,0.03508649553571429,0.03524782136082649,0.0
-333.2525634765625,113.8582763671875,71.4399185180664,38.22124099731445,12.688420295715332,13.11749267578125,3.654146909713745,6.576958656311035,2.745741128921509,8.230630874633789,4.9530029296875,7.732095718383789,-0.785571277141571,3.1522610187530518,-3.565793991088867,0.696844756603241,-3.172374725341797,0.6329255104064941,-0.5708145499229431,-1.531245231628418,158.6798177926368,114.8878477388337,0.6598822474479675,0.5998343229293823,0.5664013028144836,0.6098319888114929,0.6936340928077698,0.7277413010597229,0.7575219869613647,0.7514467239379883,0.7357210516929626,0.7834769487380981,0.7796259522438049,0.7445319294929504,0.04161551339285714,0.018898935988545418,0.0
-339.2232666015625,137.5012664794922,51.10737228393555,34.70006561279297,12.055342674255371,15.648040771484375,8.506285667419434,8.558520317077637,3.924971103668213,-0.015043986029922962,-1.022648811340332,-0.8753104209899902,-1.117506980895996,2.3960516452789307,0.14949330687522888,1.6997020244598389,0.47863543033599854,1.4699710607528687,0.2145126760005951,0.6989219784736633,147.07615405521065,110.25041322272297,0.7189981937408447,0.6707472205162048,0.5977714657783508,0.5413655042648315,0.5287508964538574,0.5596813559532166,0.6163291335105896,0.6964392066001892,0.7546316385269165,0.8069002628326416,0.7969046831130981,0.7302055954933167,0.04035382231404959,0.014673035591840744,0.0
-276.8457336425781,160.15203857421875,92.69995880126953,33.15231704711914,24.63275718688965,18.381383895874023,13.308405876159668,13.628364562988281,5.962234020233154,2.8579230308532715,-0.2490008920431137,4.825142860412598,5.3410468101501465,8.718782424926758,1.5654993057250977,0.9193198084831238,-1.4850056171417236,0.15813785791397095,0.001040176604874432,-0.08308593928813934,90.35960935128843,63.31482269673307,0.6157258152961731,0.671235203742981,0.6507463455200195,0.8269137740135193,0.8270074725151062,0.7898494601249695,0.698495626449585,0.6116039752960205,0.5541662573814392,0.5453020334243774,0.5175293684005737,0.5858540534973145,0.027325886051829267,0.10806388407945633,0.0
-306.1632385253906,125.75112915039062,44.77238082885742,51.761634826660156,25.2314510345459,26.395286560058594,11.660649299621582,4.559391021728516,-0.3480611741542816,2.664912462234497,1.0297366380691528,2.810629367828369,1.146480679512024,-0.8480932712554932,-2.146937370300293,2.087285041809082,2.735283136367798,3.2132487297058105,1.0368549823760986,1.5006147623062134,146.38408160843053,99.4510034899055,0.7410714626312256,0.680828869342804,0.6567094922065735,0.6514069437980652,0.6305551528930664,0.6211217641830444,0.6020892858505249,0.6186100244522095,0.6892300844192505,0.7285842299461365,0.7799230217933655,0.8118017911911011,0.0322998046875,0.026521146297454834,0.0
-229.76719665527344,123.00203704833984,97.4510726928711,46.23881530761719,26.118858337402344,21.514461517333984,4.95088005065918,7.829237937927246,5.0439581871032715,5.115244388580322,11.094023704528809,-0.3966197073459625,-3.3554129600524902,-4.524046421051025,-5.719747543334961,-7.94486665725708,-7.975093364715576,0.0504135861992836,1.8406615257263184,3.673903226852417,113.25849991217768,74.2156577576467,0.6793036460876465,0.7515752911567688,0.8372415900230408,0.8580045104026794,0.7264464497566223,0.6128139495849609,0.525540828704834,0.497653067111969,0.5962951183319092,0.6246978640556335,0.6520155072212219,0.6580339670181274,0.034662014100609755,0.1270195096731186,0.0
-277.0760192871094,94.04061126708984,91.48554992675781,37.208831787109375,35.52075958251953,22.442190170288086,10.781208038330078,0.44893431663513184,-1.3175206184387207,-4.751358509063721,-4.484927654266357,-4.173721790313721,-1.6153125762939453,-4.71983003616333,2.7183494567871094,3.865905284881592,-3.3465464115142822,-0.06452887505292892,-0.5270605683326721,1.5460669994354248,164.8154346772727,103.20057398630478,0.707051157951355,0.7151131629943848,0.724014401435852,0.7215191721916199,0.7016438245773315,0.7119588851928711,0.7322115302085876,0.7390286326408386,0.7513889670372009,0.7902900576591492,0.7988264560699463,0.7787405252456665,0.03803362165178571,0.03336985781788826,0.0
-345.4168701171875,144.1952667236328,73.05022430419922,46.29258728027344,29.865291595458984,16.50531578063965,8.443696975708008,3.1455535888671875,4.554491996765137,1.1223838329315186,-0.45342177152633667,1.2037529945373535,-0.3506235182285309,0.11700456589460373,0.09414229542016983,-0.22631509602069855,-1.3405510187149048,-2.2553441524505615,-0.7519912719726562,-0.6616857647895813,115.54147405348763,81.93713346184923,0.6349382400512695,0.6084878444671631,0.5724309682846069,0.6160164475440979,0.6460476517677307,0.6548023819923401,0.6820012927055359,0.7105768322944641,0.742858350276947,0.7678343653678894,0.7200545072555542,0.6286439895629883,0.036572265625,0.0296338964253664,0.0
-269.9695739746094,64.24181365966797,93.41279602050781,54.12664031982422,19.093463897705078,30.023441314697266,15.40916919708252,10.426387786865234,4.785228729248047,4.319155216217041,1.2804181575775146,-3.3300812244415283,0.2562282383441925,0.12735164165496826,-0.8431609869003296,0.41562628746032715,-1.7883098125457764,-0.9545571208000183,0.28573042154312134,-0.766511857509613,192.8418745176486,106.74426055289966,0.7104694247245789,0.6456611156463623,0.6136078238487244,0.5778023600578308,0.5829634070396423,0.5566294193267822,0.5047830939292908,0.4978054463863373,0.6084584593772888,0.6182411313056946,0.6623600721359253,0.6942568421363831,0.041619001116071426,0.03893502801656723,0.0
-277.0728454589844,137.54811096191406,77.30271911621094,37.90499496459961,25.955135345458984,19.52579689025879,4.579258918762207,4.467931747436523,-4.463639736175537,-0.2694709300994873,-1.536190390586853,5.376642227172852,2.3077025413513184,2.3686163425445557,1.0751903057098389,-3.0986080169677734,-3.216787815093994,-2.8297066688537598,-1.9588561058044434,-1.9848921298980713,118.97185153757057,83.81475485198644,0.5729078650474548,0.6398470401763916,0.7442638278007507,0.8294883370399475,0.8880407214164734,0.8931111693382263,0.875857412815094,0.801465630531311,0.6782621145248413,0.5751127600669861,0.5128135681152344,0.5452814698219299,0.04543436854338843,0.053924884647130966,0.0
-344.37384033203125,116.08415222167969,76.9312515258789,34.8332633972168,14.866847038269043,16.954803466796875,7.431710243225098,7.715490818023682,7.9190239906311035,6.342587471008301,3.0392656326293945,3.738858461380005,1.295276403427124,1.9076793193817139,2.71504545211792,2.9503226280212402,3.428875207901001,2.8090498447418213,-0.4773991107940674,-2.0336058139801025,151.88420911859416,95.29597322386905,0.7432677745819092,0.7016180753707886,0.6458461284637451,0.5562708973884583,0.528270423412323,0.5875510573387146,0.6368454098701477,0.6820562481880188,0.7700305581092834,0.6957260966300964,0.729515790939331,0.761259138584137,0.04063546316964286,0.01896175928413868,0.0
-333.1551513671875,117.78428649902344,80.75328826904297,51.25628662109375,29.523351669311523,26.71004295349121,9.763092041015625,13.484811782836914,8.337061882019043,6.458795070648193,0.1592293530702591,0.4607657194137573,-1.8406050205230713,-2.0923426151275635,-4.556424617767334,-1.5657418966293335,-1.5495685338974,-1.0358134508132935,0.01525191217660904,-0.5584576725959778,122.19577346893416,74.3977079789197,0.6083903312683105,0.6594273447990417,0.753591775894165,0.7199769616127014,0.6893436312675476,0.6695772409439087,0.6435359716415405,0.5733432769775391,0.5437278747558594,0.5165203809738159,0.5468723177909851,0.6021084785461426,0.037848674075704226,0.035082072019577026,0.0
-273.93798828125,113.97586822509766,88.24307250976562,43.13991165161133,25.76828384399414,17.364118576049805,9.095484733581543,11.887386322021484,6.463854789733887,6.505625247955322,3.8096723556518555,2.5853991508483887,2.002216339111328,-0.6568947434425354,-2.326411247253418,-2.6059024333953857,-4.45289421081543,-3.341883659362793,-3.317810535430908,-1.2269889116287231,136.70866739507943,83.27736378251836,0.7850417494773865,0.7901803255081177,0.688827395439148,0.5638773441314697,0.5080710649490356,0.4875684976577759,0.502589225769043,0.5622928142547607,0.5910305976867676,0.6176404356956482,0.6386527419090271,0.7263995409011841,0.0396484375,0.05909290164709091,0.0
-330.1821594238281,128.7260284423828,50.553035736083984,40.783023834228516,20.52908706665039,25.803747177124023,12.555295944213867,10.856125831604004,1.9302812814712524,6.649625778198242,0.31491464376449585,1.451217770576477,-3.5561370849609375,-1.2764835357666016,-2.9904212951660156,-3.0630531311035156,-3.368529796600342,-3.332526206970215,-3.848644971847534,-4.143157482147217,139.39737676708074,97.11472204509168,0.683232307434082,0.6884809732437134,0.6738850474357605,0.6325432062149048,0.6054592132568359,0.5978625416755676,0.6010211110115051,0.5808493494987488,0.6131589412689209,0.6509835720062256,0.7310653328895569,0.7017715573310852,0.04386509486607143,0.02381707727909088,0.0
-184.09523010253906,127.92854309082031,45.53253173828125,37.426353454589844,15.461230278015137,15.252588272094727,5.148479461669922,6.136357307434082,5.458458423614502,8.182395935058594,1.6786729097366333,-0.983856201171875,-2.9175844192504883,-0.9798022508621216,-1.656067967414856,-2.8684887886047363,-2.8320705890655518,-2.053708791732788,-0.4140270948410034,-1.2360966205596924,157.09279581837202,119.28148991190862,0.5093802213668823,0.39120423793792725,0.3942870795726776,0.52629554271698,0.7092729210853577,0.7537131905555725,0.7331692576408386,0.6841106414794922,0.6759020686149597,0.7478558421134949,0.7538418173789978,0.6545329689979553,0.054488699776785714,0.07306687533855438,0.0
-344.7015075683594,148.9457244873047,97.45240783691406,41.479339599609375,21.79241371154785,22.267608642578125,11.43159008026123,12.302739143371582,6.541339874267578,8.015690803527832,2.3090672492980957,4.38352108001709,0.39805975556373596,-1.0962762832641602,-2.831460475921631,-1.3507181406021118,-4.739019870758057,-2.157287120819092,-3.8105320930480957,-4.430936813354492,89.92841901629573,61.626169575334075,0.7791615724563599,0.7871779799461365,0.6436278223991394,0.5296592712402344,0.48343586921691895,0.4864008128643036,0.5069714188575745,0.5449742078781128,0.5559461712837219,0.5910431146621704,0.675656795501709,0.7584229707717896,0.03682338169642857,0.06256291270256042,0.0
-268.6363525390625,106.84597778320312,83.12854766845703,31.292598724365234,12.453661918640137,13.24089527130127,5.348138809204102,8.906156539916992,1.521169900894165,0.902090847492218,0.023939060047268867,2.961885929107666,0.13820360600948334,0.45813220739364624,-1.3001179695129395,-2.286775588989258,-6.149798393249512,-2.1005091667175293,-3.16252064704895,-0.11097981035709381,166.72338420914463,111.90946262051575,0.7053425908088684,0.7804948687553406,0.8634508848190308,0.8318726420402527,0.7022634148597717,0.5888574719429016,0.5512804388999939,0.6238210797309875,0.6249464750289917,0.5571370720863342,0.5340768694877625,0.6145541667938232,0.054026533917682924,0.0316460020840168,0.0
-335.0256652832031,106.07733917236328,75.720458984375,19.972909927368164,21.865201950073242,14.388710975646973,6.481418609619141,7.2983269691467285,-0.7421881556510925,-0.5155702233314514,1.6225559711456299,-2.4043116569519043,3.259385585784912,-2.76625394821167,3.3170604705810547,-1.9057012796401978,0.9973210692405701,0.874548077583313,-1.3299990892410278,-1.034423589706421,181.10354807792424,123.83444486375653,0.6430993676185608,0.6502104997634888,0.6971921324729919,0.7713362574577332,0.7919005155563354,0.8409113883972168,0.82265305519104,0.7558554410934448,0.592536985874176,0.6151373982429504,0.7058223485946655,0.7316164374351501,0.06190453506097561,0.012128983624279499,0.0
-366.96099853515625,109.69639587402344,88.47840881347656,38.33259201049805,25.966625213623047,13.026528358459473,10.462261199951172,1.6042280197143555,4.683166980743408,2.8805508613586426,0.49647584557533264,-0.5128401517868042,-2.6888506412506104,-0.6935738921165466,-4.2298970222473145,-2.0719683170318604,-4.701884746551514,-3.549758195877075,-2.932863712310791,-1.0377954244613647,148.71152596414404,97.60215426128649,0.588549017906189,0.6095932722091675,0.6593470573425293,0.6320017576217651,0.6126000285148621,0.6413211822509766,0.7086043357849121,0.7641087174415588,0.819485068321228,0.8299895524978638,0.7294809222221375,0.6163801550865173,0.04820667613636364,0.017949402332305908,0.0
-376.4261779785156,111.18431854248047,68.46935272216797,28.61891746520996,12.415218353271484,15.007564544677734,4.868934154510498,9.2391939163208,8.056059837341309,8.10239315032959,4.270948886871338,1.8513761758804321,-1.6341493129730225,-3.3266139030456543,-5.08730411529541,-5.022697925567627,-3.6854805946350098,-2.2706151008605957,-1.7420774698257446,0.12745653092861176,166.6937145910156,118.28666719247605,0.7069994807243347,0.6363834738731384,0.5592595934867859,0.5656304359436035,0.6389589309692383,0.7022762298583984,0.7787966132164001,0.7870321273803711,0.7317456603050232,0.6528119444847107,0.6000834107398987,0.7019160389900208,0.060714285714285714,0.009236902929842472,0.0
-306.9961853027344,81.90446472167969,77.78382873535156,27.425933837890625,17.05080223083496,13.625953674316406,8.65507698059082,6.322417736053467,2.224142074584961,-2.524289608001709,-0.5092929005622864,3.417198419570923,1.6110963821411133,0.6984356045722961,0.5769216418266296,-1.7011395692825317,0.2563660740852356,-0.7255561947822571,-1.4065078496932983,-2.707040309906006,214.6846283937425,145.68242673195627,0.7818838953971863,0.7368413805961609,0.7355695962905884,0.6876168847084045,0.6089154481887817,0.5344328880310059,0.5309662222862244,0.5655688047409058,0.6848523020744324,0.7319440841674805,0.8002535700798035,0.8159860372543335,0.06807338169642857,0.014256893657147884,0.0
-238.7158966064453,103.45631408691406,82.27156066894531,35.32166290283203,19.705928802490234,19.089767456054688,7.322789192199707,7.397502422332764,4.852553844451904,2.2044355869293213,0.8396593332290649,-1.3916594982147217,1.8381364345550537,-0.6115474700927734,2.0101451873779297,-0.614243745803833,-3.6512413024902344,-1.6894972324371338,-1.3178095817565918,-0.1459031105041504,163.2423881703219,103.4914729289894,0.6236486434936523,0.6023976802825928,0.6393504738807678,0.6420106887817383,0.6827954649925232,0.7572150230407715,0.7206019759178162,0.6246062517166138,0.6665061712265015,0.7646790742874146,0.8218039870262146,0.7384119033813477,0.051768128301056336,0.045036427676677704,0.0
-269.1709289550781,161.55020141601562,91.64793395996094,48.32366943359375,20.642621994018555,16.871549606323242,0.22569312155246735,2.658039093017578,-6.33452033996582,-2.8891332149505615,-5.083069801330566,-1.164233922958374,-2.1160900592803955,0.32227495312690735,-0.8436674475669861,-0.4914110600948334,-1.026845932006836,-1.9534530639648438,-3.192681312561035,-2.5313258171081543,92.58749667806585,80.42992192514981,0.8789408206939697,0.8875526785850525,0.844806969165802,0.6590278744697571,0.49622318148612976,0.4838709831237793,0.5358238220214844,0.6357255578041077,0.7191779017448425,0.7825435996055603,0.8324210047721863,0.8513551354408264,0.032655552455357145,0.08240211755037308,0.0
-309.1775817871094,147.34902954101562,86.76566314697266,21.40032386779785,4.4701080322265625,9.472295761108398,10.278597831726074,6.335263729095459,-0.466757595539093,-1.4990006685256958,-3.6113216876983643,1.5255584716796875,1.8848371505737305,4.943310737609863,4.153926372528076,5.475370407104492,1.6439926624298096,0.594041645526886,0.705065131187439,0.687272310256958,125.62419015962467,98.04327771300471,0.7499759793281555,0.6911678910255432,0.6387999653816223,0.587056040763855,0.5383517742156982,0.5516980290412903,0.5669587850570679,0.5648775100708008,0.6493752002716064,0.8072550296783447,0.8774440288543701,0.8475669026374817,0.039404296875,0.02795105241239071,0.0
-333.5517578125,97.37069702148438,66.1529312133789,33.15940475463867,22.239267349243164,11.321325302124023,9.723695755004883,4.716323375701904,1.936822533607483,-5.309395790100098,-1.1706959009170532,-0.3649013936519623,1.7562414407730103,-2.1380372047424316,2.7396864891052246,-0.9506145119667053,-0.16779577732086182,-1.7760831117630005,0.9059590101242065,-4.660848140716553,187.75151515579148,130.94027931126564,0.7372522354125977,0.8167893290519714,0.775421679019928,0.824662446975708,0.7758429050445557,0.6465891599655151,0.5873792171478271,0.6014394164085388,0.5909860730171204,0.6015450358390808,0.6276671886444092,0.6847825050354004,0.05886928013392857,0.010823641903698444,0.0
-324.2845458984375,171.19329833984375,61.26891326904297,45.549869537353516,24.15597152709961,17.39290428161621,9.880462646484375,9.541746139526367,4.935129642486572,5.7008209228515625,1.7426047325134277,4.010014057159424,2.0594425201416016,1.0601775646209717,-1.021045446395874,-1.197448492050171,-1.423506259918213,-1.5302276611328125,-2.004133462905884,-1.7399991750717163,91.21526951389087,67.79126222559425,0.6105813980102539,0.5668637156486511,0.5794445276260376,0.5595259070396423,0.553191602230072,0.5900787115097046,0.6726561784744263,0.6989684104919434,0.7330449819564819,0.7845949530601501,0.7973414063453674,0.719156801700592,0.03598683150773196,0.07292398810386658,0.0
70.56306457519531,55.72075271606445,-5.442294120788574,28.396446228027344,21.57579803466797,16.770715713500977,5.47748327255249,7.65150785446167,6.196095943450928,7.6766133308410645,2.875056028366089,5.359769821166992,0.0005079384427517653,-0.5223732590675354,-0.44330456852912903,-0.993122935295105,-3.6953787803649902,-0.6079312562942505,-1.2108006477355957,-0.5216408371925354,267.63018980011583,302.23903208357183,0.7111974954605103,0.761681318283081,0.7439231276512146,0.6747872829437256,0.7015798687934875,0.724111795425415,0.7273805141448975,0.696405827999115,0.7307524085044861,0.746380090713501,0.739359438419342,0.7214192152023315,0.1602067618534483,0.1744006723165512,0.0
-290.7685852050781,138.5276336669922,82.56751251220703,26.688722610473633,19.065073013305664,11.124649047851562,10.661214828491211,11.618674278259277,4.6262526512146,7.407735824584961,3.771501302719116,2.6900041103363037,0.1002335175871849,0.3483862280845642,-1.6958129405975342,-2.2736127376556396,-2.4060633182525635,-2.666275978088379,-2.9315614700317383,-1.2206777334213257,126.60334399447602,87.97902657765319,0.655552864074707,0.7240653038024902,0.7889336347579956,0.8199580311775208,0.7796612977981567,0.6665380597114563,0.5651744604110718,0.5379981994628906,0.5158260464668274,0.5375776290893555,0.5337174534797668,0.5933942794799805,0.04140625,0.04439304396510124,0.0
-401.9778137207031,138.98582458496094,102.16749572753906,53.59273147583008,38.93394470214844,25.173357009887695,11.663651466369629,5.914637088775635,1.3750890493392944,-1.9512512683868408,-3.8051598072052,-2.7311925888061523,-4.442865371704102,-1.9420539140701294,-2.3429322242736816,-1.7361252307891846,-1.183635950088501,-1.5757309198379517,-0.19636788964271545,-0.367305725812912,86.45506530556517,63.712802296832294,0.5819988250732422,0.5334232449531555,0.5679715275764465,0.6573885679244995,0.7188424468040466,0.7957860231399536,0.8556019067764282,0.8773175477981567,0.8142368793487549,0.673980712890625,0.5662147998809814,0.5782942175865173,0.03616943359375,0.03339851647615433,0.0
-352.8140563964844,116.58834838867188,91.62583923339844,39.49522018432617,20.878936767578125,16.732744216918945,12.54351806640625,9.552172660827637,5.651309013366699,9.365032196044922,4.044270038604736,1.693100929260254,2.0888407230377197,0.7002143859863281,-5.32369327545166,1.1426931619644165,0.30503714084625244,-1.2453596591949463,2.6077065467834473,-0.867943525314331,131.17758794423438,79.61431391286254,0.7080225944519043,0.6728532314300537,0.5592923164367676,0.4909696578979492,0.43892326951026917,0.4012432396411896,0.41779831051826477,0.5179249048233032,0.659892737865448,0.7483863830566406,0.735371470451355,0.7186968922615051,0.03370179521276596,0.025232449173927307,0.0
-221.0593719482422,104.5426254272461,73.40771484375,33.839454650878906,16.00034523010254,19.497982025146484,10.395587921142578,9.727139472961426,2.203176498413086,2.442042589187622,0.12749585509300232,-1.1194051504135132,-1.4805501699447632,-1.1681900024414062,-1.6442548036575317,-1.5280283689498901,-4.449274063110352,-2.664701461791992,-1.8501543998718262,-2.7442455291748047,167.971800087429,114.71050499442742,0.7048621773719788,0.6242592334747314,0.594818651676178,0.596415638923645,0.6406035423278809,0.6416264772415161,0.5724490284919739,0.4916371703147888,0.5376831889152527,0.7099296450614929,0.8415939211845398,0.8183038830757141,0.04625858820921986,0.04877210035920143,0.0
63.496280670166016,121.01856231689453,18.49394989013672,13.548656463623047,-2.807100296020508,8.922135353088379,4.472793102264404,7.4194440841674805,-3.9148480892181396,1.982878565788269,-1.8323147296905518,-2.956949472427368,-5.114726543426514,-5.031909942626953,-0.45377400517463684,1.3220183849334717,-2.4283950328826904,-0.4976601004600525,-3.0664639472961426,-5.32637882232666,196.38379239222832,197.2926690251852,0.8212176561355591,0.7425457835197449,0.5710960626602173,0.5003603100776672,0.5123620629310608,0.49979668855667114,0.5409178733825684,0.5934959650039673,0.6860403418540955,0.7053695917129517,0.7610913515090942,0.8223328590393066,0.11022186279296875,0.3074427843093872,0.0
-294.40594482421875,117.34587860107422,36.83375549316406,48.3488655090332,3.3362982273101807,20.70197105407715,3.4406845569610596,7.322934627532959,-0.6805136799812317,4.900937080383301,-0.9046628475189209,2.7300448417663574,-1.9318875074386597,-0.7193065881729126,-2.1308023929595947,-1.4335647821426392,-2.088704824447632,-1.5106971263885498,0.35956114530563354,0.44514036178588867,173.1696119437034,129.41214452634262,0.7428082823753357,0.7004719376564026,0.6650515198707581,0.6400746703147888,0.6482024788856506,0.726672887802124,0.7672197818756104,0.7621256113052368,0.7449364066123962,0.7209659218788147,0.7007386088371277,0.7327783107757568,0.06520617847711267,0.0202120840549469,0.0
-240.92811584472656,75.74551391601562,41.69157028198242,25.62666893005371,7.98120641708374,8.719300270080566,0.3585536777973175,1.3160526752471924,-3.940943717956543,3.029939889907837,1.69447922706604,-2.858931541442871,-4.840757846832275,-5.909029483795166,-0.04341602325439453,-5.8200273513793945,-1.091013789176941,-1.6764793395996094,-0.45128315687179565,0.6486257910728455,243.49646816272772,215.1999350600102,0.5512620806694031,0.5515869855880737,0.6243093013763428,0.6785185933113098,0.6675799489021301,0.654437780380249,0.6901267170906067,0.7346049547195435,0.771722137928009,0.8447405099868774,0.7132676243782043,0.6545785069465637,0.09957498899647887,0.011969511397182941,0.0
-292.7093200683594,148.42628479003906,73.53211975097656,60.156890869140625,24.812843322753906,22.783477783203125,6.483856678009033,7.818662643432617,1.3956117630004883,4.146767616271973,-0.1823105365037918,3.735215425491333,1.797303557395935,0.6804053783416748,-1.285136342048645,-0.49601975083351135,-0.1404145359992981,-0.27323082089424133,-0.3210393786430359,-1.5241386890411377,105.1831262299367,76.23041493850884,0.6794131994247437,0.6449555158615112,0.6210156679153442,0.5363496541976929,0.5210276246070862,0.5396047830581665,0.5574963092803955,0.5913536548614502,0.5907022953033447,0.561325192451477,0.657279372215271,0.7046288847923279,0.03848140495867768,0.08023012429475784,0.0
-300.799072265625,172.7574005126953,75.46794891357422,35.59126663208008,21.763355255126953,17.497499465942383,9.93590259552002,3.582759141921997,-3.755908966064453,0.3764038383960724,0.014673450961709023,2.946985960006714,-0.5694563388824463,1.1145555973052979,1.6929242610931396,3.088946580886841,1.5452985763549805,0.498291015625,-1.0646336078643799,-1.33847177028656,97.6165486188034,78.45701256387562,0.6939554810523987,0.7252274751663208,0.7057715654373169,0.6822195649147034,0.7030879855155945,0.7306205034255981,0.7329067587852478,0.664554238319397,0.6137221455574036,0.6331990957260132,0.6778268814086914,0.6956019997596741,0.033510044642857145,0.058444228023290634,1.0
-290.9028625488281,44.85660171508789,76.46171569824219,22.234691619873047,19.699968338012695,14.702937126159668,9.088058471679688,11.072931289672852,2.5055298805236816,2.853743076324463,2.875143527984619,-4.039702892303467,-2.2872681617736816,-5.759748935699463,1.2533676624298096,-6.845181465148926,-1.9012041091918945,0.291441947221756,-2.410834550857544,-3.1597847938537598,293.6920220099247,227.29938367980884,0.7459975481033325,0.6225927472114563,0.5823191404342651,0.5997264385223389,0.5761593580245972,0.5438467860221863,0.519421398639679,0.54782634973526,0.606011152267456,0.7437455058097839,0.7816280126571655,0.9072667956352234,0.10226004464285714,0.009571855887770653,1.0
-309.1071472167969,144.3477325439453,73.31086730957031,35.632347106933594,15.792703628540039,15.966500282287598,-2.3169524669647217,-0.3206309676170349,-8.131505966186523,-2.6880340576171875,-9.41981029510498,-6.594917297363281,-7.761115550994873,-4.570166110992432,-4.018241882324219,-1.5671911239624023,-1.5428943634033203,0.5937274098396301,2.425945997238159,2.3485186100006104,120.17031429342227,106.02011764609068,0.40315935015678406,0.4522457718849182,0.524463415145874,0.5828995108604431,0.5979735255241394,0.5839048027992249,0.6132590174674988,0.7224789261817932,0.7585386037826538,0.6676555871963501,0.5240689516067505,0.428876668214798,0.05857631138392857,0.03072749637067318,1.0
-265.9366760253906,142.35552978515625,79.50218963623047,42.560298919677734,18.70873260498047,10.279963493347168,3.8750598430633545,5.2587785720825195,3.397675037384033,0.48309850692749023,-0.22898706793785095,3.368379592895508,1.9037374258041382,0.3404809832572937,-1.5052318572998047,-0.05408570170402527,-4.8226704597473145,0.882168173789978,-0.3804427981376648,-3.08058762550354,116.6797582709956,86.19398955759274,0.7554742693901062,0.6873111128807068,0.6104350686073303,0.614621102809906,0.6808985471725464,0.7249674797058105,0.743722677230835,0.7677109241485596,0.7605786323547363,0.690269410610199,0.6987575888633728,0.7556808590888977,0.03894950929752066,0.0728464350104332,1.0
-232.50010681152344,156.52601623535156,70.9709701538086,49.7143440246582,15.821721076965332,11.41103458404541,2.957200050354004,6.1249589920043945,4.398216724395752,3.4683964252471924,4.023468971252441,1.9484686851501465,3.2964417934417725,1.6282131671905518,-0.6208823919296265,-1.0199339389801025,-3.096726179122925,-1.7570033073425293,1.9143613576889038,1.913541316986084,109.09085371334771,81.53039073163166,0.6327981352806091,0.5599586367607117,0.5509989261627197,0.5388100743293762,0.5917531847953796,0.6748406291007996,0.7784811854362488,0.7799105048179626,0.7311207056045532,0.6030385494232178,0.6174796223640442,0.6050261855125427,0.0390625,0.09922390431165695,1.0
-265.4263000488281,169.8186798095703,61.77581787109375,48.73454666137695,15.750645637512207,12.286928176879883,2.190511703491211,7.423752307891846,5.7792067527771,7.565412521362305,3.104085683822632,0.8909934163093567,-3.409635543823242,-4.982068061828613,-5.854745388031006,-4.466087818145752,-4.165304183959961,-4.295261859893799,-4.64759635925293,-5.019429683685303,99.07849986417305,83.00205053201022,0.727226734161377,0.7032523155212402,0.6567395329475403,0.6223646402359009,0.5881101489067078,0.60866779088974,0.6626262068748474,0.7424902319908142,0.712725043296814,0.6924421191215515,0.6901777386665344,0.7093393802642822,0.03852175878099173,0.07570841163396835,1.0
-262.7006530761719,141.6986846923828,87.38299560546875,38.75740051269531,25.50658416748047,15.069807052612305,14.175215721130371,9.318925857543945,8.618885040283203,5.8831048011779785,3.161310911178589,3.241621255874634,-0.8845783472061157,0.7262750864028931,-2.4593496322631836,-2.0012495517730713,-0.7862664461135864,-1.234580397605896,0.4508012533187866,-3.2398242950439453,105.36972267786437,70.79356579213348,0.6989830732345581,0.7109137177467346,0.7019073963165283,0.7285470366477966,0.6988162398338318,0.612135648727417,0.5610572099685669,0.5447393655776978,0.5968114733695984,0.7113023996353149,0.6991345286369324,0.6978222727775574,0.03790983606557377,0.09043954312801361,1.0
-217.41421508789062,153.84222412109375,58.040122985839844,44.55669403076172,20.712453842163086,23.770278930664062,8.81744384765625,3.976649522781372,0.19344423711299896,2.392744541168213,-2.0336480140686035,-1.2850968837738037,-3.6837122440338135,-3.8882367610931396,-5.351132869720459,-2.3537728786468506,-4.368006706237793,-1.4806216955184937,-2.9470949172973633,-1.8600142002105713,110.43068692896858,86.4329134955937,0.5546804070472717,0.6162656545639038,0.6806580424308777,0.7476100325584412,0.8348727822303772,0.9306870102882385,0.9650803804397583,0.8891858458518982,0.749687671661377,0.6166746616363525,0.5259533524513245,0.5042863488197327,0.0465788294057377,0.13343150913715363,1.0
-250.8484649658203,130.5322265625,72.74696350097656,46.6165885925293,15.88353157043457,16.97821044921875,8.15796184539795,10.601251602172852,4.672667980194092,1.1328603029251099,1.293845534324646,-1.7593621015548706,-2.853515625,-0.13965733349323273,1.8609355688095093,-1.0017328262329102,-0.028782950714230537,-1.975498080253601,-0.9016492366790771,-4.105924129486084,128.6105516661184,94.16569851764658,0.5051742792129517,0.5831847190856934,0.6753727793693542,0.7590609192848206,0.859537661075592,0.8401660323143005,0.7136460542678833,0.6622008085250854,0.6308763027191162,0.6000774502754211,0.5487021207809448,0.47065305709838867,0.038844589359504134,0.06725802272558212,1.0
-274.2099304199219,132.62025451660156,50.78166198730469,50.615196228027344,15.086159706115723,16.561338424682617,1.5787869691848755,7.7451958656311035,-1.5410470962524414,1.0870485305786133,-1.6541526317596436,1.0906659364700317,-1.8394367694854736,-0.1764519065618515,-0.7285759449005127,-0.03365931659936905,-0.8739657402038574,0.25661760568618774,-1.5999131202697754,-2.126610517501831,145.36297253278727,114.82571590760806,0.5699753761291504,0.6225125789642334,0.6821727156639099,0.8211474418640137,0.80552077293396,0.7783606648445129,0.7628894448280334,0.721165657043457,0.685809850692749,0.591504693031311,0.5649881362915039,0.5532006621360779,0.042310982696280995,0.032052163034677505,1.0
-295.25054931640625,119.9500961303711,82.05030822753906,42.50944519042969,18.592008590698242,17.267335891723633,10.064046859741211,8.632094383239746,3.163595199584961,3.318225145339966,-3.329059362411499,11.313488006591797,-6.833106994628906,0.4602459967136383,2.873656988143921,-5.524840354919434,-4.582786560058594,1.9609993696212769,1.068932056427002,-9.638320922851562,132.67991968339857,86.72737653437284,0.5373926758766174,0.530099630355835,0.5803486108779907,0.6810415983200073,0.7466039061546326,0.7596344947814941,0.7827591896057129,0.7846441864967346,0.7824345231056213,0.6692698001861572,0.6140806674957275,0.582005500793457,0.04153180803571429,0.04259029030799866,1.0
-362.44439697265625,98.29785919189453,84.33900451660156,29.825300216674805,28.388282775878906,10.901348114013672,12.718598365783691,8.477665901184082,6.64951753616333,2.5521397590637207,0.3673003911972046,-0.7681984901428223,1.5075114965438843,2.788679599761963,-1.5747065544128418,4.715320587158203,-3.7966229915618896,-0.46577757596969604,-1.4238840341567993,1.961650013923645,172.83719031349463,108.78497459881586,0.7529280781745911,0.7118103504180908,0.7195643782615662,0.7271642684936523,0.7010464072227478,0.6218439340591431,0.6109500527381897,0.5927591919898987,0.5732187628746033,0.6147687435150146,0.7005371451377869,0.7732478976249695,0.048828125,0.012683912180364132,1.0
-250.5402069091797,123.53785705566406,76.22396087646484,29.740171432495117,12.06718921661377,23.787944793701172,7.413575172424316,5.847667217254639,-0.12233863025903702,11.17054557800293,6.715621471405029,6.399284839630127,-3.2480831146240234,-2.6202242374420166,-3.234297513961792,0.8699679374694824,-0.0732107162475586,-0.17851465940475464,-0.7861176133155823,-1.6002365350723267,151.14922021336542,100.82608319177665,0.6850476264953613,0.6078917384147644,0.6338522434234619,0.6626484990119934,0.6423355937004089,0.6241050362586975,0.6306443810462952,0.6278762221336365,0.6541092991828918,0.6333296298980713,0.734200119972229,0.7283377647399902,0.04044476677389706,0.04600967466831207,1.0
-272.6759033203125,120.2328872680664,73.72648620605469,38.8303108215332,21.673519134521484,10.173686027526855,10.80245304107666,4.810632705688477,2.8654098510742188,2.9358866214752197,1.424636960029602,1.3586926460266113,2.284888744354248,3.000962257385254,3.344184637069702,1.0192309617996216,1.8333991765975952,0.22684220969676971,0.22361135482788086,-0.9921496510505676,143.88287453655423,95.75958225194985,0.6743327975273132,0.6739930510520935,0.7200118899345398,0.7439934015274048,0.8000680804252625,0.7868848443031311,0.7318413853645325,0.6685881018638611,0.611960768699646,0.5626243352890015,0.5969682931900024,0.6602990627288818,0.04364265883264463,0.040629636496305466,1.0
-295.8642578125,159.61358642578125,80.10572814941406,57.511417388916016,31.625776290893555,28.96570587158203,15.037035942077637,11.628340721130371,2.0401387214660645,0.5678336024284363,-2.375331163406372,1.6065162420272827,-0.8877977728843689,0.5882225632667542,0.460525780916214,0.9291983246803284,-0.6630530953407288,-0.173759326338768,-1.0003942251205444,-0.7962222695350647,79.41585920534575,58.35212953080251,0.7923144102096558,0.6200034618377686,0.6926235556602478,0.5748499035835266,0.5002530217170715,0.401083767414093,0.34559181332588196,0.41884997487068176,0.5437596440315247,0.6833515167236328,0.9166314601898193,0.7727900147438049,0.032242838541666666,0.12560048699378967,1.0
-353.0556945800781,132.0045623779297,90.147705078125,45.560752868652344,23.05593490600586,18.052871704101562,14.633427619934082,7.835097789764404,8.194558143615723,1.5210875272750854,4.833571434020996,1.1463130712509155,3.0653204917907715,-3.7693045139312744,5.734379291534424,-2.0588245391845703,-2.027632236480713,1.7160648107528687,-0.7781325578689575,-2.724256992340088,112.97419455429986,71.70268231959471,0.6350319981575012,0.673241376876831,0.6745666265487671,0.6348257660865784,0.6079331636428833,0.596468448638916,0.5762037634849548,0.6117948889732361,0.602100133895874,0.5854417681694031,0.5933839678764343,0.6376931667327881,0.03161361369680851,0.03491908311843872,1.0
-288.0001525878906,194.6956787109375,90.03377532958984,45.02208709716797,26.306608200073242,21.522611618041992,13.992269515991211,10.431722640991211,1.1471105813980103,-0.41552066802978516,-4.088813781738281,-2.675468683242798,-3.6301071643829346,-2.5520551204681396,-1.6060758829116821,-1.725014328956604,-1.1980392932891846,-2.026932716369629,-1.4520319700241089,-2.0889923572540283,66.52839217203314,61.38627457216623,0.6590442061424255,0.7352131009101868,0.7497389912605286,0.7549295425415039,0.7162156701087952,0.7195108532905579,0.6725740432739258,0.7157273292541504,0.6691560745239258,0.7463016510009766,0.6812478303909302,0.6842402815818787,0.038839285714285715,0.15148043632507324,1.0
-281.8778381347656,127.10420989990234,45.136505126953125,44.8741569519043,31.209400177001953,22.573171615600586,8.618380546569824,5.072209358215332,-0.6701717972755432,-2.023914337158203,-3.9234020709991455,-3.719123125076294,-2.798478364944458,-2.631239891052246,-3.0896189212799072,-0.9530038237571716,-0.12194549292325974,1.1621735095977783,0.7141504883766174,1.2098984718322754,142.36116940243528,121.71887533583062,0.6108673810958862,0.5412204265594482,0.5331102013587952,0.5594080686569214,0.6009023785591125,0.6143139004707336,0.6109064221382141,0.6365925669670105,0.6722435355186462,0.7396338582038879,0.761278510093689,0.6840319037437439,0.04603445870535714,0.034237656742334366,1.0
-255.10557556152344,130.58226013183594,55.865360260009766,50.28890609741211,14.432555198669434,22.35285758972168,3.3820841312408447,9.006211280822754,7.9455790519714355,2.415910005569458,1.274139642715454,-0.8441383838653564,-6.056346893310547,-3.175001382827759,-3.3739473819732666,-2.6156957149505615,-2.424304962158203,-1.0160610675811768,0.002738045761361718,-1.6579149961471558,141.63748482764998,104.1933058305204,0.7554166316986084,0.6407216787338257,0.5291286110877991,0.48200270533561707,0.5275132060050964,0.5828025937080383,0.6308276057243347,0.6216628551483154,0.666908860206604,0.7053529620170593,0.8045120239257812,0.8298359513282776,0.03821801357581967,0.04588523879647255,1.0
-249.71707153320312,170.93089294433594,85.23189544677734,44.7204704284668,22.064146041870117,18.289640426635742,8.793123245239258,5.576213359832764,2.9094295501708984,1.8177549839019775,0.5086262822151184,0.020812684670090675,0.23410247266292572,-0.3994317948818207,-0.3392695188522339,0.30434271693229675,0.010752787813544273,0.3236812651157379,0.2191687971353531,-1.022212266921997,87.23126968323858,68.82821079229674,0.534699559211731,0.5407333970069885,0.6189320683479309,0.6951153874397278,0.6947349905967712,0.6711301803588867,0.6765386462211609,0.6522787809371948,0.6688459515571594,0.6615731120109558,0.6108149290084839,0.5861395001411438,0.035862441890495866,0.1285295933485031,1.0
-216.85581970214844,123.01089477539062,53.301025390625,48.65524673461914,28.146142959594727,22.35872459411621,1.1666666269302368,8.764616966247559,-10.31860637664795,-12.139650344848633,-1.5169804096221924,5.976841449737549,-0.7884529232978821,4.853292942047119,1.931201696395874,-0.13182507455348969,-0.9413940906524658,-4.902821063995361,-1.1623814105987549,-6.211938858032227,150.23391420788937,117.01347474553876,0.6049309372901917,0.7766023874282837,0.9602118134498596,0.9148915410041809,0.7159534096717834,0.5030388236045837,0.41001030802726746,0.3424544930458069,0.28872719407081604,0.2577725350856781,0.32474443316459656,0.4572036862373352,0.051336880387931036,0.06584016978740692,1.0
-208.55592346191406,181.64173889160156,69.06199645996094,36.88943099975586,13.3287935256958,13.982303619384766,8.965604782104492,1.79909086227417,-2.2319064140319824,-9.414715766906738,-4.0843329429626465,-1.6902869939804077,4.794490337371826,7.75025749206543,4.217216491699219,-0.45507651567459106,-4.656116962432861,-4.392847061157227,-2.670274257659912,-3.816488265991211,93.93116852112598,83.27417264955288,0.7464239001274109,0.8202039003372192,0.8488805890083313,0.8993189930915833,0.758686900138855,0.5896504521369934,0.5043240785598755,0.5551000237464905,0.6749431490898132,0.7469589710235596,0.8127305507659912,0.7386164665222168,0.041163710297131145,0.14028401672840118,1.0
-261.1939697265625,138.4626922607422,64.73062133789062,48.21635818481445,22.780900955200195,12.027594566345215,2.0592589378356934,12.911574363708496,0.4827680289745331,-0.9459201097488403,-4.700892925262451,1.4696643352508545,-1.9826387166976929,-1.6766345500946045,-3.5152549743652344,-1.6338865756988525,-3.3058547973632812,-3.031855583190918,-4.5150556564331055,-3.2264232635498047,122.37731380893531,90.61348723671566,0.6998962163925171,0.6046423316001892,0.5349588990211487,0.548231303691864,0.6238077878952026,0.6702476739883423,0.7024521231651306,0.7245842814445496,0.7923806309700012,0.8417283296585083,0.8196078538894653,0.7657373547554016,0.04154227120535714,0.05988587066531181,1.0
-283.3502197265625,168.6998748779297,101.40885925292969,49.681922912597656,23.72684669494629,10.886031150817871,5.207763195037842,2.4342877864837646,0.045653391629457474,0.4926077723503113,1.5698730945587158,-1.0479235649108887,-3.6676595211029053,-1.7100623846054077,-3.705206871032715,-1.5425516366958618,-0.1455547958612442,1.9275038242340088,3.8864119052886963,3.42305326461792,83.64843164899406,70.41061504654422,0.401796817779541,0.4025164842605591,0.4780862331390381,0.5502650141716003,0.6002750396728516,0.6789262294769287,0.8472030162811279,0.9577351212501526,0.873103678226471,0.7503634095191956,0.6353096961975098,0.5176314115524292,0.037186047262396695,0.09469730406999588,1.0
-285.14605712890625,137.70761108398438,61.89443588256836,33.80626678466797,7.503795146942139,23.32174301147461,10.76004409790039,12.784276008605957,0.5503819584846497,1.0246264934539795,-1.0453404188156128,0.6410756707191467,-2.148439645767212,-0.8069154620170593,-2.8465163707733154,-3.084606647491455,-3.3354594707489014,-1.9070614576339722,-2.035236120223999,0.17659014463424683,138.4851503549059,104.51748101934939,0.3987463116645813,0.4493943452835083,0.5666833519935608,0.6910759806632996,0.7597036361694336,0.806428849697113,0.8526109457015991,0.850159227848053,0.7436440587043762,0.6187174916267395,0.5107508897781372,0.43651673197746277,0.04030727332746479,0.03296758234500885,1.0
-291.9845886230469,136.68946838378906,64.42256927490234,34.91379165649414,-2.140904188156128,16.01432228088379,-3.2843143939971924,3.2244386672973633,-1.9969054460525513,2.8529651165008545,-0.9861552715301514,3.9203014373779297,-2.45343017578125,4.933711528778076,-2.4902820587158203,1.2556148767471313,-0.9199815988540649,-4.9194111824035645,0.7615407705307007,-5.172954559326172,145.85324175825238,118.4173498636191,0.7562366127967834,0.8262256979942322,0.8721950054168701,0.8554505109786987,0.7956293821334839,0.6841615438461304,0.6358668208122253,0.6006156802177429,0.6128897666931152,0.6415677070617676,0.6770270466804504,0.7071033716201782,0.06457779255319149,0.021335886791348457,1.0
-275.8127136230469,152.39297485351562,70.58955383300781,25.711515426635742,5.783727645874023,-1.4191035032272339,3.0557637214660645,3.2979981899261475,4.009158134460449,-0.625165581703186,2.89762544631958,-0.3267471194267273,-1.8427826166152954,1.3646080493927002,-1.559991717338562,-0.8435763716697693,-0.6924906969070435,2.459407329559326,2.009960889816284,-1.1328333616256714,129.70020372144174,112.97533582346686,0.6259850263595581,0.5868806838989258,0.5915811657905579,0.6031185984611511,0.6126359701156616,0.6475488543510437,0.6718889474868774,0.6950180530548096,0.7099405527114868,0.7360258102416992,0.7192280888557434,0.708143413066864,0.05191650390625,0.03352325037121773,1.0
-365.95904541015625,143.79550170898438,76.12802124023438,29.529701232910156,15.629454612731934,16.4478759765625,8.299833297729492,12.322736740112305,1.8750056028366089,3.5499281883239746,-0.26420193910598755,-0.7061455249786377,-1.9791243076324463,-1.6987851858139038,-2.7439827919006348,-1.0118485689163208,-2.887251377105713,-1.1867197751998901,-2.4602739810943604,-2.425546884536743,123.42726973655515,93.1746417907076,0.9038383960723877,0.775714635848999,0.6246982216835022,0.5487567782402039,0.5055841207504272,0.4741077721118927,0.4645093083381653,0.5025320649147034,0.5945996642112732,0.7232069969177246,0.8222859501838684,0.8813785910606384,0.04192762138429752,0.018377425149083138,1.0
-331.90423583984375,142.95391845703125,40.6256217956543,40.59504699707031,23.99509620666504,22.458698272705078,10.659497261047363,5.093709468841553,-1.1817361116409302,-1.5270448923110962,-2.9710400104522705,-2.3664324283599854,-3.181182861328125,-3.450103759765625,-3.5822372436523438,-1.8948919773101807,-3.043174982070923,-1.2728089094161987,-0.39815425872802734,1.0767556428909302,133.5155400462188,99.99468320088407,0.7180647850036621,0.7245286703109741,0.7385547161102295,0.6899604201316833,0.6525201201438904,0.678450345993042,0.6720673441886902,0.6481625437736511,0.6795828342437744,0.7146388292312622,0.7874842882156372,0.7280353903770447,0.051754324776785716,0.02074575051665306,1.0
-273.8289489746094,136.39955139160156,79.36331939697266,34.73462677001953,20.08761215209961,15.558170318603516,8.127482414245605,10.907182693481445,5.342633247375488,3.044196128845215,1.6735285520553589,2.206599712371826,0.7603448033332825,1.3923683166503906,0.07323954254388809,-1.2715435028076172,-2.038464307785034,-4.171605587005615,-4.363313674926758,-4.224399089813232,121.51666951249109,81.67111189437723,0.7409425973892212,0.8238991498947144,0.8115215301513672,0.746738612651825,0.6313873529434204,0.5578725934028625,0.5470421314239502,0.5393927097320557,0.5703864693641663,0.6374419331550598,0.692478597164154,0.7442039251327515,0.03568289620535714,0.06452129781246185,1.0
-150.8406219482422,89.419677734375,49.3770751953125,26.184003829956055,6.803006649017334,12.648046493530273,-2.1873085498809814,5.4908952713012695,-3.1171741485595703,2.8543379306793213,-2.0896172523498535,-0.44941335916519165,-3.4281537532806396,-2.5241334438323975,-3.1221041679382324,-2.0698347091674805,-2.77423357963562,-2.7068493366241455,-3.0864696502685547,-1.2096368074417114,192.4035658818212,219.48443909310788,0.7004051208496094,0.7536166906356812,0.8180629014968872,0.8284571170806885,0.8131905198097229,0.7613569498062134,0.6964591145515442,0.6524842381477356,0.6293655037879944,0.6139440536499023,0.6399869918823242,0.6709063649177551,0.16291610054347827,0.05487034469842911,1.0
-320.57012939453125,101.23915100097656,90.24986267089844,37.58073425292969,23.502111434936523,14.271943092346191,11.172409057617188,5.253122806549072,7.41033935546875,2.4597930908203125,0.9001129865646362,1.891236662864685,-3.1132049560546875,1.851291298866272,-3.6712772846221924,-1.1376579999923706,-2.567600965499878,-1.1499654054641724,0.15153507888317108,-3.0828869342803955,160.67442885244745,100.73329125872888,0.8484761118888855,0.8315966129302979,0.8107299208641052,0.7413821220397949,0.6385923624038696,0.48750948905944824,0.42897412180900574,0.4942210614681244,0.5790322422981262,0.6353597640991211,0.7434307932853699,0.8539257645606995,0.04282924107142857,0.023086795583367348,1.0
-405.877685546875,117.93948364257812,54.14910888671875,39.60610580444336,21.532365798950195,19.831588745117188,12.342360496520996,12.745282173156738,4.283444404602051,3.2336206436157227,-1.5357258319854736,0.17999489605426788,-1.6897233724594116,-0.2822118103504181,-1.5644382238388062,-2.4926917552948,-3.359022855758667,-3.8765110969543457,-3.8825697898864746,-4.034715175628662,147.6269101758727,99.91681096830669,0.6500620245933533,0.5764095783233643,0.45259159803390503,0.4364902079105377,0.4477359354496002,0.5410026907920837,0.6564896106719971,0.7138079404830933,0.7819167375564575,0.7879198789596558,0.7695910334587097,0.7295088171958923,0.047832338828740155,0.009272502735257149,1.0
-241.14808654785156,173.19253540039062,60.196022033691406,40.44293212890625,10.670217514038086,11.082090377807617,-4.292618751525879,-2.5152320861816406,-2.35929012298584,0.16753429174423218,-1.9658896923065186,-2.148259401321411,-4.490789413452148,-2.703734874725342,-1.8003779649734497,-1.1127177476882935,-1.3824610710144043,-0.2814043164253235,-1.410440444946289,-1.4720757007598877,106.65116277515003,99.73541366546381,0.8178773522377014,0.759394645690918,0.6715587973594666,0.5971724987030029,0.5477277040481567,0.5331794619560242,0.5423088669776917,0.504142165184021,0.5376023054122925,0.6867760419845581,0.8066468834877014,0.8481660485267639,0.04458821614583333,0.06859073787927628,1.0
-204.10215759277344,173.82908630371094,69.53474426269531,39.673126220703125,17.102886199951172,13.985967636108398,14.591273307800293,7.297632694244385,-1.739277720451355,-7.0999298095703125,-0.6581435799598694,3.951216220855713,4.662231922149658,-0.5101165175437927,-2.3325142860412598,-1.8568594455718994,-0.5246690511703491,-0.7592901587486267,-2.6389353275299072,-7.9357099533081055,95.97556716246245,78.02151852755141,0.6794483065605164,0.6059921383857727,0.5725089907646179,0.594890832901001,0.6603220105171204,0.7527707815170288,0.763297438621521,0.7166067957878113,0.6408527493476868,0.5189297199249268,0.4526671767234802,0.5929083228111267,0.04282751162190083,0.1710732877254486,1.0
-259.528564453125,163.48854064941406,35.29298400878906,29.668973922729492,8.7379732131958,18.787656784057617,13.6014404296875,9.835827827453613,0.32488006353378296,3.543846368789673,-5.354325771331787,-3.6128458976745605,-0.43615543842315674,0.7993395924568176,-3.074397087097168,-0.47961124777793884,1.9289969205856323,4.257443904876709,2.5655059814453125,0.4830876886844635,132.42400076438264,108.85641239426651,0.758168637752533,0.6454188227653503,0.541583776473999,0.46748074889183044,0.44461679458618164,0.5449647903442383,0.6100471019744873,0.7212741374969482,0.7404374480247498,0.7545145750045776,0.7608965039253235,0.7873685956001282,0.04365931919642857,0.03898512199521065,1.0
-263.1708679199219,143.00296020507812,66.8646240234375,50.56484603881836,0.4387630522251129,11.35627555847168,1.8919976949691772,-1.340912938117981,-10.288536071777344,-8.846782684326172,-10.442331314086914,-1.8189204931259155,0.5349053144454956,0.38736581802368164,-3.3166160583496094,-7.93322229385376,-8.540539741516113,-4.5112128257751465,-1.9607843160629272,-0.19615581631660461,125.45323980238005,109.56644433261957,0.5675318241119385,0.6559222340583801,0.7571691870689392,0.8193455338478088,0.7966263294219971,0.7369223237037659,0.6895615458488464,0.6690239906311035,0.6352742910385132,0.5472182631492615,0.46750929951667786,0.48737072944641113,0.05577566964285714,0.04412904009222984,1.0
-263.72418212890625,146.50164794921875,64.1181411743164,27.916278839111328,23.028369903564453,21.01629638671875,0.056778088212013245,-1.1848422288894653,0.9271100759506226,2.604323148727417,-2.310006618499756,-5.565304279327393,1.6043204069137573,-1.516538381576538,-3.884822368621826,-3.3589329719543457,-2.5173721313476562,-1.2431479692459106,-3.5146374702453613,-1.4070295095443726,129.374749196578,99.67990095687725,0.8889870643615723,0.7692757248878479,0.6309024691581726,0.5243647694587708,0.47996285557746887,0.6068121194839478,0.7566794753074646,0.8090746402740479,0.754048228263855,0.7524077892303467,0.819510281085968,0.9117063283920288,0.04588124449823944,0.042659636586904526,1.0
-241.1119384765625,157.3819580078125,68.89645385742188,53.413082122802734,20.009000778198242,15.31147289276123,5.438938617706299,1.53223717212677,-0.3349262773990631,-3.64117169380188,-2.671586751937866,-4.843347549438477,-4.291940212249756,-2.3310365676879883,-3.051030158996582,-1.8618630170822144,-4.096635818481445,-4.146925926208496,-5.465491771697998,-4.763713836669922,100.55920104808288,83.8893319806872,0.6727746725082397,0.7931602001190186,0.829006016254425,0.7665615677833557,0.6843072772026062,0.6349665522575378,0.6156429052352905,0.560975193977356,0.487810879945755,0.441485732793808,0.44320714473724365,0.5364015698432922,0.044122869318181816,0.11144530028104782,1.0
-325.0472717285156,144.13192749023438,63.97154998779297,52.41656494140625,17.757553100585938,23.154640197753906,10.518878936767578,10.566579818725586,3.542109966278076,4.120265007019043,-1.9107868671417236,0.6884399056434631,-2.201164960861206,-2.0424628257751465,-2.1105892658233643,-0.867095947265625,-1.4765599966049194,-0.4430159330368042,-0.8719388246536255,-1.7950164079666138,115.5296690491021,82.74464605527527,0.5578036904335022,0.5887373685836792,0.6016480326652527,0.6490879654884338,0.639637291431427,0.6516801714897156,0.6735654473304749,0.693607747554779,0.6453190445899963,0.7324927449226379,0.6940417289733887,0.5983029007911682,0.04233638575819672,0.035445328801870346,1.0
-304.8582458496094,160.0867462158203,52.60505676269531,41.376033782958984,21.066946029663086,21.12225341796875,11.969986915588379,12.577559471130371,-2.526866912841797,-1.23561429977417,-3.75897216796875,1.6971067190170288,-0.32224851846694946,-1.9990897178649902,-5.137012004852295,-2.3328516483306885,-2.182105302810669,-2.717486619949341,-3.7380406856536865,-2.344440460205078,111.27979514965519,86.66665312252522,0.622602641582489,0.6485228538513184,0.6674790382385254,0.7227345705032349,0.805125892162323,0.8311901688575745,0.7875692844390869,0.6742233037948608,0.5845407247543335,0.5163599252700806,0.5519839525222778,0.5997169613838196,0.03336356026785714,0.04233156517148018,1.0
-254.71505737304688,133.89491271972656,72.8913803100586,42.670684814453125,18.272750854492188,17.716318130493164,4.6711649894714355,8.867952346801758,0.6850822567939758,-0.6321971416473389,-4.88353967666626,-1.4896241426467896,-4.578352928161621,0.8337453007698059,-1.70658278465271,-3.809321403503418,-5.080567359924316,-3.629664659500122,0.30232781171798706,-2.4188919067382812,123.49414685154787,92.36465859788103,0.668990969657898,0.6624177098274231,0.6578648686408997,0.6739068627357483,0.8161388039588928,0.8846122622489929,0.8024611473083496,0.6580855250358582,0.5194334387779236,0.45552176237106323,0.5178404450416565,0.5981249809265137,0.0459791451446281,0.06007055938243866,1.0
-265.8478088378906,142.1999969482422,80.7436752319336,28.55756378173828,15.31254768371582,0.7814550995826721,3.934628486633301,3.8777449131011963,3.282536268234253,1.9523788690567017,0.6654739379882812,3.4854037761688232,-3.8621184825897217,1.7551888227462769,1.8110629320144653,-1.575419306755066,-0.3460562527179718,-0.8768680095672607,0.5717772841453552,-6.04986572265625,130.35843135192655,99.7888581870852,0.6048598885536194,0.6081082224845886,0.6343059539794922,0.6393401026725769,0.662124514579773,0.7335180640220642,0.7492528557777405,0.7685518264770508,0.8044826984405518,0.7817934155464172,0.7383992671966553,0.6646750569343567,0.05243733723958333,0.041750501841306686,1.0
-265.6628723144531,138.22622680664062,75.06267547607422,47.994075775146484,23.07828712463379,19.251951217651367,5.028423309326172,2.988394260406494,0.08132245391607285,1.243624210357666,-0.13704179227352142,0.5698142647743225,-1.4684866666793823,-0.5384122133255005,-0.3435354232788086,-1.14676034450531,-1.4422527551651,-1.4249663352966309,-1.2318754196166992,-2.062114715576172,120.35326085320432,91.29994517009911,0.3518686592578888,0.36289867758750916,0.39815306663513184,0.6034711003303528,0.8593931794166565,0.9516581296920776,0.8169329166412354,0.6189053654670715,0.5006630420684814,0.42346489429473877,0.3928554356098175,0.3762536346912384,0.03723043646694215,0.06809204816818237,1.0
-295.7436828613281,122.64397430419922,58.994571685791016,32.83250045776367,2.3032712936401367,14.86207103729248,-0.851306676864624,10.48228931427002,1.2002930641174316,2.9543087482452393,-7.8509697914123535,-1.624876618385315,-6.270875453948975,-4.207598686218262,-7.87566614151001,-4.207695484161377,0.19941270351409912,2.0680105686187744,2.3108510971069336,1.5270506143569946,162.36550618496855,131.28667389293776,0.5324857234954834,0.618108868598938,0.7426215410232544,0.790643036365509,0.7454129457473755,0.7345105409622192,0.7259708642959595,0.7143740653991699,0.645281970500946,0.5886862874031067,0.5387787222862244,0.5218899250030518,0.05734165736607143,0.016885224729776382,1.0
-194.86228942871094,145.57774353027344,72.34589385986328,39.92783737182617,23.26786994934082,20.024600982666016,8.505325317382812,9.749502182006836,-0.16491827368736267,2.7789716720581055,-3.4051640033721924,-0.40134114027023315,-3.0299198627471924,-1.4219224452972412,-1.364662766456604,-0.6526696681976318,0.8003591895103455,-0.953563928604126,-2.3601720333099365,-2.9016923904418945,111.73248103971224,78.82546274698137,0.592864453792572,0.5459744930267334,0.5309109091758728,0.6185117363929749,0.7438932657241821,0.8427180051803589,0.8435129523277283,0.7559873461723328,0.7456360459327698,0.7956544160842896,0.7792284488677979,0.7035281658172607,0.03944689162234043,0.14064380526542664,1.0
-242.7102813720703,122.89435577392578,83.47935485839844,54.28114318847656,21.019821166992188,20.567520141601562,9.114408493041992,4.863716125488281,-0.6294022798538208,-5.180593967437744,-6.013801097869873,-2.916822910308838,-5.154397487640381,-0.8486616611480713,-3.7014482021331787,-1.3309744596481323,-3.993093729019165,-2.6927006244659424,-1.8248602151870728,-5.094636917114258,122.15571751453577,88.90146651539024,0.461239755153656,0.6203618049621582,0.7763383388519287,0.8673273921012878,0.9003687500953674,0.881676971912384,0.8436486124992371,0.7247534990310669,0.5973753333091736,0.5099995136260986,0.45141690969467163,0.41571044921875,0.046778150826446284,0.10362756997346878,1.0
-341.9627685546875,189.4029083251953,68.6583023071289,39.06940460205078,18.981863021850586,7.724149703979492,-3.182803153991699,-2.147307872772217,-3.9673802852630615,-3.0425665378570557,-2.9895107746124268,0.1807093471288681,2.3740670680999756,1.6139874458312988,-2.423114538192749,-1.4180330038070679,-2.811716318130493,-0.9263620376586914,-0.725969135761261,-0.9466827511787415,90.46050982858945,90.19662107833824,0.6919242143630981,0.7640630006790161,0.7510060667991638,0.6892370581626892,0.6214022636413574,0.6263662576675415,0.6422395706176758,0.6187112927436829,0.6121837496757507,0.6065776348114014,0.5851919054985046,0.5986162424087524,0.037346540178571426,0.033616404980421066,1.0
-220.3501739501953,126.1180648803711,68.8697738647461,37.476593017578125,13.385041236877441,6.90752649307251,5.469946384429932,10.004903793334961,1.2187778949737549,4.316187381744385,-1.010787844657898,-1.4524955749511719,-5.436612606048584,-2.9333364963531494,-3.0118067264556885,-2.8885416984558105,-3.3559927940368652,-1.9651681184768677,-3.1094970703125,-3.195331573486328,154.66774215692945,118.53647935012101,0.7751081585884094,0.7553420662879944,0.7785508036613464,0.7189003825187683,0.6946901679039001,0.6873376369476318,0.6852639317512512,0.6919746398925781,0.7327545285224915,0.7607229948043823,0.759106457233429,0.7542816400527954,0.04875837053571429,0.05665465071797371,1.0
-276.1761779785156,153.74461364746094,76.86486053466797,53.69902801513672,23.295541763305664,18.717885971069336,7.046745777130127,7.792571067810059,1.9556875228881836,3.877429723739624,0.02537153661251068,1.23526930809021,-6.164422988891602,-2.8412511348724365,-2.109658718109131,-3.871427536010742,-3.6345930099487305,-3.8809123039245605,-3.2843310832977295,-7.638312339782715,90.6780090091852,72.01707554483988,0.5149646997451782,0.42447084188461304,0.43795809149742126,0.5410400629043579,0.6959846019744873,0.829313337802887,0.909081757068634,0.9219943881034851,0.8991600871086121,0.7907872200012207,0.6494184732437134,0.5942574143409729,0.044316567665289255,0.10832400619983673,1.0
-275.9607849121094,113.57184600830078,77.31049346923828,34.23430252075195,20.171180725097656,9.572402000427246,0.8705140948295593,-0.1637886017560959,-4.580398082733154,-3.117957353591919,-4.353456497192383,-3.8682539463043213,-2.267118215560913,-2.173664093017578,-0.8850364685058594,-0.32892975211143494,-0.6900550127029419,1.0085817575454712,-0.5210170149803162,0.6089820861816406,163.36946926579054,122.31537205396803,0.7702689170837402,0.8940426707267761,0.9265121221542358,0.8682991862297058,0.8035597801208496,0.7642914652824402,0.7109088897705078,0.6714010834693909,0.6349092125892639,0.586931049823761,0.5948958396911621,0.6546699404716492,0.07353515625,0.024900827556848526,1.0
-308.1873779296875,74.8790283203125,51.77418899536133,48.87346649169922,6.134539604187012,8.416324615478516,7.678061485290527,3.9636213779449463,-3.759948253631592,2.1678144931793213,-1.4734854698181152,1.455011248588562,-2.1366729736328125,1.14100980758667,-4.114899635314941,-3.0075056552886963,-5.21382999420166,-0.38022080063819885,-2.9413511753082275,-3.8718762397766113,221.8274643614787,185.4871503653274,0.7550530433654785,0.7309058308601379,0.677570641040802,0.6142669320106506,0.5643783807754517,0.5701778531074524,0.5898841023445129,0.604844331741333,0.6869211792945862,0.6664021611213684,0.7091901302337646,0.7536062002182007,0.08280552455357143,0.010079345665872097,1.0
-128.25302124023438,87.19683074951172,49.43764877319336,44.775611877441406,21.861276626586914,18.306791305541992,5.881946563720703,5.828874111175537,-0.08009007573127747,1.1181647777557373,-1.4668408632278442,0.424469918012619,-1.1062582731246948,-1.2646925449371338,-1.5974268913269043,-1.2544206380844116,-1.834782600402832,-1.6676239967346191,-2.9293813705444336,-3.3128089904785156,199.07504062057345,163.92961593319433,0.7208950519561768,0.6602917909622192,0.6176303029060364,0.6258353590965271,0.6316794753074646,0.5651951432228088,0.5421292185783386,0.5822522044181824,0.6382768750190735,0.7316303849220276,0.7972217202186584,0.7829198837280273,0.062548828125,0.10062846541404724,1.0
-293.8805847167969,142.49497985839844,52.12759780883789,41.856346130371094,19.403032302856445,16.733821868896484,-3.665846347808838,9.092656135559082,5.873813152313232,3.852806568145752,-3.534292221069336,-2.557206869125366,-7.249142646789551,-6.040726184844971,-6.072292327880859,-0.6780133843421936,-0.3042583465576172,2.1091508865356445,2.9961202144622803,1.8110849857330322,129.34023906127518,99.2889614564345,0.7763801217079163,0.7835784554481506,0.7865774035453796,0.755198061466217,0.6852685809135437,0.6066632866859436,0.561299741268158,0.6028162837028503,0.695469081401825,0.740613579750061,0.7388567328453064,0.7393990159034729,0.03617090536347518,0.03150331228971481,1.0
-256.3924255371094,149.27825927734375,70.10531616210938,49.80860137939453,23.10576820373535,18.254907608032227,7.7173285484313965,8.075840950012207,2.881908893585205,-2.1834158897399902,2.9306540489196777,2.7734029293060303,-0.40464115142822266,3.379990339279175,-1.0123672485351562,-2.4486401081085205,-3.324376106262207,-1.3362202644348145,-0.7205666899681091,-3.683344841003418,107.34776143853907,79.35601220671256,0.5540016889572144,0.5374931693077087,0.6156562566757202,0.6278553605079651,0.6647167801856995,0.7479838728904724,0.702157199382782,0.7087082266807556,0.7335311770439148,0.6619688868522644,0.6565696597099304,0.599102258682251,0.037460453254132234,0.08618483692407608,1.0
-266.776611328125,175.6306915283203,68.6976318359375,50.44049072265625,26.253971099853516,16.067825317382812,8.691652297973633,8.803832054138184,2.229154109954834,1.4598199129104614,0.44161441922187805,0.512281596660614,-0.6482155323028564,0.022352050989866257,-0.8874618411064148,-2.4603447914123535,-1.5373892784118652,-2.5216238498687744,-1.742510437965393,-2.7104997634887695,86.56346744914063,69.73670846417403,0.6657941937446594,0.7135267853736877,0.8106289505958557,0.8000665307044983,0.6709808111190796,0.5642371773719788,0.5378414988517761,0.5672488212585449,0.5689519047737122,0.5228853225708008,0.5524227619171143,0.608333945274353,0.04224641658057851,0.11734218895435333,1.0
-268.9717712402344,149.7558135986328,67.56861114501953,50.22148513793945,13.97185230255127,18.759822845458984,0.05854080989956856,4.586084365844727,-0.5704355239868164,3.3558356761932373,0.07299342751502991,2.2861056327819824,-0.3411601185798645,-0.04661640152335167,-1.0943470001220703,-0.4614708721637726,-1.3099775314331055,-0.2962077558040619,-1.656888723373413,-1.7790526151657104,117.07788461205803,88.80691391695724,0.6805816292762756,0.7082995176315308,0.6865429878234863,0.6986854076385498,0.7183973789215088,0.6982909440994263,0.6255331635475159,0.6384533047676086,0.6620891094207764,0.6583764553070068,0.7037896513938904,0.7088090777397156,0.044082515495867766,0.05350388213992119,1.0
-307.1940002441406,96.4662857055664,68.94114685058594,43.85155487060547,26.889848709106445,18.90546226501465,5.237053394317627,2.1191225051879883,-4.974404335021973,-4.1562418937683105,-6.730781078338623,-6.394870758056641,-8.990462303161621,-6.605865478515625,-6.077249526977539,-4.492656230926514,-3.4569976329803467,-2.8923685550689697,-1.9413988590240479,-2.251150608062744,175.8388063971046,136.13605702082106,0.7533794045448303,0.7872029542922974,0.8043180704116821,0.8257855772972107,0.8601847887039185,0.8392776846885681,0.8176344633102417,0.7907531261444092,0.7704938650131226,0.7331053018569946,0.7338258624076843,0.7806448340415955,0.058728806515957445,0.018842512741684914,1.0
-173.61497497558594,160.21578979492188,51.53843688964844,37.288230895996094,18.158912658691406,22.096660614013672,10.811982154846191,6.296499729156494,1.3560054302215576,0.6759704351425171,-1.3956269025802612,-1.7518246173858643,-1.153672695159912,-1.5299396514892578,-5.6387858390808105,-3.6797287464141846,-0.8706585764884949,0.6623983979225159,-0.9906350374221802,-3.5657784938812256,114.74611290073011,88.3745807148962,0.7699990272521973,0.7060348987579346,0.6893252730369568,0.6998891830444336,0.6721686124801636,0.6539499759674072,0.64418625831604,0.6422395706176758,0.6627975702285767,0.7510675191879272,0.7794623374938965,0.8391026854515076,0.041655993852459015,0.16154922544956207,1.0
-225.1904754638672,128.5803985595703,71.69959259033203,38.70110321044922,12.432723999023438,18.096435546875,-2.699843168258667,4.971343040466309,-3.108002185821533,4.600412845611572,-2.5750715732574463,0.40365082025527954,-1.2669041156768799,2.3135452270507812,-1.1361685991287231,-0.492698609828949,-2.136077404022217,-2.5298781394958496,-3.192518711090088,-2.6924593448638916,148.0780195219702,112.59550703073232,0.7877185940742493,0.7818582653999329,0.7578235268592834,0.6878971457481384,0.6423233151435852,0.620423436164856,0.632901132106781,0.6269030570983887,0.6653851270675659,0.7140608429908752,0.6981551051139832,0.7123802304267883,0.03893855168269231,0.05675714835524559,1.0
-258.4669494628906,122.8598861694336,71.4994888305664,40.7287483215332,9.440617561340332,14.808433532714844,11.309998512268066,9.864103317260742,6.465370178222656,1.0254302024841309,12.674473762512207,4.01837682723999,-3.8355002403259277,0.5555790662765503,-1.445887565612793,-2.2537782192230225,-2.4164106845855713,3.4705724716186523,0.7086248397827148,-1.7341556549072266,145.06663835276564,96.67025061054933,0.5389931201934814,0.5900499820709229,0.6392945051193237,0.6315729022026062,0.6423995494842529,0.6296273469924927,0.6139425039291382,0.7232630848884583,0.8139656186103821,0.7408313751220703,0.6423914432525635,0.5370790362358093,0.037315179493801656,0.04305711016058922,1.0
-213.8373565673828,129.65188598632812,52.23814392089844,38.52891540527344,16.90334701538086,21.566761016845703,8.12486457824707,10.243318557739258,1.739183783531189,4.826730251312256,-2.1646859645843506,2.0347020626068115,-1.6240346431732178,1.174615502357483,-0.9643203616142273,-2.239802837371826,-1.185539722442627,-2.0467135906219482,-1.5874361991882324,-0.8210332989692688,150.85705618321197,112.30452223156263,0.7858541011810303,0.6812597513198853,0.5913287997245789,0.6161614656448364,0.7070911526679993,0.7088034749031067,0.5640096664428711,0.4368133246898651,0.4469012916088104,0.573101818561554,0.6783365607261658,0.8053503036499023,0.037556966145833336,0.058330368250608444,1.0
-282.2469787597656,119.58866882324219,56.40757369995117,44.11220169067383,8.710067749023438,13.274579048156738,7.4552507400512695,16.677095413208008,5.921297550201416,3.5518648624420166,5.799445629119873,5.8050947189331055,-5.629549980163574,0.002113069873303175,0.46968433260917664,-4.667056560516357,0.4045771062374115,-3.224095344543457,1.4734678268432617,-6.700691223144531,154.84321954471665,106.65382853286451,0.6323075294494629,0.5985950827598572,0.62790846824646,0.6233572959899902,0.6518494486808777,0.6750497221946716,0.6100616455078125,0.5742589235305786,0.6289744973182678,0.7025270462036133,0.7822121977806091,0.7489766478538513,0.040450613839285714,0.02841840125620365,1.0
-311.56829833984375,158.63006591796875,108.4021987915039,27.750293731689453,32.1356086730957,12.234171867370605,13.755446434020996,2.070558786392212,6.329946041107178,1.3727920055389404,1.1236546039581299,1.683237910270691,3.959876298904419,1.4764307737350464,1.2865535020828247,0.8019720315933228,-3.624497413635254,2.244002342224121,-4.303028583526611,2.684570074081421,94.2965820932299,67.0574869932561,0.879603922367096,0.6058864593505859,0.5106294751167297,0.39904505014419556,0.4460364580154419,0.44806405901908875,0.47061365842819214,0.4791189432144165,0.5062682032585144,0.6561254858970642,0.875908613204956,0.9137783646583557,0.033544921875,0.07006919384002686,1.0
-302.2823791503906,123.34737396240234,65.38095092773438,41.60676956176758,11.613545417785645,20.957775115966797,2.94157075881958,8.262550354003906,0.7524453401565552,2.8884434700012207,-3.8309834003448486,-1.036038875579834,-3.2306466102600098,-2.3837013244628906,-1.1496328115463257,-0.1802220195531845,-1.2733246088027954,0.4251392185688019,-1.0815798044204712,-0.8452374935150146,147.83929650626038,106.16655195759914,0.7164340019226074,0.6820490956306458,0.6246849298477173,0.6602246165275574,0.6851087212562561,0.7366139888763428,0.807757556438446,0.7760000824928284,0.7512447834014893,0.6510300636291504,0.6814590096473694,0.7163013815879822,0.04566438533057851,0.02449670247733593,1.0
-272.2110595703125,133.19534301757812,72.33867645263672,33.38083267211914,25.19123649597168,8.082435607910156,10.148407936096191,2.6315369606018066,4.118554592132568,4.794395446777344,6.147615432739258,2.0367164611816406,-6.513430118560791,1.165396809577942,-1.8316985368728638,1.3357341289520264,-1.8563915491104126,0.8624095320701599,0.9038041234016418,-1.5497674942016602,133.85120114437854,92.98659726250017,0.65520179271698,0.6522965431213379,0.6758303642272949,0.7045656442642212,0.7105696201324463,0.661398708820343,0.6800405979156494,0.6835442781448364,0.7132056355476379,0.7659718990325928,0.7739225625991821,0.6750615239143372,0.03880020015495868,0.04023021459579468,1.0
-244.64898681640625,144.5994110107422,93.25927734375,54.9592170715332,27.601543426513672,23.215185165405273,6.92466926574707,5.8305983543396,-4.274525165557861,-2.4209096431732178,-2.512214183807373,-1.8588478565216064,-2.7136895656585693,-0.6006574034690857,0.4175748825073242,-0.6508753895759583,-1.7503695487976074,-1.4087903499603271,-1.115350365638733,-1.6213923692703247,93.71272976280186,71.11236560316577,0.533527672290802,0.5467687249183655,0.5862467288970947,0.6995044350624084,0.8530966639518738,0.8495020270347595,0.7579173445701599,0.7763051390647888,0.7650323510169983,0.7077106237411499,0.6960026025772095,0.5575005412101746,0.03485514322916667,0.11518851667642593,1.0
-310.38482666015625,158.12582397460938,81.44503021240234,49.856319427490234,20.369586944580078,15.557295799255371,10.04427433013916,5.662607669830322,3.3978476524353027,6.838733673095703,8.207523345947266,7.863640785217285,1.4745985269546509,1.2985576391220093,-3.210653066635132,-3.0637669563293457,-4.165283679962158,-3.120999813079834,-2.3752622604370117,-0.9144891500473022,93.60686047340664,67.63534581719469,0.47943615913391113,0.4695758819580078,0.43819659948349,0.603769838809967,0.5896666646003723,0.6481420397758484,0.6282997727394104,0.756531834602356,0.9016770124435425,0.8807730674743652,0.7068137526512146,0.6375567317008972,0.033044763513513514,0.06616775691509247,1.0
-331.1944274902344,129.65225219726562,74.91864013671875,45.09931182861328,24.280120849609375,23.196044921875,10.672036170959473,11.667141914367676,0.24722230434417725,5.2043304443359375,1.5028622150421143,2.9079458713531494,0.4425632357597351,-0.15601474046707153,-0.15455617010593414,-0.2531158924102783,-1.5914009809494019,0.45946839451789856,1.5334796905517578,-1.01678466796875,122.17631024891959,83.73220677118508,0.5866929292678833,0.5947359204292297,0.6682687997817993,0.6953949928283691,0.7049994468688965,0.6768470406532288,0.6713420748710632,0.655431866645813,0.7127355933189392,0.7422177195549011,0.6900714635848999,0.6076701879501343,0.033750697544642855,0.035794444382190704,1.0
-218.38539123535156,112.43525695800781,74.42864990234375,38.32131576538086,13.348498344421387,19.02118492126465,3.2607645988464355,4.190622329711914,-2.094214677810669,0.9741508364677429,-1.567258358001709,3.9316587448120117,3.0059149265289307,2.923997640609741,-1.259981632232666,-1.6777719259262085,-2.9502813816070557,-1.8936623334884644,-1.3442240953445435,0.3888688087463379,162.82569401224657,118.42779134644566,0.6302878260612488,0.6190786957740784,0.6486269235610962,0.6588166356086731,0.6306720972061157,0.6358233094215393,0.6379607319831848,0.6450827717781067,0.7450373768806458,0.7772805690765381,0.763664722442627,0.6764582395553589,0.045375770246478875,0.05380012467503548,1.0
-205.8143768310547,170.97842407226562,71.02279663085938,53.418296813964844,16.729171752929688,13.42538070678711,3.3005893230438232,-0.03847125172615051,-8.312137603759766,-3.4679689407348633,-3.1107144355773926,0.5221272706985474,0.503266453742981,-2.113985300064087,-5.2556867599487305,-3.372584819793701,-4.039886951446533,-1.8808711767196655,-4.319553852081299,-4.129485607147217,92.76522144200031,83.74743493371479,0.6048930287361145,0.6895843744277954,0.8569843173027039,0.9376706480979919,0.8444980978965759,0.6792383193969727,0.5035449862480164,0.3991636335849762,0.43100646138191223,0.4847772717475891,0.5597982406616211,0.5893146395683289,0.04374919953893443,0.1408747136592865,1.0
-266.9356994628906,100.04035949707031,62.041839599609375,37.505218505859375,18.088685989379883,16.206707000732422,5.261448383331299,4.566199779510498,-1.881160020828247,0.7304489612579346,-4.6826605796813965,-4.2286601066589355,-7.154755592346191,-6.831178665161133,-8.373978614807129,-8.483207702636719,-7.586052417755127,-6.261611461639404,-6.071166515350342,-5.020103931427002,173.51296575485767,138.00634845823126,0.514784038066864,0.44051089882850647,0.40382063388824463,0.41473889350891113,0.4808763265609741,0.6321033835411072,0.7681980133056641,0.8761774897575378,0.9033511281013489,0.8701228499412537,0.768118143081665,0.6248623132705688,0.058164760044642855,0.03031160496175289,1.0
-389.86590576171875,170.55166625976562,100.9729995727539,51.86392593383789,29.049772262573242,12.422053337097168,11.756855010986328,5.659369468688965,2.377051830291748,1.261699914932251,0.7349964380264282,0.8222342729568481,1.779496669769287,5.505893707275391,0.8491952419281006,3.1093482971191406,-2.163472890853882,-2.7754244804382324,-4.449312686920166,-1.6849400997161865,73.65425474188935,60.457648613844775,0.7748246788978577,0.7567538619041443,0.6851500868797302,0.629930317401886,0.6702650189399719,0.7291744351387024,0.705937385559082,0.724449634552002,0.7329283952713013,0.7287707328796387,0.7678386569023132,0.7460249662399292,0.02927266270661157,0.047537848353385925,1.0
-353.327392578125,123.51350402832031,67.75760650634766,48.84918975830078,21.22118377685547,23.691984176635742,4.382654666900635,10.054851531982422,-0.4665084779262543,3.642836332321167,1.1973124742507935,-2.990143299102783,-3.205742597579956,-2.2971954345703125,-4.948331356048584,-5.021817684173584,-1.422580599784851,-2.491729259490967,-0.8635505437850952,0.13502782583236694,130.57562354202074,87.83404341072695,0.8398122787475586,0.8076431155204773,0.7667690515518188,0.7671445608139038,0.7860277891159058,0.6675123572349548,0.5840237736701965,0.6096968054771423,0.6525670886039734,0.7369858622550964,0.7602697014808655,0.8335285186767578,0.049072265625,0.020109085366129875,1.0
-279.9898376464844,180.43310546875,63.80302810668945,39.84452819824219,8.338857650756836,7.428338050842285,4.18463659286499,3.715101718902588,2.2410757541656494,1.974202036857605,2.662123203277588,0.5482384562492371,-1.2356261014938354,-0.6873714327812195,-0.9674708843231201,-1.087864637374878,-0.5059801340103149,-0.5100477337837219,-0.4180184304714203,-1.7429152727127075,98.85959184174673,87.93656809078226,0.48509401082992554,0.6068557500839233,0.67833012342453,0.7798619270324707,0.7783454060554504,0.7478870153427124,0.6464956402778625,0.5599050521850586,0.5083997249603271,0.4713367521762848,0.44530627131462097,0.4438123404979706,0.04430446151859504,0.06855738908052444,1.0
-279.6056823730469,132.02920532226562,66.1902084350586,34.864959716796875,15.416940689086914,11.363414764404297,4.379158973693848,4.189670085906982,-1.5105600357055664,2.1434876918792725,-2.094036102294922,2.7927215099334717,-6.5812788009643555,0.950080931186676,-2.50862193107605,-1.1817269325256348,-4.668988227844238,-1.018126130104065,-1.943564772605896,-3.1599698066711426,138.26999993279202,105.45492203565988,0.6985133290290833,0.7519569993019104,0.6999548673629761,0.6478649377822876,0.5768441557884216,0.5616551637649536,0.5733211040496826,0.614372193813324,0.6733599305152893,0.7136905789375305,0.7215585708618164,0.6989909410476685,0.05413061725206612,0.03268647938966751,1.0
-183.7779998779297,156.49810791015625,48.61947250366211,35.67905044555664,12.938385963439941,5.760419845581055,14.136530876159668,1.9560813903808594,-2.3544955253601074,1.6662253141403198,-2.6938626766204834,3.4254562854766846,0.11027665436267853,-1.4812250137329102,-4.219099521636963,-3.2178258895874023,-4.450679302215576,-5.320209503173828,-8.265179634094238,-7.804131507873535,122.04224874205563,98.21680224789898,0.4700651466846466,0.57415372133255,0.6617991328239441,0.8371521830558777,0.9193820953369141,0.9338875412940979,0.9119450449943542,0.8086788654327393,0.7716661095619202,0.7355155348777771,0.6489724516868591,0.5597831010818481,0.04417569872359155,0.11718126386404037,1.0
-226.2551727294922,116.75076293945312,57.61671829223633,52.22462844848633,27.28362274169922,19.54055404663086,12.596824645996094,6.049766540527344,-1.3425239324569702,5.283816337585449,-5.267552375793457,-5.490086078643799,-3.483407974243164,-0.628755509853363,-1.5278735160827637,-2.4170210361480713,-2.5482754707336426,-3.556645631790161,-3.564591884613037,-2.9514377117156982,150.81941155400756,126.29356253190697,0.5701223611831665,0.6237049102783203,0.7516266107559204,0.8617234826087952,0.8766010999679565,0.8251543641090393,0.6637311577796936,0.5437538623809814,0.5472697019577026,0.6364445090293884,0.6944191455841064,0.6287102699279785,0.05986893078512397,0.07369908690452576,1.0
-361.3024597167969,127.08660888671875,46.11822509765625,45.27175521850586,11.360673904418945,14.566177368164062,7.370406627655029,7.341688632965088,1.6893407106399536,4.053393363952637,1.3688602447509766,4.426693439483643,3.422381639480591,4.61614990234375,2.9547817707061768,2.328385829925537,2.3635900020599365,2.5266494750976562,2.116539239883423,1.3175840377807617,154.75423694293113,110.5026346863947,0.7135466933250427,0.7839744091033936,0.7879853248596191,0.6915974617004395,0.6052606105804443,0.60296630859375,0.5967079997062683,0.6373648643493652,0.669606626033783,0.679774820804596,0.6303778290748596,0.6427385807037354,0.04149344308035714,0.012071621604263783,1.0
-258.5582580566406,132.78915405273438,84.93516540527344,43.72671127319336,18.05259895324707,14.667608261108398,7.5779194831848145,3.5334630012512207,3.627431631088257,-0.28716835379600525,2.4606637954711914,2.6174962520599365,-0.668572723865509,1.6534264087677002,1.0947993993759155,-1.772470474243164,-4.006279468536377,-1.5841130018234253,-2.6423962116241455,-3.147613048553467,123.36578448888834,87.30833934873772,0.6032553911209106,0.5868626236915588,0.5934169292449951,0.6048165559768677,0.6335873007774353,0.6461338996887207,0.6502977609634399,0.6910909414291382,0.7215301394462585,0.7402740716934204,0.7063640356063843,0.6496707797050476,0.0419114798553719,0.0611225850880146,1.0
-317.9512634277344,162.7705535888672,63.80336380004883,52.788612365722656,19.166332244873047,18.27460289001465,12.65239143371582,10.826277732849121,4.069149971008301,1.6909748315811157,-1.875981330871582,-2.4746031761169434,-5.710865020751953,-5.535266399383545,-3.744650363922119,-2.378253936767578,-5.226358413696289,-2.0755341053009033,-3.1384572982788086,-4.84937047958374,97.89877546623096,79.14653892823723,0.7831171154975891,0.8236343860626221,0.7210674285888672,0.7021977305412292,0.7888641953468323,0.7829179763793945,0.6624038219451904,0.5024677515029907,0.39980456233024597,0.4015393853187561,0.47275736927986145,0.6411255598068237,0.04356598657024793,0.0718260407447815,1.0
-277.4613952636719,122.67176055908203,46.870967864990234,36.88761520385742,17.737964630126953,23.0522518157959,7.910428047180176,10.45883846282959,4.315598487854004,8.633881568908691,2.935534954071045,7.645821571350098,4.276438236236572,3.6482646465301514,2.3306403160095215,3.1836867332458496,2.0330405235290527,1.097116470336914,-0.008523194119334221,0.13022859394550323,155.20578824544984,109.13118294206971,0.7210739850997925,0.6332026720046997,0.5775195360183716,0.5000203847885132,0.4706035256385803,0.5247535705566406,0.6962020397186279,0.7598444819450378,0.6991660594940186,0.6489339470863342,0.6597922444343567,0.720790445804596,0.03707335425204918,0.03460003063082695,1.0
-289.74755859375,158.98744201660156,79.26715850830078,39.09061050415039,15.504009246826172,11.974947929382324,9.858799934387207,7.9374470710754395,5.5895891189575195,1.7437224388122559,4.684944152832031,4.675909519195557,-3.7794182300567627,2.5911998748779297,-0.9999647736549377,0.637171745300293,-1.905797004699707,0.08085738122463226,1.2572152614593506,-2.82076358795166,101.64063910607773,75.9566870817122,0.6827249526977539,0.729662299156189,0.8247185349464417,0.8143328428268433,0.6129279732704163,0.4321281313896179,0.366138756275177,0.374105304479599,0.4852813184261322,0.5410276055335999,0.6298768520355225,0.609339714050293,0.04252889333677686,0.07461157441139221,1.0
-252.68838500976562,128.08995056152344,69.70077514648438,55.76195526123047,18.855318069458008,17.39871597290039,7.438286304473877,9.091862678527832,2.856964111328125,7.783426284790039,1.833804965019226,2.5838804244995117,1.628373146057129,3.998176336288452,0.6038896441459656,-2.1713128089904785,-5.969269275665283,-4.88148832321167,-4.622486591339111,-5.0230865478515625,121.70887169829432,80.26014208151612,0.6435691118240356,0.6755967140197754,0.6819497346878052,0.7122876644134521,0.7378459572792053,0.6729115843772888,0.472603440284729,0.42980843782424927,0.4697006046772003,0.5933658480644226,0.6438577175140381,0.6561416983604431,0.03626094304078014,0.07986413687467575,1.0
-276.30035400390625,145.074951171875,77.74784851074219,36.628334045410156,14.476736068725586,10.2199068069458,10.185579299926758,4.469815731048584,1.754960298538208,4.1799468994140625,1.2207509279251099,2.1329891681671143,2.1337244510650635,2.032111167907715,4.45353889465332,1.7578190565109253,1.9154061079025269,-1.2525156736373901,-4.004075050354004,-3.857058525085449,119.32061193694706,86.87412827364372,0.5997107625007629,0.6719658374786377,0.7381429076194763,0.7740780115127563,0.7572559118270874,0.7216088175773621,0.6636888384819031,0.5570287704467773,0.5479152798652649,0.5053455233573914,0.5634855031967163,0.6182952523231506,0.04290871542008197,0.05462867021560669,1.0
-287.3655700683594,141.11865234375,41.542701721191406,41.003963470458984,9.834015846252441,15.4862699508667,0.14690940082073212,5.62376594543457,-0.16562624275684357,5.952978134155273,0.4995972514152527,1.0717321634292603,-0.540043830871582,0.5617190003395081,-0.5481745004653931,1.1341983079910278,0.15401320159435272,0.8449003100395203,0.015339935198426247,-0.22250023484230042,146.30753898960847,115.8971323563719,0.7719480395317078,0.7983794808387756,0.7913088202476501,0.7640227675437927,0.709688663482666,0.6539500951766968,0.5933509469032288,0.6602586507797241,0.6786619424819946,0.7066127061843872,0.7063978910446167,0.7407674789428711,0.04721800748966942,0.026842791587114334,1.0
-416.12677001953125,134.9625244140625,69.16992950439453,38.49981689453125,25.090944290161133,20.44965934753418,17.9842586517334,12.188909530639648,5.874743461608887,-0.08232098072767258,-2.2177085876464844,0.42333462834358215,0.4231945276260376,1.745324730873108,-2.177295684814453,-2.5139150619506836,-2.5188729763031006,-1.565591812133789,-2.2912659645080566,-2.6777706146240234,121.66453273933054,85.8438652600778,0.6711277365684509,0.5183100700378418,0.4415479600429535,0.46205466985702515,0.5744888186454773,0.6916111707687378,0.6366618275642395,0.5537850856781006,0.5927999019622803,0.6482198238372803,0.7700899839401245,0.7634605765342712,0.040491025309917356,0.013218998908996582,1.0
-339.79376220703125,101.64127349853516,42.889591217041016,40.80492401123047,5.527149200439453,16.497501373291016,5.332697868347168,9.136786460876465,4.825592041015625,6.209661960601807,0.4496079087257385,1.059644341468811,-2.394534111022949,-1.1998485326766968,-4.280291557312012,-3.384348154067993,-4.184153079986572,-3.5708813667297363,-3.3882737159729004,-2.799792766571045,197.00029552909194,159.7716332147322,0.5431264042854309,0.6015071272850037,0.6526879668235779,0.6401534080505371,0.6373128294944763,0.6373811960220337,0.6689639687538147,0.7167232632637024,0.7513500452041626,0.7593384981155396,0.6773326396942139,0.5937640070915222,0.05372825243794326,0.009033465757966042,1.0
-282.0678405761719,100.95122528076172,45.15089797973633,13.159671783447266,9.154815673828125,33.01559066772461,10.855600357055664,10.119892120361328,4.399312973022461,8.522480964660645,4.2976908683776855,0.7107273936271667,-3.6621782779693604,2.730999708175659,-0.022258322685956955,2.643545389175415,2.3853695392608643,0.07020945847034454,-2.559891700744629,-2.8648664951324463,199.2725188603455,166.44928321254056,0.5265654921531677,0.5246079564094543,0.5269237756729126,0.5484395623207092,0.5595209002494812,0.6255573034286499,0.7481713891029358,0.7698566317558289,0.6965665221214294,0.6505482792854309,0.6368687748908997,0.5994024872779846,0.05901227678571429,0.01780736818909645,1.0
-240.12774658203125,87.43763732910156,34.85828399658203,56.344886779785156,22.369699478149414,21.35077667236328,9.703269958496094,14.604612350463867,5.364297389984131,10.300437927246094,3.717054605484009,3.328474998474121,4.640421390533447,3.7535417079925537,2.707934856414795,0.1780478060245514,0.8334445953369141,0.753693699836731,0.06988773494958878,-0.003715852042660117,201.24310320162135,153.85604880538983,0.6058047413825989,0.6255516409873962,0.6824798583984375,0.6828985214233398,0.6218361854553223,0.5777013897895813,0.546219527721405,0.5537500381469727,0.5853755474090576,0.607199490070343,0.6723620295524597,0.6479772329330444,0.05087406379132232,0.035546522587537766,1.0
-263.8042297363281,137.19813537597656,72.67108917236328,38.53580093383789,16.776697158813477,14.29826831817627,9.38270092010498,7.719244480133057,7.126709461212158,3.2940499782562256,0.9580951929092407,1.8067229986190796,-6.822729110717773,-1.1525659561157227,-4.804994583129883,-3.1506214141845703,-6.023491859436035,-2.336609363555908,-2.9246082305908203,-5.012755393981934,123.16795021712467,92.34343855146335,0.8243247270584106,0.8643875122070312,0.768709123134613,0.6558996438980103,0.5542405843734741,0.4728219211101532,0.45690298080444336,0.5241168141365051,0.5859206914901733,0.5342571139335632,0.6248847246170044,0.7482016086578369,0.046737797004132234,0.0774211511015892,1.0
-213.58267211914062,175.2963104248047,62.58049392700195,44.53343963623047,20.68944549560547,18.403156280517578,5.016031265258789,7.706943035125732,4.103693008422852,4.01710319519043,-1.338861107826233,1.411758542060852,-1.7391551733016968,-1.4100382328033447,-2.824359655380249,-2.888939619064331,-2.3038721084594727,-1.840218186378479,-2.805490255355835,-1.7134114503860474,94.62199779799215,76.71187827651096,0.6774464845657349,0.7195817828178406,0.7673819661140442,0.76819908618927,0.7458539605140686,0.7245995998382568,0.6437391638755798,0.4862770438194275,0.3797973096370697,0.3988986611366272,0.497524231672287,0.588935375213623,0.04159672004132232,0.16891427338123322,1.0
-333.35504150390625,114.0188217163086,78.65669250488281,53.370758056640625,29.861547470092773,24.79360580444336,11.445829391479492,13.079182624816895,5.319897651672363,7.6173858642578125,1.8470304012298584,3.500577688217163,0.2823454439640045,0.8145378828048706,0.10030212998390198,-2.7439327239990234,-0.9687211513519287,-2.360474109649658,-1.9445139169692993,-2.6024434566497803,128.3472677763841,78.5336538526958,0.45470130443573,0.38407453894615173,0.3591439127922058,0.37430521845817566,0.39203059673309326,0.5385051965713501,0.7226788997650146,0.7802960276603699,0.8379774689674377,0.7797865867614746,0.624248206615448,0.5111284852027893,0.03053264853395062,0.03465563431382179,1.0
-306.1261901855469,135.38685607910156,97.91487884521484,36.21841812133789,8.722345352172852,19.039915084838867,5.340478897094727,6.401933193206787,-2.406421184539795,7.6086907386779785,-3.2828640937805176,-5.848658561706543,-12.264399528503418,-5.534339427947998,-5.643192768096924,-5.120106220245361,-2.223038911819458,-4.055304050445557,-4.309587478637695,-4.605898380279541,114.43890337904271,88.39536057238034,0.6447931528091431,0.7181596755981445,0.7928485870361328,0.743492066860199,0.5789427757263184,0.43265774846076965,0.38355445861816406,0.4169473350048065,0.4904317259788513,0.5834757089614868,0.6035783886909485,0.5956700444221497,0.05160651408450704,0.045760732144117355,1.0
-211.37229919433594,144.17385864257812,50.78921127319336,55.08149337768555,21.57867431640625,20.9121036529541,3.739051103591919,6.400443077087402,2.74513578414917,6.3735032081604,1.5914419889450073,2.5523605346679688,-1.6894941329956055,3.0753488540649414,-1.5224789381027222,-1.992843747138977,-1.961451530456543,-1.8865379095077515,-1.144242286682129,-0.5090950131416321,129.99152744732305,97.39092180598146,0.6747915148735046,0.8232552409172058,0.8749716281890869,0.8121206760406494,0.7298458218574524,0.6518989205360413,0.5515536069869995,0.5018271803855896,0.431143194437027,0.4190174639225006,0.44907161593437195,0.5429751873016357,0.038170680526859506,0.09347027540206909,1.0
-366.81524658203125,131.86463928222656,55.65685272216797,29.982656478881836,21.164228439331055,25.153594970703125,12.802350997924805,11.11854076385498,4.593758583068848,4.018235683441162,2.2393877506256104,2.2156949043273926,0.2840268015861511,-1.5698033571243286,-2.2523622512817383,0.9728014469146729,2.6644768714904785,-0.20612375438213348,-2.935415029525757,-4.729738712310791,138.93859216903905,95.78903049795933,0.8209084272384644,0.87293541431427,0.7517418265342712,0.6702999472618103,0.5674288272857666,0.5048061609268188,0.5150583386421204,0.5302132368087769,0.5651296377182007,0.5882787704467773,0.6039000749588013,0.7421615719795227,0.04531731404049296,0.017056766897439957,1.0
-419.7652587890625,85.88092803955078,42.55036926269531,27.688385009765625,20.837709426879883,16.60659408569336,11.819782257080078,11.867952346801758,7.459907054901123,6.964634418487549,4.29692268371582,4.759377956390381,2.382575273513794,2.485827684402466,0.9579406976699829,0.7612735033035278,1.2186285257339478,0.5550330281257629,-0.43556660413742065,-0.7061821222305298,214.0321739898447,151.01978801399355,0.6223942637443542,0.6255284547805786,0.6094101667404175,0.5906113982200623,0.5914171934127808,0.5553856492042542,0.562630832195282,0.5865975618362427,0.6326568126678467,0.6769921779632568,0.7428191900253296,0.6951418519020081,0.04341866629464286,0.004162621684372425,1.0
-361.5271911621094,130.79063415527344,71.64310455322266,36.9056396484375,28.109603881835938,24.215473175048828,15.922224998474121,16.94573211669922,11.287128448486328,8.558198928833008,2.457338333129883,1.1264402866363525,0.7808395028114319,3.6728904247283936,1.4493868350982666,1.7931572198867798,-1.6510330438613892,0.026262715458869934,-2.1278059482574463,-1.0441842079162598,117.85056816872681,71.39179825719054,0.5183565616607666,0.4652073085308075,0.4597034454345703,0.49255868792533875,0.5342438817024231,0.5953596234321594,0.6317875981330872,0.6648427844047546,0.6666207909584045,0.5857487916946411,0.5535385012626648,0.5573334097862244,0.03311655031028369,0.028681045398116112,1.0
-339.6385192871094,104.01820373535156,54.167388916015625,38.62454605102539,18.132965087890625,14.418587684631348,6.385706424713135,7.291981220245361,-0.19890214502811432,-0.20228487253189087,-4.168981075286865,-4.194782257080078,-4.424221038818359,-2.429034948348999,-1.3467620611190796,-2.1707606315612793,-2.298243522644043,-3.207482099533081,-3.7434728145599365,-3.626249074935913,183.5530668226876,139.26398992576142,0.7552502751350403,0.7167174220085144,0.716118335723877,0.6945593953132629,0.6482223868370056,0.6489680409431458,0.6591518521308899,0.6240062117576599,0.6105599999427795,0.6256560683250427,0.6740565896034241,0.7592668533325195,0.05697544642857143,0.011491204611957073,1.0
-181.27301025390625,138.60670471191406,63.59489440917969,45.17566680908203,19.23738670349121,18.9317569732666,5.564752101898193,5.932277202606201,1.7343997955322266,6.402960300445557,1.4079564809799194,2.5081019401550293,-1.2250864505767822,0.21015922725200653,-1.412035584449768,0.2835017740726471,0.9587019681930542,-0.5109460949897766,-0.546288251876831,-0.6650868654251099,129.50695062704466,90.85505450998399,0.5293563604354858,0.4057232141494751,0.4053203761577606,0.4954794943332672,0.6536115407943726,0.7322874665260315,0.7419191598892212,0.7708679437637329,0.8000398874282837,0.8536558151245117,0.769670307636261,0.6594438552856445,0.03827963584710744,0.16768448054790497,1.0
-367.62896728515625,122.3095703125,75.17314910888672,33.50916290283203,23.98546028137207,19.06840705871582,9.028611183166504,11.39047622680664,5.6206536293029785,9.938786506652832,5.157371997833252,7.248568058013916,4.155963897705078,3.720076322555542,1.1410415172576904,1.4140905141830444,-0.5401938557624817,-1.0428298711776733,-1.3881123065948486,-2.7036328315734863,133.03270298723453,83.38100760568486,0.6564710140228271,0.6070983409881592,0.5958131551742554,0.561464786529541,0.5468969941139221,0.4634830951690674,0.45836567878723145,0.5236263275146484,0.5698329210281372,0.582168698310852,0.6131188273429871,0.6628985404968262,0.03296944754464286,0.020825859159231186,1.0
-257.86138916015625,141.63168334960938,41.798553466796875,42.453086853027344,7.1599016189575195,17.399084091186523,2.558427095413208,7.769267559051514,-1.3886545896530151,4.332930088043213,1.5169354677200317,6.5103583335876465,3.7803516387939453,1.9004460573196411,-1.4537100791931152,-2.025813341140747,-1.7064380645751953,1.5840301513671875,1.3071215152740479,1.0181081295013428,145.17520405464057,113.6737235038168,0.6243160367012024,0.6958043575286865,0.7800496816635132,0.841167688369751,0.7609044909477234,0.6714773178100586,0.6513424515724182,0.6033368110656738,0.6669018268585205,0.6453602910041809,0.6176620125770569,0.6328663229942322,0.04681896772540984,0.03760536015033722,1.0
-318.0577697753906,119.26485443115234,67.8862533569336,52.55314636230469,20.520706176757812,22.685468673706055,9.96776294708252,10.854082107543945,6.23807430267334,7.135892391204834,2.763253688812256,2.7956390380859375,0.778704822063446,1.505799412727356,-0.3849443793296814,0.1397571712732315,-0.3658785820007324,-1.4705575704574585,-2.085838556289673,-1.7269855737686157,139.5047205166894,87.78811481309346,0.5795928835868835,0.6130862236022949,0.6261633634567261,0.5628264546394348,0.557374894618988,0.6411943435668945,0.6882516741752625,0.7064741253852844,0.7613318562507629,0.6773282289505005,0.6626648306846619,0.5844888687133789,0.03573521205357143,0.03408516198396683,1.0
-226.77658081054688,128.36297607421875,64.0684585571289,29.794755935668945,18.355335235595703,14.947420120239258,-0.7584803700447083,7.2970967292785645,-5.422831058502197,-5.641964435577393,-4.952831745147705,3.7272157669067383,0.35985150933265686,-2.383239269256592,-6.3716325759887695,-5.591094493865967,-4.414928913116455,-3.5446910858154297,-3.240795612335205,-1.1234130859375,151.93993492222683,121.77498659604271,0.9300997853279114,0.8882309794425964,0.7822908759117126,0.6498939990997314,0.5797802805900574,0.5797930359840393,0.5741095542907715,0.5473782420158386,0.5336467623710632,0.5871545076370239,0.7547814249992371,0.853753924369812,0.04613913952464789,0.049056798219680786,1.0
-278.3324890136719,104.01058197021484,81.36176300048828,27.715587615966797,13.869954109191895,6.718926429748535,1.323265552520752,4.431040287017822,0.9127362966537476,-2.3748953342437744,1.1489397287368774,3.090052366256714,-6.066423416137695,3.758118152618408,0.8864486813545227,-0.8714809417724609,-2.168473482131958,0.6892516613006592,0.780368447303772,-2.359402656555176,180.93992217556405,132.18069177216043,0.6801369190216064,0.6944763660430908,0.6988522410392761,0.7086799740791321,0.675048828125,0.6484857201576233,0.6635364294052124,0.6716951727867126,0.6673280000686646,0.6668338179588318,0.694046676158905,0.741527259349823,0.06051839192708333,0.021404599770903587,1.0
-364.3413391113281,135.63079833984375,74.6336898803711,49.82588195800781,23.077754974365234,22.950448989868164,6.723458290100098,11.969884872436523,1.7873432636260986,4.163443565368652,0.06304950267076492,2.365305185317993,0.15483452379703522,1.005972146987915,1.509153127670288,0.84526127576828,1.615024209022522,1.3417247533798218,-0.2396489530801773,-2.170966386795044,114.0103912337867,77.15941434222057,0.6192403435707092,0.703837513923645,0.7559666037559509,0.782394528388977,0.6261765360832214,0.4149128198623657,0.33940523862838745,0.3951226472854614,0.45837220549583435,0.548971951007843,0.5138469338417053,0.5623073577880859,0.03535568882042254,0.028370101004838943,1.0
-362.20428466796875,140.29071044921875,96.31775665283203,41.40869140625,29.286861419677734,10.421060562133789,13.623309135437012,5.160969257354736,4.447293281555176,-1.267181634902954,-1.722546100616455,0.6750888228416443,-2.413482189178467,0.41116607189178467,-2.6467652320861816,2.0916688442230225,2.0270018577575684,1.362841248512268,2.0339043140411377,-1.2106378078460693,106.38399587445136,73.83523306725395,0.7630595564842224,0.796290934085846,0.7596905827522278,0.6823297739028931,0.6302274465560913,0.5612574219703674,0.5143678188323975,0.4899754524230957,0.5243892073631287,0.6081678867340088,0.6656357645988464,0.7295158505439758,0.03331705729166667,0.03413713723421097,1.0
-236.0810546875,125.7216567993164,72.18265533447266,37.556785583496094,22.502090454101562,18.329683303833008,8.805014610290527,7.898141860961914,1.4206385612487793,2.9653687477111816,0.597793698310852,-1.9466863870620728,-5.086091041564941,-2.2049288749694824,-3.5676140785217285,-2.9144067764282227,-4.940700531005859,-5.055237293243408,-3.8039848804473877,-4.367733955383301,131.4026563903051,94.14432106835501,0.4290160834789276,0.36732247471809387,0.4058690667152405,0.4167895019054413,0.5111156105995178,0.6868162155151367,0.7931346297264099,0.8641453981399536,0.8661516308784485,0.8468582630157471,0.796232283115387,0.6234625577926636,0.04350105660860656,0.1030539944767952,1.0
-397.3033447265625,136.6229705810547,78.80998229980469,50.209197998046875,31.91171646118164,16.251461029052734,9.493243217468262,5.904648780822754,2.3694403171539307,5.389354705810547,4.985828876495361,5.258057594299316,1.1108174324035645,0.15952150523662567,1.2096182107925415,-1.5916516780853271,-0.4832724630832672,-2.3803365230560303,-0.4898911416530609,-2.382575511932373,102.6289373048768,67.06466182120865,0.7776992321014404,0.8249576091766357,0.7214586138725281,0.5487417578697205,0.4190686047077179,0.35678455233573914,0.3705403506755829,0.43409934639930725,0.5928574800491333,0.7133978605270386,0.7778158187866211,0.7512766718864441,0.03541229992378049,0.025507589802145958,1.0
-360.0836181640625,151.88185119628906,54.349517822265625,37.66966247558594,16.19691276550293,14.369645118713379,7.3705830574035645,11.819960594177246,8.35792064666748,6.8050336837768555,4.271770477294922,3.419102907180786,1.7049753665924072,2.0748958587646484,0.5822706818580627,0.930345892906189,1.5991641283035278,0.9589217305183411,-1.1254229545593262,-2.3003461360931396,123.23688504991935,85.8711351562031,0.6402570605278015,0.6443196535110474,0.6273555755615234,0.6208487153053284,0.612730860710144,0.6324077248573303,0.6400622129440308,0.6687062978744507,0.7052054405212402,0.6718656420707703,0.6245980858802795,0.6220220923423767,0.035208194813829786,0.02031296119093895,1.0
-347.2464599609375,113.09248352050781,87.21688079833984,51.352294921875,34.34891128540039,24.65953254699707,15.042059898376465,14.11264705657959,8.480100631713867,8.167475700378418,4.542422771453857,0.47265368700027466,-0.12049590796232224,-2.1621367931365967,-2.1759438514709473,-3.415273666381836,-3.3905744552612305,-3.5403029918670654,-5.135430812835693,-3.213224411010742,112.90338062828503,67.04823123215242,0.7047271728515625,0.6815958023071289,0.7290781140327454,0.7600056529045105,0.7789806127548218,0.7869030833244324,0.7700150012969971,0.6878805160522461,0.6841436624526978,0.6713592410087585,0.6865021586418152,0.6810001134872437,0.032589285714285716,0.04894100874662399,1.0
-332.9389343261719,130.1717987060547,97.91294860839844,31.03314208984375,15.995007514953613,9.932580947875977,7.153773307800293,4.81719446182251,-5.483800888061523,-3.2369461059570312,-7.115191459655762,-2.4098289012908936,-2.8092517852783203,2.0285606384277344,1.467692255973816,0.2542561888694763,3.2361247539520264,-1.8808995485305786,-1.7362229824066162,-3.9339041709899902,130.39662128618963,97.96520023868734,0.6840064525604248,0.75721275806427,0.8392025828361511,0.8953224420547485,0.7731512188911438,0.6647886633872986,0.744452953338623,0.7648004293441772,0.6353915333747864,0.5591410398483276,0.5517193675041199,0.6116002202033997,0.04529668243838028,0.023325590416789055,1.0
-334.8519592285156,118.19147491455078,83.93128204345703,46.135528564453125,27.841829299926758,26.83041763305664,9.435386657714844,12.388623237609863,5.365795135498047,4.216497898101807,0.5662466287612915,3.493704319000244,-2.727832078933716,-1.32611083984375,-2.3805489540100098,-1.2667114734649658,-2.916449785232544,-0.25403815507888794,-3.7011923789978027,-2.7608730792999268,120.61276427156996,75.9636979874384,0.5841748118400574,0.48443999886512756,0.5417287945747375,0.5426660180091858,0.5134501457214355,0.5442038774490356,0.6259526014328003,0.7141852378845215,0.7274866700172424,0.7832229733467102,0.7629845142364502,0.6826339960098267,0.03981983418367347,0.0385795459151268,1.0
-331.0994567871094,116.96001434326172,86.55842590332031,35.295082092285156,10.652695655822754,12.514513969421387,5.121314525604248,4.308767318725586,3.0920186042785645,6.355339050292969,-1.9209699630737305,2.998332977294922,-0.0907914862036705,4.259320259094238,-1.9738839864730835,-2.026289224624634,-0.12510079145431519,0.608361542224884,1.520459771156311,-5.328517913818359,151.87504741881233,104.96967318232764,0.7347040176391602,0.8082164525985718,0.8112155199050903,0.7719378471374512,0.6868544816970825,0.6223060488700867,0.5613794326782227,0.5505478382110596,0.5909743905067444,0.6423121690750122,0.6909360885620117,0.7143638134002686,0.047276088169642856,0.020286470651626587,1.0
-230.5120849609375,139.05300903320312,73.64432525634766,51.69049835205078,5.637171745300293,9.081040382385254,-2.5740773677825928,11.861526489257812,3.064835786819458,2.859001874923706,-1.1660460233688354,1.356380820274353,1.9888842105865479,1.8980331420898438,-1.7878189086914062,-4.212403297424316,-3.7394161224365234,-2.800067663192749,-1.0064544677734375,-2.5705902576446533,126.16662569001274,93.08598679938181,0.8260300755500793,0.7955805063247681,0.7382886409759521,0.7205506563186646,0.7169415354728699,0.6899780035018921,0.6704273223876953,0.6559140086174011,0.6970807909965515,0.7794179916381836,0.8268018960952759,0.8348932266235352,0.03662109375,0.06924096494913101,1.0
-389.1573181152344,143.7678985595703,77.4104995727539,47.91217803955078,31.304584503173828,13.848227500915527,11.74606704711914,5.821146488189697,3.511892557144165,0.10528255999088287,0.17420358955860138,2.1426289081573486,3.7693052291870117,2.2994160652160645,1.4857637882232666,0.6625017523765564,0.2576794922351837,2.34136700630188,-4.788504600524902,0.710076630115509,104.81175076817496,73.1189424359163,0.6811580061912537,0.7352104783058167,0.8180317282676697,0.8298770785331726,0.7602825164794922,0.6939557790756226,0.5647476315498352,0.4678856134414673,0.40972140431404114,0.42349159717559814,0.4538322687149048,0.5469194650650024,0.031412760416666664,0.024085188284516335,1.0
-258.3276062011719,124.61405944824219,79.85137939453125,44.809181213378906,19.958606719970703,22.493061065673828,10.073341369628906,8.270822525024414,5.904500484466553,4.576765537261963,-0.5395615100860596,1.50594162940979,-0.8472376465797424,2.6516387462615967,0.4039902985095978,1.51595139503479,0.7209610342979431,2.097801685333252,-1.0416159629821777,0.605056643486023,130.58759772693344,88.46098213319333,0.49955880641937256,0.5241972804069519,0.6191200017929077,0.7352046966552734,0.7524653673171997,0.6410540342330933,0.5972052812576294,0.5926346778869629,0.6486018896102905,0.6260278224945068,0.5584228038787842,0.5154262185096741,0.03611667097107438,0.08282113820314407,1.0
